-0.199853,-0.196092,-0.192332,-0.188571,-0.18481,-0.18105,-0.177289,-0.173528,-0.169768,-0.166007,-0.162246,-0.158485,-0.154725,-0.150964,-0.147203,-0.143443,-0.139682,-0.135921,-0.132161,-0.1284,-0.124639,-0.120879,-0.117118,-0.113357,-0.109597,-0.105836,-0.102075,-0.098315016,-0.094554336,-0.090793648,-0.087032968,-0.08327228,-0.0795116,-0.07575092,-0.071990232,-0.068229552,-0.06446886,-0.06070818,-0.056947496,-0.053186812,-0.049426128,-0.045665448,-0.041904764,-0.03814408,-0.034383392,-0.03062271,-0.026862028,-0.023101342,-0.019340658,-0.015579975,-0.011819292,-0.008058607,-0.004297924,-0.00053724,0.003223443,0.006984127,0.01074481,0.014505494,0.018266178,0.022026862,0.025787546,0.02954823,0.033308912,0.037069596,0.04083028,0.044590964,0.048351648,0.052112328,0.055873016,0.0596337,0.063394384,0.067155064,0.070915752,0.074676432,0.07843712,0.0821978,0.08595848,0.089719168,0.093479848,0.097240536,0.101001,0.104761,0.108522,0.112283,0.116043,0.119804,0.123565,0.127326,0.131086,0.134847,0.138608,0.142368,0.146129,0.14989,0.15365,0.157411,0.161172,0.164932,0.168693,0.172454,0.176214,0.179975,0.183736,0.187496,0.191257,0.195018,0.198778,0.202539,0.2063,0.210061,0.213821,0.217582,0.221343,0.225103,0.228864,0.232625,0.236385,0.240146,0.243907,0.247667,0.251428,0.255189,0.258949,0.26271,0.266471,0.270231,0.273992,0.277753,0.281514,0.285274,0.289035,0.292796,0.296556,0.300317,0.304078,0.307838,0.311599,0.31536,0.31912,0.322881,0.326642,0.330402,0.334163,0.337924,0.341684,0.345445,0.349206,0.352967,0.356727,0.360488,0.364249,0.368009,0.37177,0.375531,0.379291,0.383052,0.386813,0.390573,0.394334,0.398095,0.401855,0.405616,0.409377,0.413137,0.416898,0.420659,0.42442,0.42818,0.431941,0.435702,0.439462,0.443223,0.446984,0.450744,0.454505,0.458266,0.462026,0.465787,0.469548,0.473308,0.477069,0.48083,0.48459,0.488351,0.492112,0.495872,0.499633,0.503394,0.507155,0.510915,0.514676,0.518437,0.522197,0.525958,0.529719,0.533479,0.53724,0.541001,0.544761,0.548522,0.552283,0.556043,0.559804,0.563565,0.567326,0.571086,0.574847,0.578608,0.582368,0.586129,0.58989,0.59365,0.597411,0.601172,0.604932,0.608693,0.612454,0.616214,0.619975,0.623736,0.627496,0.631257,0.635018,0.638778,0.642539,0.6463,0.650061,0.653821,0.657582,0.661343,0.665103,0.668864,0.672625,0.676385,0.680146,0.683907,0.687667,0.691428,0.695189,0.698949,0.70271,0.706471,0.710231,0.713992,0.717753,0.721514,0.725274,0.729035,0.732796,0.736556,0.740317,0.744078,0.747838,0.751599,0.75536,0.75912,0.762881,0.766642,0.770402,0.774163,0.777924,0.781684,0.785445,0.789206,0.792967,0.796727,0.800488,0.804249,0.808009,0.81177,0.815531,0.819291,0.823052,0.826813,0.830573,0.834334,0.838095,0.841855,0.845616,0.849377,0.853137,0.856898,0.860659,0.864419,0.86818,0.871941,0.875702,0.879462,0.883223,0.886984,0.890744,0.894505,0.898266,0.902026,0.905787,0.909548,0.913308,0.917069,0.92083,0.92459,0.928351,0.932112,0.935872,0.939633,0.943394,0.947155,0.950915,0.954676,0.958437,0.962197,0.965958,0.969719,0.973479,0.97724,0.981001,0.984761,0.988522,0.992283,0.996043,0.999804,,THC,CBD,CBDa,THCa
0.207811,0.202561,0.193811,0.185936,0.178717,0.170842,0.167561,0.163624,0.160124,0.156186,0.153343,0.148749,0.146124,0.143827,0.141093,0.13978,0.137921,0.13628,0.13453,0.134421,0.131796,0.13103,0.128952,0.129061,0.128733,0.128843,0.128077,0.127858,0.128843,0.127749,0.128296,0.12753,0.127968,0.128952,0.129608,0.130374,0.131686,0.13278,0.133546,0.133983,0.135952,0.137702,0.139233,0.141968,0.143171,0.146343,0.149077,0.151811,0.154655,0.158483,0.162858,0.16778,0.172483,0.177952,0.184186,0.190421,0.197311,0.204967,0.212405,0.225967,0.232858,0.245327,0.258561,0.272014,0.285467,0.301108,0.317514,0.336436,0.356014,0.376576,0.398888,0.422295,0.446685,0.471513,0.497107,0.524122,0.552013,0.58045,0.60845,0.637215,0.665981,0.693215,0.720559,0.747246,0.773058,0.798215,0.822715,0.846777,0.870621,0.893589,0.91612,0.939089,0.962276,0.987433,1.013682,1.042776,1.076245,1.112994,1.153026,1.196994,1.243806,1.293681,1.345744,1.399556,1.452056,1.502805,1.548305,1.58768,1.61743,1.63668,1.64368,1.641492,1.62618,1.599492,1.56493,1.522493,1.472618,1.415743,1.355806,1.293244,1.228931,1.165057,1.101182,1.043432,0.98787,0.933183,0.883308,0.835621,0.792308,0.752059,0.714871,0.682059,0.653621,0.625622,0.602872,0.580559,0.562622,0.54556,0.530247,0.517122,0.504872,0.494372,0.486497,0.47731,0.469435,0.463748,0.457185,0.452373,0.445373,0.441435,0.438373,0.43531,0.432685,0.429185,0.428748,0.425685,0.42481,0.423498,0.423498,0.42481,0.423935,0.42481,0.426998,0.429185,0.431373,0.433997,0.436185,0.439248,0.443623,0.44756,0.451498,0.45631,0.462435,0.467685,0.47206,0.478185,0.484747,0.490872,0.496997,0.504435,0.511435,0.519747,0.52631,0.533747,0.541185,0.549059,0.557372,0.56306,0.570059,0.577059,0.587559,0.588434,0.593684,0.597622,0.601559,0.603309,0.605934,0.607247,0.608559,0.609434,0.608559,0.606809,0.603747,0.600684,0.597622,0.593684,0.591059,0.587997,0.584059,0.579247,0.576622,0.572684,0.569622,0.566122,0.563497,0.562185,0.560872,0.559122,0.559997,0.55956,0.559997,0.56131,0.563497,0.56656,0.571809,0.57706,0.582747,0.590622,0.599372,0.608122,0.618622,0.632184,0.647934,0.664997,0.683372,0.705246,0.727559,0.754684,0.781371,0.812433,0.846996,0.883746,0.92487,0.96862,1.014557,1.06312,1.113869,1.167682,1.222807,1.278369,1.335681,1.394306,1.449868,1.505868,1.559242,1.610867,1.658117,1.701867,1.742992,1.780617,1.818241,1.850616,1.882991,1.914491,1.944241,1.975741,2.006365,2.039616,2.07724,2.11749,2.16299,2.214615,2.27149,2.331864,2.399239,2.474488,2.555863,2.644238,2.743112,2.847237,2.960987,3.080861,3.214735,3.351235,3.500859,3.660983,3.832482,4.009231,4.198231,4.39773,4.609479,4.826478,5.057477,5.298976,5.552725,5.815224,6.088222,6.373471,6.67097,6.977218,7.288717,7.615965,7.950214,8.298462,8.655462,9.015959,9.386958,9.771956,10.156954,10.548952,10.94445,11.346949,11.756448,12.165945,12.578944,13.002442,13.425939,13.845937,14.272935,14.692933,,5.0,5.0,0.0,0.0
0.199936,0.197749,0.185936,0.180686,0.174124,0.166686,0.162093,0.15903,0.152686,0.147218,0.14503,0.142077,0.139452,0.136936,0.134093,0.133546,0.13103,0.130483,0.129061,0.126546,0.12578,0.12403,0.123483,0.122718,0.122936,0.122061,0.121186,0.120968,0.120995,0.12097475,0.120968,0.120968,0.121542,0.121952,0.12228,0.122936,0.123702,0.124358,0.125343,0.126327,0.127311,0.128515,0.130593,0.132015,0.133765,0.136061,0.138796,0.140983,0.143499,0.146561,0.150171,0.154327,0.158811,0.163733,0.168764,0.173686,0.179702,0.186155,0.193155,0.201686,0.210545,0.219952,0.230998,0.242592,0.254733,0.268186,0.282842,0.29892,0.315873,0.334904,0.35492,0.376685,0.399435,0.423279,0.448435,0.474794,0.502357,0.530794,0.560544,0.590841,0.621903,0.653075,0.683809,0.714653,0.745277,0.776121,0.80609,0.836715,0.866464,0.895558,0.923558,0.951777,0.98087,1.01062,1.040807,1.074713,1.111901,1.151276,1.193713,1.2414,1.291931,1.345306,1.403056,1.462556,1.52293,1.581555,1.637117,1.685679,1.725054,1.753929,1.769242,1.772741,1.763117,1.741242,1.708429,1.665117,1.613492,1.55443,1.488805,1.420556,1.350119,1.278806,1.208807,1.143182,1.08062,1.02112,0.963808,0.911308,0.861871,0.817246,0.775246,0.738496,0.705684,0.676371,0.648809,0.625184,0.603309,0.584497,0.566122,0.55081,0.535935,0.52456,0.51406,0.503997,0.49481,0.487372,0.480372,0.473372,0.467247,0.46156,0.456747,0.452372,0.449748,0.44581,0.441872,0.43881,0.437935,0.434873,0.433998,0.433122,0.433123,0.433997,0.434873,0.43531,0.436623,0.440122,0.441435,0.443622,0.44756,0.450622,0.454997,0.458935,0.464185,0.469872,0.47381,0.478622,0.485185,0.489997,0.496997,0.50356,0.510997,0.517997,0.524997,0.530685,0.537685,0.544685,0.551247,0.55781,0.564372,0.571372,0.576622,0.582309,0.587559,0.591497,0.594997,0.598059,0.601122,0.603309,0.605934,0.605934,0.605059,0.604184,0.602434,0.600247,0.597622,0.593684,0.592372,0.588434,0.585809,0.582309,0.578809,0.574872,0.573122,0.570497,0.567872,0.56656,0.564809,0.565247,0.565247,0.56656,0.565684,0.56831,0.569185,0.571372,0.57706,0.580997,0.587559,0.593247,0.601122,0.610747,0.620809,0.632184,0.644872,0.662372,0.680309,0.698246,0.719684,0.741996,0.767809,0.796684,0.825121,0.858808,0.896433,0.934933,0.977808,1.021995,1.07012,1.120432,1.172057,1.226744,1.282306,1.340056,1.398243,1.454243,1.511118,1.565367,1.616117,1.665992,1.710617,1.754367,1.793741,1.832241,1.867241,1.899616,1.931991,1.96174,1.992366,2.025615,2.05974,2.09649,2.13849,2.183115,2.232115,2.284615,2.343239,2.407989,2.477989,2.552363,2.637238,2.730862,2.827987,2.932111,3.045861,3.167485,3.298735,3.432609,3.579609,3.736232,3.900732,4.073981,4.255981,4.44673,4.64798,4.854478,5.073227,5.302476,5.538725,5.785473,6.040972,6.313972,6.58347,6.866969,7.166217,7.467216,7.782216,8.102464,8.438462,8.788462,9.13846,9.484957,9.855955,10.226954,10.601453,10.97945,11.36795,11.759947,12.151945,12.540443,12.935942,13.34544,,5.0,5.0,0.0,0.0
0.233623,0.223124,0.214811,0.205186,0.196874,0.189436,0.184405,0.17828,0.172155,0.167561,0.164499,0.159139,0.156514,0.153889,0.150936,0.14853,0.147108,0.145358,0.143936,0.141421,0.13978,0.138249,0.138249,0.13723725,0.136608,0.135843,0.136608,0.135952,0.135515,0.135186,0.135733,0.135952,0.136936,0.137593,0.138468,0.140108,0.14153,0.142624,0.144046,0.145249,0.147655,0.150171,0.152468,0.155968,0.159358,0.161983,0.165483,0.168983,0.173249,0.178827,0.184186,0.190421,0.196874,0.205077,0.212295,0.221045,0.23078,0.240952,0.252327,0.265014,0.278795,0.293889,0.310295,0.327467,0.34617,0.366295,0.387623,0.410591,0.434982,0.460794,0.488685,0.516466,0.544685,0.575856,0.605716,0.636559,0.666528,0.696715,0.726903,0.757309,0.785309,0.811777,0.836496,0.859902,0.881558,0.901245,0.920495,0.939308,0.957026,0.974089,0.990495,1.009089,1.028995,1.051307,1.076901,1.107745,1.145151,1.186713,1.233307,1.286244,1.343556,1.405681,1.469118,1.534305,1.59643,1.656805,1.707992,1.749554,1.778429,1.793304,1.795929,1.774929,1.754804,1.710179,1.66468,1.606492,1.543055,1.474805,1.401743,1.327806,1.253431,1.181244,1.112994,1.047807,0.98787,0.93012,0.877621,0.828621,0.783121,0.741121,0.703934,0.669372,0.640497,0.614247,0.590184,0.569184,0.549935,0.531997,0.516685,0.503997,0.490872,0.481685,0.472935,0.46506,0.458498,0.45106,0.444935,0.439685,0.434872,0.430498,0.426998,0.424373,0.422623,0.420435,0.418685,0.418248,0.41835725,0.418248,0.418248,0.41956,0.42131,0.423935,0.426123,0.429185,0.433123,0.43706,0.441435,0.444935,0.449748,0.45631,0.46156,0.46681,0.474685,0.479935,0.487372,0.494372,0.500935,0.507935,0.516247,0.524997,0.532872,0.539872,0.546872,0.555622,0.562185,0.568747,0.575747,0.582747,0.588872,0.594122,0.597622,0.601997,0.605059,0.607247,0.608559,0.608559,0.608997,0.608559,0.606809,0.604622,0.601997,0.598497,0.593247,0.588872,0.583622,0.580122,0.577497,0.572247,0.567434,0.563934,0.560872,0.558247,0.553434,0.551685,0.551247,0.551247,0.55146575,0.551247,0.552122,0.553872,0.556935,0.559122,0.56481,0.570935,0.580559,0.58756,0.598497,0.609872,0.623872,0.638309,0.654934,0.676372,0.698246,0.723621,0.751621,0.782684,0.816808,0.853558,0.89512,0.937995,0.985683,1.036432,1.09112,1.149307,1.210557,1.273994,1.338744,1.403056,1.468681,1.53343,1.595555,1.657242,1.714992,1.768366,1.814741,1.858491,1.892616,1.923241,1.949491,1.971366,1.990615,2.007241,2.023865,2.04049,2.057115,2.07724,2.097365,2.12274,2.155115,2.19449,2.239115,2.289864,2.349364,2.414114,2.485863,2.566363,2.658238,2.754487,2.861237,2.976737,3.104486,3.235735,3.37836,3.530609,3.692483,3.865732,4.051231,4.243731,4.450229,4.665479,4.891227,5.127477,5.374225,5.633224,5.902723,6.184472,6.48022,6.78122,7.092717,7.419967,7.748965,8.095464,8.455962,8.819961,9.197959,9.579456,9.971456,10.370454,10.783452,11.196449,11.616448,12.036445,12.470443,12.904442,13.345441,13.786438,14.234436,14.675434,15.126932,15.574931,,5.0,5.0,0.0,0.0
0.228811,0.220499,0.209124,0.198624,0.194686,0.188124,0.180249,0.173686,0.170405,0.166686,0.160999,0.15728,0.154546,0.15203,0.148639,0.148093,0.145905,0.143499,0.141968,0.140655,0.137483,0.137046,0.136718,0.136499,0.135733,0.136608,0.134749,0.134858,0.13502225,0.135186,0.135296,0.135515,0.136718,0.136718,0.137593,0.139671,0.140765,0.141968,0.143499,0.145139,0.146889,0.149514,0.152249,0.155093,0.158046,0.161655,0.164718,0.169092,0.173686,0.178608,0.183967,0.189983,0.197092,0.203983,0.212405,0.220936,0.230233,0.240295,0.251233,0.263701,0.277155,0.291811,0.307342,0.324186,0.342342,0.361592,0.382154,0.403482,0.426998,0.451716,0.477419,0.504107,0.530794,0.558247,0.586356,0.613919,0.642028,0.670465,0.698246,0.725153,0.750965,0.775902,0.800183,0.822277,0.843714,0.864277,0.884621,0.90562,0.925745,0.946089,0.967526,0.990495,1.014776,1.042995,1.074932,1.112776,1.155432,1.203338,1.256932,1.316869,1.380743,1.448555,1.51943,1.590305,1.658117,1.721992,1.778867,1.824804,1.857179,1.874679,1.876429,1.863741,1.836179,1.795054,1.743867,1.685679,1.618742,1.54568,1.469118,1.391681,1.314244,1.237244,1.163307,1.095057,1.03162,0.971683,0.914808,0.862746,0.815058,0.770434,0.731496,0.696059,0.665872,0.637434,0.611622,0.590184,0.569184,0.551247,0.534622,0.520185,0.506622,0.497435,0.48781,0.479497,0.471185,0.46506,0.45806,0.452372,0.447123,0.44231,0.437497,0.43531,0.432685,0.430935,0.42831,0.42656,0.426123,0.425248,0.42481,0.42481,0.42656,0.429185,0.430935,0.433123,0.436623,0.439248,0.442747,0.44581,0.450623,0.45631,0.461122,0.46681,0.472497,0.478622,0.48431,0.490872,0.496997,0.504435,0.511872,0.518872,0.527622,0.534622,0.541185,0.548622,0.555185,0.560872,0.567435,0.573559,0.580559,0.585372,0.588872,0.593247,0.594997,0.598497,0.600247,0.599372,0.600247,0.600247,0.599372,0.598934,0.596747,0.593247,0.589747,0.586684,0.58231,0.578372,0.576622,0.571809,0.57006,0.567434,0.563934,0.560872,0.55956,0.557372,0.557372,0.556934,0.557372,0.557809,0.559997,0.562622,0.565247,0.568309,0.572685,0.577497,0.585809,0.594122,0.603309,0.614247,0.626059,0.640059,0.654934,0.671997,0.692996,0.713996,0.738934,0.766059,0.795371,0.829058,0.863621,0.900808,0.941058,0.986995,1.035558,1.086745,1.140994,1.196119,1.255181,1.315119,1.376368,1.439368,1.498431,1.559242,1.618742,1.675617,1.727242,1.776242,1.820867,1.863741,1.898741,1.931991,1.965241,1.994991,2.023866,2.053615,2.08424,2.11574,2.148115,2.188365,2.229489,2.27849,2.332739,2.392239,2.459614,2.533988,2.614488,2.701113,2.796487,2.902361,3.014361,3.137736,3.26811,3.407235,3.556858,3.711733,3.876232,4.054732,4.241981,4.44148,4.649729,4.868478,5.097726,5.332225,5.580725,5.836223,6.107472,6.382221,6.67272,6.966719,7.276467,7.589716,7.908213,8.238963,8.585462,8.93546,9.299458,9.663455,10.044954,10.433454,10.821952,11.21045,11.609448,12.011946,12.414445,12.823943,13.22644,13.639439,14.045436,14.444435,14.846933,15.24943,,5.0,5.0,0.0,0.0
0.172374,0.164936,0.157499,0.149843,0.14328,0.137374,0.133874,0.128186,0.124905,0.121843,0.117577,0.11364,0.111124,0.109702,0.108171,0.105983,0.10303,0.102921,0.100515,0.099858936,0.098983936,0.098218312,0.096577696,0.096905816,0.096249568,0.09646832,0.0961402,0.095593328,0.095593328,0.0961402,0.096030824,0.097015192,0.097562064,0.097999568,0.09887456,0.100843,0.10128,0.102593,0.103687,0.105218,0.106968,0.109155,0.110905,0.113421,0.116702,0.119327,0.122061,0.125233,0.129608,0.133765,0.137921,0.143061,0.148968,0.155421,0.161983,0.168546,0.176858,0.186046,0.195999,0.206499,0.217655,0.230889,0.245217,0.259873,0.275623,0.294108,0.313576,0.334248,0.356232,0.380076,0.405998,0.433998,0.461779,0.490325,0.521935,0.555403,0.587997,0.621137,0.654497,0.691903,0.726684,0.759496,0.791871,0.825777,0.859027,0.888558,0.915902,0.945433,0.974964,1.001432,1.023964,1.048464,1.074932,1.102276,1.126995,1.154994,1.1889,1.227619,1.266994,1.308556,1.356681,1.410493,1.466493,1.518993,1.572805,1.630117,1.681305,1.722429,1.751742,1.775804,1.788054,1.782804,1.762242,1.732054,1.696179,1.648055,1.588555,1.52293,1.455993,1.384243,1.309431,1.235056,1.165494,1.098557,1.03337,0.972995,0.916996,0.864496,0.815496,0.769558,0.730184,0.694309,0.661497,0.631747,0.606372,0.584059,0.563934,0.544247,0.527185,0.513185,0.500497,0.48956,0.478622,0.470747,0.462873,0.455435,0.447997,0.440998,0.436185,0.431373,0.42656,0.422623,0.419998,0.418685,0.415185,0.412123,0.411685,0.411248,0.41081,0.408185,0.410373,0.412998,0.415185,0.415623,0.41606,0.420873,0.426123,0.427872,0.429623,0.43531,0.442747,0.447997,0.451497,0.455872,0.46506,0.47206,0.476435,0.481685,0.490872,0.500935,0.507497,0.513622,0.521935,0.531122,0.539435,0.545122,0.552559,0.561309,0.570497,0.576184,0.580122,0.587997,0.594122,0.596747,0.598059,0.600684,0.604622,0.606809,0.604184,0.602872,0.603309,0.602434,0.595872,0.591059,0.589747,0.586247,0.580997,0.574872,0.570934,0.568747,0.562622,0.555184,0.552997,0.551685,0.548622,0.542934,0.540747,0.542935,0.541185,0.538997,0.537247,0.541185,0.544685,0.544684,0.54731,0.552997,0.562185,0.568747,0.573122,0.583185,0.597622,0.612059,0.622997,0.638747,0.661934,0.685997,0.707434,0.730621,0.761684,0.797559,0.832121,0.864496,0.906058,0.955933,1.00712,1.05087,1.099432,1.157619,1.220182,1.273994,1.324743,1.387306,1.451181,1.504993,1.548743,1.599492,1.651117,1.697492,1.724617,1.756992,1.796366,1.826116,1.845367,1.862866,1.888241,1.915366,1.933741,1.948616,1.977491,2.013365,2.04574,2.072865,2.109615,2.16649,2.21899,2.267989,2.326614,2.405364,2.488489,2.563738,2.647738,2.750987,2.870862,2.979362,3.089611,3.226986,3.381859,3.532359,3.674983,3.841232,4.040732,4.23323,4.41173,4.609479,4.850978,5.092477,5.316476,5.550974,5.825724,6.121473,6.390971,6.66047,6.968469,7.313217,7.636966,7.943214,8.284462,8.67646,9.047459,9.383457,9.750956,10.167455,10.587453,10.95845,11.332949,11.773948,12.225446,12.631443,13.019941,13.457438,,5.0,5.0,0.0,0.0
0.172374,0.167999,0.157499,0.15203,0.146343,0.139343,0.134093,0.12928,0.126218,0.12228,0.119983,0.115936,0.114515,0.111124,0.107405,0.106749,0.105874,0.102921,0.101062,0.099968312,0.099312056,0.097890192,0.096687064,0.096577696,0.09559332,0.095265208,0.095593328,0.095155824,0.094499576,0.094499584,0.094690986,0.094827704,0.09493708,0.095265208,0.096358944,0.096905824,0.097671448,0.098765192,0.099530808,0.100843,0.102046,0.103796,0.105437,0.107187,0.108937,0.111671,0.113968,0.116593,0.119655,0.122061,0.12578,0.130155,0.13464,0.139343,0.144483,0.149952,0.156296,0.164171,0.17128,0.179921,0.189327,0.199499,0.210983,0.222686,0.235592,0.24992,0.265451,0.281748,0.299467,0.318717,0.339279,0.360498,0.383357,0.406435,0.430826,0.455107,0.480044,0.506513,0.532216,0.558028,0.583075,0.607794,0.631309,0.653622,0.674184,0.694309,0.712684,0.730403,0.746809,0.763652,0.778308,0.791871,0.806308,0.822058,0.838683,0.857714,0.878714,0.904089,0.932745,0.964683,1.000995,1.040151,1.08412,1.130932,1.178838,1.228713,1.275744,1.318181,1.356243,1.385118,1.405681,1.415743,1.415306,1.404368,1.384681,1.355806,1.319056,1.274869,1.224994,1.172057,1.115619,1.059182,1.00187,0.94762,0.89337,0.844808,0.796684,0.750309,0.708746,0.668934,0.632622,0.600247,0.571372,0.544247,0.521497,0.50006,0.481247,0.463747,0.447997,0.43531,0.422623,0.412998,0.404248,0.39681,0.389373,0.383248,0.377998,0.37231,0.367498,0.362685,0.359623,0.35831,0.355685,0.35306,0.35131,0.349998,0.349998,0.348248,0.34781,0.348686,0.349998,0.35131,0.35306,0.35481,0.356123,0.36006,0.362685,0.36531,0.36881,0.373185,0.378873,0.38281,0.387623,0.39331,0.398123,0.40381,0.40906,0.414748,0.42131,0.42831,0.434873,0.440998,0.44756,0.454122,0.46156,0.467247,0.474685,0.479935,0.486935,0.492185,0.497872,0.502247,0.506185,0.509247,0.512747,0.514497,0.51756,0.518435,0.519747,0.520185,0.518435,0.517997,0.516247,0.51406,0.510997,0.509247,0.50706,0.503997,0.50181,0.499622,0.496122,0.493935,0.491747,0.490435,0.489122,0.488247,0.488685,0.489122,0.48956,0.490872,0.49131,0.493935,0.495247,0.499622,0.505747,0.509685,0.516685,0.523685,0.532435,0.54206,0.553872,0.566997,0.580559,0.598059,0.616872,0.637434,0.660184,0.685121,0.711809,0.742871,0.776559,0.810683,0.850058,0.891183,0.93712,0.985245,1.03512,1.086745,1.140557,1.196119,1.252994,1.310306,1.365431,1.420556,1.473493,1.525118,1.57018,1.61568,1.657242,1.695742,1.734242,1.769242,1.802491,1.835741,1.869866,1.905741,1.940741,1.98274,2.025615,2.07549,2.13149,2.191865,2.258364,2.331864,2.412364,2.498988,2.596113,2.700237,2.814862,2.937362,3.070361,3.211235,3.363485,3.527109,3.697733,3.883232,4.079232,4.28748,4.506229,4.737229,4.980477,5.232476,5.501975,5.780223,6.072472,6.378721,6.69547,7.024468,7.363967,7.719215,8.081464,8.455962,8.844461,9.236459,9.652957,10.072954,10.496452,10.93395,11.378449,11.826446,12.281444,12.746943,13.208941,13.681439,14.150436,14.633434,15.112931,15.592431,16.050928,16.526924,,5.0,5.0,0.0,0.0
0.236248,0.226623,0.210874,0.201686,0.192499,0.181999,0.174124,0.16778,0.15903,0.154436,0.147546,0.14328,0.137265,0.134858,0.13103,0.12753,0.125015,0.123374,0.12064,0.119218,0.116921,0.116265,0.116046,0.115718,0.11528,0.114733,0.116046,0.11703,0.116593,0.118561,0.119436,0.12064,0.124249,0.12589,0.128733,0.132124,0.135296,0.138468,0.142077,0.146999,0.152139,0.157827,0.164171,0.170514,0.178061,0.186264,0.194796,0.204967,0.215577,0.227389,0.24117,0.25517,0.271795,0.289404,0.308545,0.32867,0.350654,0.376138,0.402498,0.431919,0.462872,0.496997,0.532763,0.571809,0.611731,0.654059,0.69945,0.747027,0.796027,0.846339,0.897745,0.950027,1.002526,1.053932,1.104026,1.153682,1.200494,1.247088,1.290619,1.332181,1.370681,1.405243,1.437618,1.467368,1.496243,1.524243,1.551368,1.581555,1.613492,1.64893,1.687429,1.733367,1.787617,1.851929,1.925866,2.013803,2.115303,2.230802,2.358114,2.494614,2.638113,2.787737,2.937362,3.080861,3.214735,3.33286,3.430859,3.501734,3.542859,3.551609,3.531484,3.478984,3.396735,3.29261,3.17536,3.040611,2.894486,2.740487,2.582988,2.425489,2.270614,2.12099,1.977491,1.847116,1.723742,1.608242,1.502368,1.403493,1.314244,1.233744,1.160244,1.093745,1.03687,0.98437,0.93887,0.896871,0.860996,0.827746,0.798871,0.773496,0.749871,0.730621,0.713996,0.699121,0.684246,0.671997,0.659746,0.649247,0.640497,0.632622,0.625622,0.620372,0.615997,0.610747,0.608122,0.605497,0.605497,0.602872,0.603747,0.605497,0.608122,0.612497,0.616872,0.620372,0.626497,0.631747,0.638747,0.645747,0.652747,0.663247,0.671121,0.682497,0.692121,0.702621,0.712246,0.723621,0.735871,0.747246,0.759496,0.773496,0.784871,0.796246,0.808496,0.818996,0.829496,0.839121,0.847871,0.85662,0.864496,0.86887,0.87412,0.876745,0.877621,0.876746,0.874121,0.87062,0.867121,0.863621,0.856621,0.850496,0.842621,0.832996,0.824246,0.814621,0.806746,0.798871,0.790121,0.783121,0.775246,0.769121,0.762996,0.757746,0.753371,0.749871,0.745496,0.745496,0.745496,0.747246,0.748996,0.752496,0.756871,0.762121,0.770871,0.781371,0.791871,0.805871,0.822496,0.842621,0.863621,0.886371,0.915245,0.946745,0.981745,1.021995,1.06662,1.116495,1.169869,1.231119,1.294994,1.365868,1.441993,1.524243,1.613493,1.706242,1.801616,1.902241,2.002865,2.10524,2.205865,2.303864,2.397489,2.486739,2.567238,2.640738,2.701113,2.752737,2.791237,2.821862,2.842862,2.853362,2.863862,2.866487,2.867362,2.868237,2.868236,2.873486,2.880486,2.894487,2.917237,2.950486,2.992486,3.043236,3.100986,3.176235,3.256735,3.351234,3.457984,3.575234,3.708233,3.849982,4.003981,4.171981,4.35398,4.54473,4.754729,4.973477,5.209727,5.458226,5.722474,5.998973,6.285972,6.58872,6.910719,7.237967,7.584465,7.941464,8.312463,8.704461,9.09646,9.505956,9.925956,10.363453,10.800951,11.25245,11.721448,12.193944,12.673443,13.163442,13.653439,14.146936,14.647434,15.147931,15.63093,16.127929,16.631926,17.142926,17.64692,18.15092,18.640918,19.130914,,10.0,10.0,0.0,0.0
0.277373,0.265561,0.252436,0.241498,0.230123,0.221592,0.215249,0.207592,0.198842,0.193592,0.188342,0.183092,0.177296,0.174671,0.17128,0.167999,0.165921,0.163077,0.160999,0.158702,0.156624,0.156733,0.155093,0.154546,0.154655,0.15378,0.15378,0.153999,0.155421,0.155639,0.156952,0.158264,0.15903,0.163077,0.163843,0.165811,0.169311,0.171827,0.175108,0.179155,0.183092,0.187796,0.192936,0.199061,0.204749,0.21153,0.21853,0.226514,0.235155,0.24467,0.256264,0.267967,0.28142,0.295092,0.311061,0.328232,0.346717,0.36717,0.389592,0.414638,0.441763,0.471513,0.503669,0.538997,0.576622,0.617966,0.66259,0.710496,0.761246,0.817027,0.876308,0.937558,1.002964,1.070557,1.141432,1.213619,1.287338,1.364775,1.441556,1.519868,1.59643,1.67343,1.748242,1.822179,1.892616,1.959991,2.02649,2.090803,2.151177,2.21024,2.267552,2.323552,2.379114,2.436864,2.496364,2.562863,2.637238,2.715988,2.804362,2.899737,3.002111,3.109736,3.22086,3.334609,3.442234,3.542859,3.632983,3.705608,3.751983,3.775608,3.771233,3.740608,3.680233,3.595359,3.492984,3.37311,3.23661,3.089611,2.933861,2.775487,2.615363,2.460489,2.309989,2.17174,2.039616,1.916241,1.803367,1.696617,1.599492,1.512868,1.432368,1.358869,1.296744,1.238994,1.188244,1.142744,1.100745,1.063995,1.030745,1.002745,0.976495,0.95287,0.93362,0.915245,0.899495,0.883745,0.869746,0.856621,0.844371,0.834746,0.824246,0.818996,0.811121,0.804996,0.798871,0.796246,0.791871,0.789246,0.786621,0.787496,0.789246,0.790996,0.793621,0.798871,0.803246,0.808496,0.812871,0.820746,0.829496,0.838246,0.848746,0.858371,0.87062,0.881121,0.892495,0.90737,0.91962,0.93537,0.950245,0.965995,0.981745,0.99837,1.013245,1.02987,1.04562,1.060495,1.074495,1.090245,1.105994,1.118245,1.130495,1.14012,1.149744,1.157619,1.161994,1.165494,1.168119,1.169869,1.16812,1.163744,1.159369,1.151495,1.140994,1.132245,1.12087,1.10862,1.095494,1.08412,1.07187,1.05962,1.04737,1.03337,1.021995,1.01062,1.00012,0.992245,0.98612,0.97737,0.971245,0.96687,0.96337,0.96162,0.959871,0.958995,0.960745,0.967745,0.97387,0.983495,0.99487,1.00887,1.02462,1.044745,1.067495,1.095494,1.126119,1.162869,1.203119,1.245119,1.294118,1.346619,1.406993,1.470868,1.542618,1.619618,1.704492,1.791992,1.885616,1.980991,2.084241,2.188365,2.293364,2.400114,2.505113,2.607488,2.704613,2.792987,2.873487,2.948736,3.009986,3.060736,3.102736,3.134235,3.155235,3.170985,3.177985,3.177986,3.176235,3.170985,3.162235,3.160486,3.162235,3.165735,3.172736,3.186735,3.205985,3.230485,3.263735,3.305735,3.354734,3.415984,3.482484,3.561233,3.648733,3.743232,3.848233,3.963732,4.089732,4.22448,4.37148,4.530729,4.696979,4.875478,5.060977,5.255226,5.466975,5.687474,5.914973,6.152972,6.40847,6.66747,6.936969,7.223968,7.514466,7.822464,8.133963,8.459462,8.802461,9.155959,9.512957,9.869956,10.244454,10.622452,11.00745,11.402948,11.798448,12.200946,12.596444,13.005942,13.41194,13.828438,,10.0,10.0,0.0,0.0
0.246311,0.234061,0.223124,0.212186,0.203874,0.194249,0.188561,0.182655,0.17478,0.168874,0.164171,0.160343,0.157718,0.152249,0.149624,0.147218,0.145468,0.142733,0.140546,0.140546,0.136936,0.137046,0.134858,0.134421,0.133327,0.133327,0.133874,0.134858,0.133655,0.134421,0.13464,0.135296,0.135952,0.137155,0.138358,0.140108,0.141968,0.143827,0.146452,0.148421,0.151374,0.154108,0.158374,0.161764,0.165483,0.169968,0.174999,0.180358,0.186592,0.192608,0.200264,0.208358,0.217217,0.226842,0.237014,0.248936,0.261623,0.274858,0.290498,0.306795,0.325061,0.345404,0.366513,0.38981,0.415513,0.442529,0.472279,0.503997,0.538669,0.575419,0.613919,0.655043,0.698137,0.742653,0.789465,0.837808,0.886589,0.938433,0.98962,1.041901,1.093307,1.144276,1.195025,1.244681,1.292587,1.339181,1.385993,1.432368,1.476993,1.522055,1.56843,1.615242,1.663805,1.717617,1.776242,1.842304,1.915366,1.996303,2.08599,2.18399,2.288114,2.397051,2.509926,2.621488,2.730863,2.832362,2.921611,2.995111,3.048486,3.079111,3.086111,3.070361,3.030986,2.969736,2.893611,2.802612,2.698488,2.583863,2.462239,2.337114,2.21199,2.08774,1.966116,1.853241,1.746492,1.643242,1.548743,1.459493,1.378118,1.301994,1.232869,1.170744,1.115619,1.06662,1.02112,0.979995,0.94412,0.91087,0.881121,0.854871,0.830371,0.810246,0.791871,0.775246,0.760371,0.745496,0.733246,0.720996,0.710496,0.700872,0.692121,0.684246,0.677246,0.671121,0.665871,0.660622,0.657997,0.653622,0.652747,0.650997,0.650996,0.650996,0.652747,0.654497,0.657997,0.658872,0.663246,0.667622,0.671997,0.677246,0.682496,0.691247,0.698246,0.705246,0.712246,0.720996,0.728871,0.738496,0.748121,0.758621,0.768246,0.777871,0.787496,0.797121,0.807621,0.817246,0.825996,0.835621,0.845246,0.853996,0.860996,0.866246,0.872371,0.876745,0.879371,0.881121,0.881996,0.883746,0.88287,0.880246,0.875871,0.87062,0.866246,0.859245,0.852246,0.846121,0.838246,0.832121,0.825121,0.818121,0.811121,0.804121,0.797996,0.792746,0.787496,0.784871,0.780496,0.777871,0.776121,0.775246,0.774371,0.775246,0.777871,0.781371,0.784871,0.791871,0.800621,0.811121,0.820746,0.834745,0.849621,0.868871,0.889871,0.913495,0.94237,0.972995,1.00537,1.04562,1.086745,1.132245,1.182994,1.239869,1.297619,1.364118,1.435868,1.510243,1.587242,1.668617,1.753492,1.839241,1.925866,2.012491,2.099115,2.18224,2.25924,2.333614,2.399239,2.457864,2.510363,2.553238,2.589988,2.619738,2.645988,2.661738,2.675738,2.688863,2.699362,2.708113,2.722112,2.736987,2.758862,2.785112,2.813987,2.848987,2.890987,2.943487,3.001236,3.065986,3.141236,3.225235,3.319734,3.419484,3.533233,3.653983,3.781733,3.921732,4.072232,4.234981,4.41173,4.593729,4.786228,4.990978,5.207977,5.435475,5.673474,5.920223,6.182722,6.455721,6.737469,7.031468,7.335966,7.654465,7.972964,8.308961,8.655461,9.01596,9.379957,9.754456,10.135955,10.524452,10.92345,11.325949,11.735448,12.151946,12.564943,12.991941,13.41894,13.852938,14.283436,14.713934,,10.0,10.0,0.0,0.0
0.273436,0.266873,0.254623,0.240623,0.234498,0.225311,0.21678,0.210436,0.205405,0.198186,0.192608,0.187796,0.185608,0.180249,0.177514,0.173358,0.171389,0.16953,0.16778,0.165702,0.164499,0.162421,0.161327,0.160233,0.160014,0.160124,0.160014,0.160671,0.160014,0.160452,0.160343,0.161655,0.162968,0.164171,0.166468,0.167561,0.169858,0.172483,0.174014,0.177405,0.18003,0.183421,0.187796,0.191952,0.196655,0.201577,0.207374,0.212952,0.219733,0.22717,0.235045,0.245327,0.254405,0.26567,0.277701,0.290389,0.304826,0.320357,0.337092,0.357107,0.377451,0.40031,0.425466,0.45281,0.481685,0.513403,0.548622,0.586138,0.626934,0.671121,0.717934,0.767371,0.819871,0.875652,0.934058,0.995526,1.059401,1.125682,1.193932,1.26415,1.335025,1.405243,1.47743,1.548305,1.620055,1.690054,1.759617,1.828304,1.897429,1.962616,2.027366,2.090365,2.153802,2.21724,2.280677,2.348052,2.419364,2.493738,2.573363,2.655613,2.744862,2.836737,2.932112,3.027486,3.121986,3.214735,3.29786,3.366984,3.422984,3.459734,3.472859,3.465859,3.436109,3.385359,3.31536,3.22786,3.125486,3.009986,2.882237,2.747487,2.610113,2.473614,2.337989,2.20849,2.08599,1.969616,1.859366,1.756116,1.659867,1.573242,1.491868,1.420118,1.356244,1.298494,1.246869,1.200494,1.158494,1.119994,1.086745,1.055245,1.02812,1.00537,0.985245,0.965995,0.948495,0.93362,0.91962,0.904745,0.89337,0.881121,0.87237,0.864496,0.854871,0.847871,0.842621,0.836496,0.831246,0.827746,0.823371,0.822496,0.821621,0.821621,0.822496,0.825121,0.826871,0.827746,0.833871,0.837371,0.842621,0.849621,0.856621,0.865371,0.873246,0.881996,0.89162,0.901245,0.91262,0.923996,0.936245,0.94937,0.962495,0.976495,0.988745,1.002745,1.016745,1.02987,1.04212,1.056995,1.07187,1.083244,1.095495,1.107745,1.118244,1.12612,1.133995,1.14187,1.146245,1.151495,1.154994,1.154994,1.154994,1.15062,1.147119,1.140994,1.13312,1.12612,1.119119,1.109495,1.099869,1.088495,1.07887,1.06662,1.056995,1.04737,1.03862,1.028995,1.02287,1.01587,1.00712,1.000995,0.997495,0.992245,0.98962,0.98787,0.98962,0.990495,0.99312,0.99837,1.006245,1.01412,1.025495,1.03862,1.05437,1.07362,1.09987,1.12437,1.15412,1.189119,1.224994,1.266994,1.311619,1.362368,1.420118,1.481368,1.547867,1.619617,1.697492,1.777116,1.860241,1.951241,2.043115,2.135865,2.230365,2.325739,2.419363,2.508614,2.592613,2.671363,2.743987,2.808737,2.866487,2.917237,2.960986,2.995986,3.022236,3.044986,3.058986,3.076486,3.081736,3.090486,3.100986,3.109736,3.123736,3.134235,3.151735,3.170986,3.197235,3.226985,3.263735,3.310984,3.361734,3.417734,3.485984,3.557734,3.639983,3.730983,3.827232,3.937482,4.056481,4.182481,4.31548,4.45548,4.611229,4.773979,4.943728,5.125727,5.314726,5.517725,5.724224,5.946473,6.175722,6.41547,6.66047,6.919468,7.192468,7.472465,7.762965,8.067463,8.375463,8.693961,9.01596,9.344959,9.684457,10.027454,10.373953,10.730952,11.087949,11.451947,11.815946,12.183446,,10.0,10.0,0.0,0.0
0.205186,0.197749,0.186374,0.178717,0.170186,0.16253,0.154655,0.150499,0.144046,0.139015,0.136718,0.131249,0.126983,0.124358,0.12228,0.117905,0.115827,0.11539,0.113858,0.111452,0.109702,0.108718,0.107077,0.106421,0.10664,0.106749,0.106312,0.10653,0.106858,0.106312,0.107187,0.107405,0.108718,0.109483,0.111233,0.112874,0.114296,0.116046,0.117577,0.120311,0.122499,0.125233,0.128733,0.132015,0.135733,0.139889,0.144593,0.149077,0.154764,0.160233,0.167014,0.174342,0.182546,0.191405,0.200483,0.210983,0.223014,0.235264,0.248827,0.264576,0.281529,0.299795,0.319592,0.341248,0.364873,0.391232,0.418904,0.448872,0.481685,0.51745,0.554966,0.595106,0.637215,0.683153,0.729746,0.778965,0.830371,0.885277,0.941933,0.999245,1.05787,1.11737,1.179275,1.239869,1.301775,1.362806,1.426681,1.489681,1.551805,1.61393,1.67693,1.740367,1.803804,1.868116,1.935928,2.008991,2.083365,2.16299,2.247865,2.337552,2.431176,2.526113,2.626738,2.728237,2.829737,2.925111,3.013486,3.092236,3.155235,3.20161,3.226985,3.23136,3.21736,3.181485,3.12636,3.056361,2.969736,2.868237,2.755363,2.634613,2.512113,2.386114,2.25749,2.137615,2.021241,1.910116,1.802491,1.701867,1.609117,1.523368,1.443743,1.371993,1.308994,1.251244,1.199619,1.151495,1.110369,1.07187,1.037745,1.00712,0.98087,0.957245,0.93537,0.916995,0.899496,0.88287,0.868871,0.854871,0.841746,0.829496,0.820746,0.811121,0.802371,0.794496,0.787496,0.781371,0.773496,0.769121,0.764746,0.762121,0.760371,0.758621,0.758621,0.758621,0.758621,0.759496,0.761246,0.764746,0.767371,0.771746,0.776996,0.783121,0.789246,0.796246,0.801496,0.809371,0.818121,0.826871,0.836496,0.846121,0.856621,0.86887,0.877621,0.888995,0.90037,0.908246,0.92137,0.93187,0.943245,0.953745,0.962495,0.97212,0.97912,0.986995,0.99312,0.997495,1.00187,1.00537,1.009745,1.00887,1.00712,1.00362,0.999245,0.995745,0.98962,0.98262,0.976495,0.96862,0.96162,0.951995,0.94237,0.934495,0.92487,0.91612,0.908245,0.901245,0.895996,0.888996,0.882871,0.878496,0.875871,0.872371,0.868871,0.867996,0.868871,0.874121,0.875871,0.880245,0.886371,0.897745,0.908245,0.920495,0.934495,0.955495,0.976495,0.999245,1.027245,1.05962,1.095495,1.132245,1.173369,1.222369,1.275744,1.330869,1.392118,1.455993,1.527743,1.601243,1.676492,1.755242,1.835741,1.924116,2.007241,2.086865,2.169115,2.24874,2.323989,2.391364,2.452614,2.513863,2.567238,2.611863,2.650363,2.685363,2.712488,2.736113,2.750113,2.764987,2.780737,2.794737,2.805237,2.819237,2.836737,2.854237,2.873486,2.894486,2.925986,2.960986,3.002986,3.048486,3.097486,3.160485,3.230485,3.298735,3.380984,3.470233,3.568233,3.676733,3.786983,3.912982,4.045982,4.189481,4.33823,4.493979,4.667229,4.849228,5.039977,5.235976,5.449475,5.675225,5.904473,6.140723,6.390971,6.65522,6.933469,7.213469,7.500465,7.808465,8.126962,8.445463,8.763961,9.099958,9.449958,9.803457,10.156954,10.520952,10.898952,11.294449,11.668947,12.050446,,10.0,10.0,0.0,0.0
0.247623,0.237998,0.225748,0.213061,0.200374,0.190749,0.18528,0.175874,0.171717,0.163514,0.157171,0.151702,0.146889,0.143936,0.139561,0.13628,0.134421,0.13103,0.128515,0.127749,0.125015,0.123811,0.123374,0.12296375,0.12228,0.12239,0.1225265,0.122718,0.122718,0.122827,0.12414,0.125343,0.125999,0.130374,0.132452,0.134421,0.137811,0.140218,0.143718,0.146999,0.151155,0.157499,0.157171,0.167452,0.174561,0.180467,0.187796,0.195999,0.204967,0.214592,0.225202,0.237452,0.250795,0.265998,0.280764,0.298373,0.317076,0.338514,0.360279,0.384779,0.412123,0.441544,0.472935,0.50706,0.543919,0.583731,0.626387,0.671012,0.719465,0.770652,0.824246,0.879808,0.937339,0.99662,1.057214,1.118901,1.181026,1.244463,1.306369,1.367618,1.427118,1.485743,1.54043,1.59293,1.644117,1.691804,1.739492,1.786304,1.830491,1.874241,1.919303,1.966553,2.016428,2.071553,2.132803,2.204115,2.283739,2.375177,2.476239,2.586488,2.703738,2.830612,2.959236,3.087861,3.212985,3.328485,3.429984,3.510484,3.567358,3.598858,3.600608,3.572608,3.517484,3.437859,3.33811,3.221735,3.089611,2.946986,2.794737,2.640738,2.485863,2.336239,2.18924,2.053615,1.925866,1.805117,1.693117,1.588118,1.492743,1.406118,1.327368,1.254744,1.194369,1.137495,1.088494,1.042995,1.00187,0.965995,0.934495,0.905621,0.880246,0.857496,0.838246,0.820746,0.805871,0.790121,0.776121,0.764746,0.753371,0.742871,0.736746,0.728871,0.722746,0.717496,0.713121,0.708746,0.706121,0.704371,0.703496,0.703496,0.705246,0.707871,0.711371,0.715747,0.720996,0.725371,0.732371,0.741121,0.747246,0.756871,0.766496,0.776996,0.787496,0.797996,0.809371,0.821621,0.833871,0.845246,0.860996,0.873246,0.887245,0.901245,0.913495,0.926621,0.939745,0.951121,0.962495,0.97387,0.983495,0.99487,1.002745,1.007995,1.013245,1.01587,1.014995,1.01587,1.014995,1.01237,1.007995,1.00187,0.99487,0.986995,0.976495,0.96687,0.95637,0.94587,0.936245,0.92487,0.915246,0.905621,0.89512,0.888121,0.879371,0.872371,0.866246,0.861871,0.858371,0.854871,0.853996,0.851371,0.851371,0.854871,0.857496,0.864496,0.872371,0.882871,0.894246,0.90912,0.925745,0.94587,0.96862,0.993995,1.02462,1.05962,1.09987,1.144494,1.189995,1.244244,1.303744,1.368493,1.438493,1.516368,1.598617,1.688742,1.784116,1.882116,1.986241,2.09299,2.200615,2.309115,2.415864,2.526114,2.625863,2.721237,2.808737,2.885737,2.953111,3.006486,3.051986,3.086986,3.111486,3.127235,3.135986,3.141235,3.139485,3.134235,3.128986,3.127236,3.128986,3.137736,3.151736,3.174485,3.204235,3.240985,3.289985,3.347734,3.417734,3.494734,3.587483,3.690733,3.806233,3.933982,4.072232,4.222731,4.38548,4.56223,4.747729,4.950728,5.167726,5.396975,5.638475,5.892223,6.161722,6.43822,6.732219,7.038469,7.356968,7.689466,8.032464,8.392962,8.75696,9.13846,9.530458,9.932956,10.349453,10.776452,11.213949,11.658447,12.113446,12.564944,13.037441,13.502939,13.978937,14.458435,14.941432,15.406931,15.89693,16.386924,16.876926,17.35992,,10.0,10.0,0.0,0.0
0.331623,0.314998,0.294873,0.278248,0.260748,0.245873,0.233186,0.222686,0.210217,0.200045,0.191733,0.182983,0.176967,0.169092,0.162421,0.159686,0.153889,0.150936,0.148858,0.145577,0.143718,0.14164,0.140655,0.140765,0.140655,0.14153,0.142624,0.143936,0.145577,0.148858,0.150936,0.154218,0.158921,0.164061,0.168108,0.174561,0.180577,0.187905,0.195124,0.203874,0.212842,0.223561,0.234827,0.246967,0.261295,0.276826,0.292795,0.310732,0.330311,0.352404,0.37767,0.40381,0.433341,0.465279,0.500935,0.539106,0.581434,0.627044,0.677465,0.733028,0.792965,0.857714,0.928152,1.003839,1.084776,1.171838,1.265025,1.364993,1.471305,1.58243,1.698367,1.819991,1.945116,2.073303,2.20324,2.337114,2.470114,2.605738,2.737863,2.869112,2.997736,3.121985,3.24011,3.352984,3.463234,3.567358,3.667108,3.765108,3.860482,3.954981,4.048607,4.145731,4.248981,4.36273,4.48523,4.625229,4.780978,4.957728,5.148477,5.351476,5.570225,5.795974,6.023473,6.247472,6.455721,6.64472,6.805719,6.924719,6.998219,7.022718,6.996468,6.915969,6.782969,6.60447,6.396221,6.152973,5.883473,5.591225,5.290226,4.983977,4.679479,4.38373,4.098481,3.835983,3.587483,3.356484,3.141236,2.943486,2.761487,2.596988,2.448239,2.31349,2.19624,2.09299,1.99674,1.912741,1.835742,1.769242,1.709742,1.653743,1.608242,1.566243,1.529493,1.494493,1.464743,1.436744,1.412243,1.387743,1.368493,1.349243,1.331744,1.321243,1.310744,1.298494,1.289744,1.282744,1.277493,1.273994,1.273994,1.272244,1.277494,1.282743,1.287994,1.294994,1.305494,1.315994,1.328244,1.342244,1.357993,1.375494,1.392993,1.413994,1.434993,1.454243,1.476993,1.499743,1.527743,1.550492,1.580242,1.606492,1.634492,1.662492,1.692242,1.720242,1.746492,1.772741,1.797241,1.825241,1.847991,1.870741,1.889991,1.905741,1.917991,1.928491,1.933741,1.935491,1.933741,1.930241,1.921491,1.910991,1.891741,1.872492,1.851491,1.828741,1.802491,1.776242,1.749992,1.721992,1.695742,1.669492,1.641492,1.616993,1.590742,1.569743,1.548742,1.532993,1.515492,1.501493,1.487493,1.478743,1.471743,1.466493,1.462993,1.464743,1.469992,1.478743,1.490993,1.506742,1.529493,1.555742,1.585492,1.620492,1.664242,1.716742,1.774492,1.839241,1.91099,1.993241,2.08249,2.18399,2.29074,2.411488,2.542738,2.682738,2.831486,2.988986,3.155235,3.328485,3.501734,3.683733,3.862232,4.040731,4.212231,4.374981,4.52723,4.665479,4.782728,4.884228,4.961227,5.013728,5.053977,5.067977,5.066227,5.046977,5.010228,4.959477,4.898227,4.840478,4.773979,4.712729,4.654979,4.605979,4.56048,4.521979,4.49398,4.479979,4.47648,4.483479,4.51148,4.549978,4.60248,4.668977,4.745978,4.833479,4.938478,5.060978,5.197476,5.347975,5.512475,5.687474,5.879973,6.086473,6.306972,6.541471,6.78647,7.048968,7.318466,7.612467,7.916965,8.231962,8.550461,8.896961,9.250458,9.607457,9.985456,10.370454,10.772952,11.185948,11.595447,12.018945,12.449444,12.865941,13.306941,13.754938,14.195937,14.671934,15.11293,15.58193,16.036927,16.498928,,20.0,20.0,0.0,0.0
0.323748,0.310623,0.288748,0.272998,0.254186,0.239748,0.22728,0.215249,0.202124,0.194577,0.185171,0.175983,0.16778,0.163186,0.158921,0.153343,0.149514,0.146014,0.143827,0.141639,0.140546,0.138249,0.137374,0.13814,0.140436,0.140764,0.143718,0.146014,0.149077,0.152468,0.156843,0.162311,0.168218,0.174124,0.181999,0.189983,0.19917,0.209014,0.22017,0.232311,0.245436,0.260092,0.276717,0.294654,0.314451,0.336654,0.360717,0.386638,0.415623,0.447888,0.483326,0.522263,0.564481,0.611403,0.661606,0.717059,0.776559,0.841308,0.911089,0.98787,1.069901,1.156744,1.25015,1.350119,1.453806,1.563617,1.679555,1.800741,1.925866,2.051865,2.181365,2.312177,2.441676,2.568113,2.691487,2.811362,2.925986,3.034486,3.137735,3.23486,3.323234,3.402859,3.475484,3.541984,3.605858,3.662733,3.722233,3.784357,3.850857,3.920857,3.999607,4.090606,4.197356,4.319855,4.46248,4.628729,4.817729,5.022478,5.248226,5.489725,5.745224,5.998973,6.250971,6.49072,6.71472,6.908969,7.068218,7.181968,7.248467,7.255467,7.206467,7.103218,6.950969,6.74972,6.51697,6.254472,5.967473,5.661224,5.344476,5.025977,4.712728,4.40823,4.114231,3.848233,3.592734,3.356484,3.135985,2.934736,2.747487,2.579488,2.428989,2.29074,2.16999,2.063241,1.96524,1.881241,1.804242,1.735992,1.676492,1.623992,1.574992,1.538243,1.501493,1.471743,1.443743,1.417493,1.396493,1.375493,1.359744,1.342243,1.328244,1.317744,1.308993,1.301994,1.296744,1.291494,1.287994,1.287993,1.289744,1.293244,1.300243,1.307244,1.315993,1.326493,1.338744,1.352744,1.366743,1.384243,1.403493,1.422743,1.443743,1.466493,1.490992,1.515493,1.539993,1.566242,1.594242,1.620493,1.650242,1.681742,1.711491,1.741241,1.770992,1.800742,1.826991,1.853241,1.875991,1.898741,1.917991,1.93724,1.949491,1.958241,1.963491,1.965241,1.963491,1.954741,1.949491,1.93549,1.923241,1.902241,1.881241,1.860241,1.832242,1.807741,1.779742,1.755241,1.728992,1.702742,1.679992,1.657242,1.634492,1.611742,1.592492,1.574992,1.559243,1.548742,1.538243,1.529493,1.522493,1.518993,1.517243,1.518993,1.522493,1.531243,1.541743,1.559243,1.578492,1.602992,1.634492,1.667742,1.707991,1.758742,1.811242,1.872491,1.942491,2.02124,2.10349,2.19799,2.30124,2.414989,2.535738,2.668738,2.813987,2.967987,3.128986,3.295235,3.473734,3.648734,3.825483,4.005731,4.180731,4.35048,4.50623,4.649729,4.777478,4.885977,4.968228,5.029477,5.069727,5.087228,5.087227,5.071476,5.036477,4.994477,4.945478,4.885977,4.822979,4.766977,4.714479,4.665478,4.630479,4.605979,4.591979,4.584978,4.588479,4.609478,4.640979,4.682978,4.745977,4.819478,4.906978,5.004978,5.116977,5.246477,5.389977,5.540475,5.711974,5.890472,6.093472,6.303471,6.52047,6.758469,7.006969,7.262467,7.531965,7.815465,8.112964,8.417462,8.728962,9.06146,9.397458,9.747457,10.100956,10.478953,10.860451,11.252449,11.651448,12.064446,12.487944,12.914943,13.34194,13.768938,14.195935,14.636935,15.077932,15.504929,15.94593,16.386926,16.806926,17.233924,,20.0,20.0,0.0,0.0
0.297498,0.286123,0.267748,0.252436,0.235373,0.222686,0.21153,0.199061,0.189436,0.182217,0.173358,0.163952,0.157608,0.151593,0.146014,0.141421,0.13639,0.133327,0.129171,0.128077,0.124577,0.123265,0.121186,0.119983,0.12064,0.120093,0.119983,0.1207215,0.121077,0.121733,0.123265,0.12578,0.127749,0.13114,0.134202,0.137593,0.141858,0.146561,0.151046,0.156405,0.16253,0.16953,0.176967,0.185061,0.19403,0.204092,0.214264,0.225967,0.238545,0.252655,0.268514,0.285686,0.304826,0.325607,0.348248,0.37242,0.400529,0.430388,0.463638,0.500279,0.540638,0.584169,0.632075,0.684028,0.740465,0.802152,0.869308,0.941058,1.018714,1.102932,1.191744,1.286462,1.385775,1.49143,1.600367,1.714992,1.831366,1.953428,2.076365,2.201927,2.325739,2.449114,2.571176,2.689738,2.806112,2.918112,3.025736,3.130736,3.22961,3.324984,3.416859,3.507859,3.596234,3.688108,3.781733,3.888482,4.003981,4.131731,4.270856,4.42398,4.591104,4.769604,4.957728,5.151976,5.347976,5.536975,5.711974,5.867724,5.991973,6.081223,6.131972,6.138972,6.102223,6.023473,5.909723,5.759224,5.577225,5.365476,5.134476,4.887728,4.633979,4.38023,4.122981,3.883232,3.650483,3.428234,3.218235,3.018736,2.836737,2.665238,2.512988,2.369489,2.246989,2.134989,2.02999,1.937241,1.853241,1.779741,1.713242,1.653742,1.597742,1.553992,1.510243,1.475243,1.440243,1.408743,1.380743,1.356244,1.333494,1.310744,1.293244,1.277494,1.259994,1.249494,1.237244,1.228494,1.219744,1.210994,1.207494,1.202245,1.202244,1.203994,1.203994,1.207494,1.212744,1.217994,1.224994,1.233744,1.244244,1.256494,1.268744,1.282743,1.296744,1.312493,1.329994,1.345743,1.366743,1.385993,1.406993,1.429743,1.452493,1.475243,1.497993,1.520743,1.543493,1.566242,1.590742,1.613493,1.637992,1.662492,1.679992,1.699241,1.716742,1.732492,1.742992,1.753492,1.762242,1.769241,1.769242,1.767491,1.763992,1.753492,1.741241,1.727242,1.709742,1.692242,1.672992,1.653742,1.630992,1.609992,1.585492,1.562742,1.541743,1.520743,1.503243,1.483993,1.468243,1.452493,1.440243,1.426243,1.415743,1.405243,1.399993,1.394744,1.392993,1.392993,1.398243,1.405244,1.415743,1.426243,1.445493,1.464743,1.494493,1.527742,1.567992,1.611742,1.658992,1.716742,1.779741,1.851491,1.930241,2.017741,2.11574,2.22424,2.339739,2.465739,2.598738,2.742237,2.892736,3.051986,3.216485,3.384485,3.555984,3.722234,3.884982,4.042481,4.187731,4.324231,4.44323,4.544729,4.633979,4.698729,4.751229,4.775728,4.786228,4.780978,4.758228,4.728478,4.686479,4.644478,4.602479,4.555229,4.513229,4.47123,4.43448,4.40648,4.38548,4.373231,4.37848,4.38898,4.41348,4.44673,4.49398,4.55173,4.616479,4.703979,4.798478,4.906979,5.032977,5.165976,5.312976,5.473975,5.648975,5.830973,6.030472,6.243972,6.471471,6.70947,6.961469,7.227467,7.507465,7.797964,8.098963,8.417461,8.753461,9.10346,9.453457,9.820955,10.202456,10.594451,10.989951,11.395949,11.815946,12.246445,12.676943,13.110943,13.551937,14.006937,14.461935,14.916933,,20.0,20.0,0.0,0.0
0.311061,0.298811,0.285248,0.268623,0.254186,0.243467,0.233842,0.221811,0.216233,0.206936,0.199608,0.192717,0.186592,0.181014,0.178936,0.172921,0.169967,0.167124,0.163952,0.160889,0.158702,0.156843,0.156077,0.155858,0.15550275,0.155093,0.154983,0.15553,0.156077,0.156624,0.157936,0.159139,0.161983,0.164499,0.167124,0.170405,0.174233,0.178171,0.182436,0.186046,0.191733,0.197749,0.20453,0.211202,0.219295,0.22728,0.236905,0.246967,0.258123,0.270264,0.284701,0.299904,0.31642,0.334795,0.354592,0.376576,0.40042,0.426779,0.456638,0.488575,0.523903,0.562294,0.604731,0.651434,0.701309,0.755996,0.81659,0.881121,0.952433,1.028339,1.111026,1.198525,1.291931,1.390368,1.493618,1.602992,1.716304,1.835741,1.959553,2.086865,2.215052,2.345427,2.478426,2.61055,2.742237,2.872611,3.004736,3.13336,3.25936,3.382734,3.503484,3.622483,3.737983,3.856107,3.973357,4.096732,4.225356,4.35748,4.501854,4.651479,4.807228,4.969977,5.139726,5.311226,5.477475,5.640225,5.790724,5.918473,6.016472,6.082972,6.116222,6.112723,6.065472,5.981473,5.869473,5.722474,5.547475,5.346226,5.129227,4.894727,4.653229,4.409979,4.170231,3.944482,3.723983,3.513984,3.316234,3.128986,2.957486,2.798237,2.649488,2.516488,2.397489,2.29074,2.19449,2.10524,2.02649,1.95299,1.889991,1.830492,1.777992,1.734242,1.692242,1.657242,1.622242,1.592492,1.564492,1.538242,1.513743,1.490993,1.469993,1.452493,1.436743,1.419243,1.406993,1.396493,1.384243,1.373743,1.364994,1.361493,1.359744,1.357993,1.357994,1.357994,1.359744,1.363243,1.368493,1.373743,1.380744,1.391243,1.401744,1.413993,1.427993,1.440243,1.455993,1.471743,1.489243,1.508493,1.527743,1.550492,1.571493,1.594243,1.613493,1.636242,1.658992,1.681742,1.704492,1.727242,1.751742,1.774491,1.795491,1.814742,1.833991,1.847992,1.865491,1.875991,1.888241,1.898741,1.900491,1.903991,1.902242,1.898741,1.889991,1.879491,1.867241,1.851491,1.835741,1.816491,1.797241,1.776241,1.753491,1.732492,1.711492,1.690493,1.669492,1.650242,1.632742,1.615242,1.597742,1.580242,1.569742,1.555743,1.545243,1.534743,1.529493,1.525993,1.520743,1.522493,1.525993,1.532992,1.543492,1.555743,1.573243,1.597743,1.623992,1.655492,1.692242,1.734242,1.781492,1.839241,1.898741,1.966991,2.045741,2.12624,2.21899,2.31874,2.427239,2.539238,2.661737,2.794736,2.927736,3.065986,3.209485,3.354735,3.498233,3.636484,3.772983,3.897232,4.014481,4.117731,4.215731,4.297981,4.36798,4.416979,4.45373,4.47823,4.492229,4.493979,4.48173,4.46598,4.44673,4.42573,4.39773,4.36973,4.338231,4.31198,4.287481,4.266481,4.250731,4.241981,4.240231,4.24723,4.259481,4.27523,4.303231,4.338231,4.38548,4.43448,4.49748,4.57448,4.65148,4.742478,4.840478,4.952477,5.071478,5.197476,5.333975,5.487976,5.648975,5.816973,5.995473,6.191471,6.390971,6.604469,6.82497,7.055969,7.304467,7.556466,7.818964,8.091963,8.371961,8.662462,8.95996,9.257458,9.572456,9.890955,10.212953,10.538454,10.87095,11.213948,,20.0,20.0,0.0,0.0
0.340373,0.323748,0.303623,0.287436,0.270811,0.257248,0.245655,0.231655,0.221155,0.211749,0.202889,0.195124,0.186702,0.180467,0.174889,0.170186,0.164389,0.160343,0.156843,0.154436,0.152139,0.150389,0.148639,0.146889,0.148639,0.147218,0.147546,0.147655,0.149296,0.151155,0.153452,0.156186,0.159358,0.162749,0.167124,0.171717,0.177077,0.182546,0.188233,0.195342,0.202561,0.210764,0.220499,0.230561,0.24117,0.252873,0.266108,0.279998,0.295858,0.313139,0.332389,0.353279,0.376795,0.40206,0.429732,0.460357,0.493607,0.5297,0.56995,0.614356,0.662372,0.71509,0.771965,0.834308,0.901464,0.974089,1.053057,1.138369,1.2309,1.328244,1.431931,1.54218,1.658117,1.778429,1.904428,2.034803,2.169552,2.308677,2.448239,2.590863,2.731738,2.872612,3.009986,3.144736,3.27686,3.40461,3.527109,3.647858,3.761608,3.871857,3.976857,4.080981,4.183356,4.290105,4.400355,4.521105,4.652354,4.798478,4.954228,5.125727,5.314726,5.512475,5.720724,5.930723,6.137222,6.340221,6.52047,6.67622,6.79347,6.872219,6.901968,6.882719,6.812719,6.695469,6.543221,6.348971,6.119722,5.860724,5.584224,5.295476,4.997977,4.703979,4.41698,4.143981,3.886732,3.639983,3.412484,3.197235,3.001236,2.822737,2.658238,2.511239,2.381739,2.26274,2.15949,2.06324,1.979241,1.902241,1.833991,1.774492,1.718492,1.671242,1.629243,1.590742,1.557493,1.524243,1.494492,1.466493,1.441993,1.417494,1.401743,1.384243,1.368493,1.352744,1.340494,1.329993,1.322994,1.314244,1.308994,1.305494,1.305494,1.305494,1.308993,1.314244,1.319493,1.324744,1.335244,1.343994,1.356243,1.368493,1.384243,1.399993,1.417493,1.434993,1.457743,1.475243,1.499743,1.522493,1.545243,1.573242,1.599492,1.623992,1.651992,1.678242,1.706242,1.732492,1.758742,1.784991,1.811242,1.837491,1.858491,1.879491,1.898741,1.910991,1.924991,1.931991,1.94074,1.944241,1.944241,1.938991,1.93024,1.917991,1.902241,1.882991,1.860241,1.837491,1.814741,1.790241,1.763992,1.737742,1.709742,1.681742,1.655493,1.629242,1.606493,1.585492,1.564493,1.546993,1.531243,1.515493,1.503243,1.490993,1.480493,1.476992,1.475243,1.475243,1.478743,1.483993,1.496243,1.510243,1.529493,1.552243,1.581993,1.618742,1.660743,1.709742,1.762242,1.825241,1.893491,1.972241,2.05799,2.15249,2.25924,2.374738,2.497238,2.631988,2.773737,2.924237,3.081737,3.247985,3.415985,3.589234,3.760732,3.932232,4.094982,4.252481,4.39773,4.53073,4.647979,4.744228,4.826478,4.889477,4.933227,4.955978,4.964728,4.954227,4.929728,4.892978,4.847479,4.803728,4.754728,4.705728,4.656729,4.614729,4.572729,4.54123,4.514979,4.49748,4.497479,4.50448,4.52198,4.55348,4.591979,4.644479,4.710978,4.787978,4.878977,4.980477,5.099476,5.228976,5.368975,5.522975,5.690974,5.865973,6.061973,6.268471,6.481969,6.71997,6.964967,7.220466,7.489967,7.773464,8.056963,8.368461,8.686962,9.01946,9.358959,9.712456,10.079956,10.443954,10.828952,11.220949,11.619946,12.022445,12.438945,12.851941,13.278939,13.719939,14.153937,14.594932,,20.0,20.0,0.0,0.0
0.334248,0.314998,0.297498,0.279123,0.263811,0.250686,0.236248,0.222686,0.209124,0.202889,0.193046,0.184186,0.177077,0.170624,0.162968,0.158811,0.155639,0.152249,0.149077,0.146233,0.143608,0.141749,0.141968,0.142405,0.141968,0.143171,0.144811,0.144593,0.147764,0.150499,0.15378,0.158264,0.163077,0.167452,0.173686,0.180905,0.187249,0.195233,0.204092,0.213827,0.224655,0.236467,0.248717,0.263264,0.279123,0.296186,0.314561,0.335123,0.358201,0.383467,0.411029,0.441873,0.475451,0.511653,0.551138,0.595216,0.642794,0.6942,0.749871,0.811777,0.878058,0.949808,1.026589,1.109276,1.196775,1.290181,1.389275,1.493618,1.603867,1.718492,1.837054,1.959116,2.082053,2.20849,2.334489,2.460051,2.585176,2.711612,2.832362,2.951361,3.064236,3.17361,3.27861,3.375735,3.471109,3.562109,3.652233,3.740608,3.828107,3.917357,4.010982,4.108981,4.214856,4.332105,4.463354,4.612979,4.777478,4.962977,5.164226,5.375975,5.599974,5.830973,6.061973,6.289472,6.501221,6.691969,6.85297,6.977218,7.054218,7.082218,7.059468,6.987718,6.859969,6.69022,6.48722,6.249222,5.986723,5.699725,5.400475,5.097727,4.791479,4.493979,4.205231,3.940982,3.687233,3.449234,3.228735,3.025736,2.836737,2.665238,2.511238,2.371239,2.25049,2.14024,2.04224,1.952991,1.875991,1.805991,1.741241,1.685242,1.637992,1.595992,1.557493,1.524243,1.494493,1.466493,1.440243,1.417493,1.396493,1.377243,1.359744,1.347493,1.335244,1.324743,1.315994,1.307244,1.301994,1.298494,1.296744,1.296744,1.300244,1.303744,1.310744,1.315994,1.324743,1.335244,1.347494,1.357994,1.373743,1.391244,1.408743,1.426243,1.445493,1.466493,1.487492,1.510242,1.532992,1.557493,1.583742,1.609992,1.637992,1.664242,1.690492,1.716742,1.742991,1.767491,1.790241,1.816491,1.835741,1.856741,1.872491,1.888241,1.898741,1.903991,1.909241,1.907491,1.909241,1.902241,1.895241,1.882991,1.867242,1.851491,1.828741,1.805992,1.783241,1.760492,1.735992,1.711492,1.685242,1.660742,1.636242,1.613493,1.590742,1.567993,1.550493,1.532992,1.518992,1.503243,1.492743,1.482243,1.476992,1.469993,1.469992,1.469993,1.475243,1.485743,1.499742,1.513742,1.536493,1.562743,1.594242,1.630992,1.672993,1.725492,1.784991,1.851491,1.921491,2.00374,2.09649,2.19624,2.306489,2.427239,2.558488,2.700237,2.848987,3.009986,3.172735,3.344234,3.517484,3.692483,3.869232,4.042482,4.212231,4.36798,4.513229,4.642729,4.752978,4.847478,4.922727,4.975228,5.013728,5.031227,5.034727,5.018977,4.994476,4.957727,4.906978,4.857978,4.805478,4.759979,4.712728,4.67423,4.640978,4.609479,4.59198,4.577979,4.58148,4.595478,4.619979,4.658479,4.710978,4.777477,4.854479,4.941978,5.043477,5.158977,5.288477,5.435476,5.592976,5.767974,5.949973,6.149472,6.359471,6.583469,6.821468,7.069968,7.339467,7.619464,7.909964,8.214462,8.525961,8.85496,9.190959,9.537457,9.897957,10.272454,10.653952,11.045952,11.441449,11.847447,12.256946,12.669942,13.075942,13.495939,13.92294,14.363935,14.797932,15.238933,15.672931,16.106929,,20.0,20.0,0.0,0.0
0.129061,0.126436,0.120311,0.117249,0.111124,0.109155,0.105437,0.104562,0.102593,0.099530808,0.099530816,0.09854644,0.096030824,0.095812072,0.094937088,0.093187088,0.093624584,0.091765216,0.09220272,0.09198396,0.091437096,0.0909996,0.09165584,0.091874592,0.091218344,0.0918746,0.092749584,0.093843336,0.093296456,0.093077712,0.095374576,0.095921448,0.096905816,0.098108936,0.099421432,0.100843,0.102374,0.104233,0.105546,0.107952,0.109921,0.112546,0.114952,0.118343,0.120749,0.124577,0.12753,0.13114,0.135405,0.140546,0.146014,0.151483,0.158483,0.165702,0.172483,0.181561,0.189983,0.200592,0.211639,0.224108,0.237889,0.252873,0.269389,0.287545,0.306576,0.328014,0.351092,0.376467,0.40392,0.432685,0.464622,0.498091,0.533966,0.570934,0.609216,0.650012,0.691793,0.734121,0.777434,0.820965,0.864933,0.906058,0.946527,0.984151,1.020464,1.052401,1.081276,1.105776,1.126557,1.141651,1.150401,1.15412,1.152807,1.145807,1.132682,1.116057,1.095932,1.072745,1.04387,1.01237,0.97912,0.943245,0.906933,0.868871,0.831683,0.794496,0.759496,0.723184,0.688184,0.654934,0.622559,0.591934,0.562185,0.53506,0.511435,0.48781,0.465935,0.44581,0.427435,0.409935,0.394623,0.379748,0.365748,0.35481,0.344748,0.333811,0.325936,0.317186,0.310186,0.303186,0.297061,0.291811,0.287873,0.283498,0.279123,0.276061,0.272998,0.270811,0.267748,0.265123,0.263811,0.262936,0.262936,0.261186,0.261186,0.261186,0.261186,0.261186,0.261186,0.261186,0.262936,0.264248,0.264686,0.267311,0.269061,0.270373,0.272561,0.275186,0.278248,0.280873,0.283936,0.287436,0.291811,0.296623,0.300123,0.304936,0.309748,0.314998,0.321123,0.326811,0.333811,0.341248,0.348685,0.356123,0.364873,0.37406,0.383685,0.39331,0.40381,0.416935,0.428748,0.441435,0.453685,0.46681,0.482122,0.495685,0.509685,0.524122,0.538997,0.553872,0.567434,0.579247,0.592372,0.602872,0.613809,0.622559,0.629997,0.636122,0.643122,0.646184,0.647934,0.648809,0.648809,0.646184,0.643559,0.640059,0.636122,0.632184,0.626059,0.620372,0.614684,0.608997,0.602872,0.597184,0.593684,0.588434,0.585372,0.582747,0.581434,0.580997,0.581434,0.582309,0.58581,0.590622,0.596747,0.604622,0.613372,0.624747,0.639184,0.654059,0.671559,0.690371,0.714434,0.741559,0.769996,0.802371,0.839121,0.877621,0.921371,0.967308,1.01937,1.076245,1.137057,1.201807,1.269181,1.341369,1.41793,1.497118,1.57718,1.658555,1.742117,1.823491,1.904866,1.981866,2.055365,2.12274,2.184865,2.238239,2.287239,2.330114,2.365989,2.393989,2.418489,2.438614,2.454364,2.466613,2.476239,2.490238,2.502488,2.521738,2.542738,2.569863,2.602238,2.639863,2.684487,2.736987,2.798237,2.869112,2.948736,3.034486,3.13336,3.24186,3.358235,3.482483,3.618984,3.769483,3.930482,4.100231,4.28398,4.47998,4.684729,4.901728,5.127477,5.370726,5.629724,5.897473,6.175722,6.46797,6.777719,7.096218,7.426967,7.769966,8.128714,8.501461,8.88296,9.274958,9.684457,10.104455,10.527952,10.961951,11.406449,11.861447,12.330445,12.788943,13.264941,13.751438,14.241435,14.731434,15.217932,15.711432,,0.0,7.5,0.0,0.0
0.148749,0.141749,0.137374,0.129936,0.129061,0.123374,0.12228,0.11878,0.119436,0.115499,0.114405,0.11178,0.109921,0.110249,0.109593,0.109483,0.107624,0.107624,0.107515,0.106858,0.107296,0.10746,0.107843,0.107843,0.108827,0.109374,0.109921,0.11189,0.11189,0.113749,0.114515,0.116265,0.118671,0.121186,0.124249,0.126765,0.129608,0.133436,0.136608,0.140218,0.144155,0.149296,0.154436,0.160343,0.166139,0.173139,0.180577,0.188014,0.196764,0.206499,0.216999,0.229248,0.242045,0.255936,0.271358,0.287873,0.306139,0.325826,0.347264,0.370888,0.39681,0.423826,0.453794,0.48595,0.519419,0.555622,0.594341,0.635356,0.678012,0.722527,0.767809,0.815496,0.861871,0.908902,0.955714,1.000995,1.044964,1.086088,1.125682,1.161119,1.192182,1.217994,1.238119,1.252994,1.261744,1.264806,1.262619,1.255182,1.242057,1.223244,1.197869,1.169432,1.135745,1.099432,1.060057,1.018057,0.976933,0.933621,0.889871,0.847871,0.804558,0.762559,0.721871,0.682934,0.646184,0.611184,0.579247,0.549935,0.52106,0.493935,0.468997,0.447123,0.42481,0.40556,0.388498,0.373185,0.359623,0.346935,0.335123,0.323311,0.314998,0.306248,0.298373,0.291811,0.287436,0.283061,0.278686,0.273436,0.270811,0.268186,0.264686,0.263373,0.261186,0.261186,0.259873,0.259436,0.258561,0.258561,0.25856075,0.258123,0.258998,0.259873,0.260748,0.262061,0.263811,0.265561,0.267311,0.269061,0.271248,0.273436,0.275186,0.277811,0.281311,0.284373,0.286561,0.290498,0.294436,0.297498,0.300998,0.306686,0.311936,0.317186,0.321998,0.328998,0.335123,0.341685,0.350435,0.357873,0.366185,0.375373,0.38631,0.39681,0.40731,0.419998,0.432685,0.446247,0.460247,0.47556,0.491747,0.50881,0.524997,0.541622,0.559559,0.575309,0.591934,0.608997,0.624309,0.640497,0.654934,0.667621,0.679434,0.690809,0.698246,0.706559,0.711809,0.715746,0.719684,0.720996,0.721871,0.720121,0.718371,0.713559,0.708746,0.702621,0.695184,0.689059,0.682934,0.676809,0.669372,0.662809,0.656684,0.650997,0.646184,0.642247,0.638747,0.637872,0.638747,0.637872,0.640059,0.643997,0.649684,0.656684,0.665434,0.676809,0.691246,0.707871,0.724934,0.745059,0.771309,0.796246,0.826871,0.859683,0.898183,0.94062,0.986995,1.036432,1.092432,1.152369,1.216244,1.286244,1.359743,1.43893,1.52293,1.609993,1.700117,1.793741,1.886491,1.980116,2.07199,2.16124,2.24874,2.329239,2.401864,2.471864,2.530488,2.578613,2.617988,2.652113,2.676612,2.694988,2.708987,2.721237,2.732612,2.741362,2.753612,2.768487,2.789487,2.817487,2.849862,2.895362,2.950486,3.016111,3.087861,3.176235,3.27161,3.37661,3.494734,3.624233,3.772982,3.926982,4.093231,4.27698,4.46773,4.675978,4.894728,5.129227,5.377725,5.636725,5.911473,6.198471,6.50297,6.812719,7.134718,7.468967,7.818965,8.179463,8.553962,8.938959,9.337959,9.743957,10.156954,10.587453,11.03195,11.479948,11.934946,12.407444,12.893942,13.37694,13.859937,14.353434,14.850433,15.357931,15.847928,16.365927,16.862926,17.366922,17.86392,18.353918,18.843914,19.340914,,0.0,7.5,0.0,0.0
0.178499,0.175874,0.166249,0.162093,0.157061,0.154655,0.151593,0.148093,0.144374,0.142186,0.140436,0.139124,0.136936,0.134421,0.134202,0.133218,0.13278,0.131905,0.130593,0.130046,0.129936,0.129718,0.12939,0.130374,0.13103,0.130374,0.131577,0.131796,0.132124,0.133108,0.134202,0.134858,0.136171,0.137921,0.13978,0.141858,0.143608,0.145358,0.147327,0.150061,0.152249,0.155202,0.158155,0.162639,0.166358,0.170296,0.174671,0.179702,0.18528,0.190639,0.19753,0.205295,0.21328,0.222358,0.231655,0.242155,0.253858,0.266217,0.280108,0.295748,0.312701,0.330967,0.350982,0.372092,0.39517,0.420654,0.448107,0.477091,0.508153,0.54206,0.576841,0.614028,0.65209,0.691575,0.731278,0.773277,0.813965,0.855746,0.895777,0.936245,0.972777,1.007339,1.039057,1.066401,1.089588,1.107526,1.121744,1.131807,1.13487,1.133776,1.126338,1.112994,1.095932,1.07362,1.047807,1.019807,0.990495,0.95812,0.923995,0.888996,0.853996,0.817246,0.781371,0.746809,0.711809,0.681621,0.650122,0.621247,0.592372,0.566122,0.54031,0.516247,0.494372,0.47381,0.455435,0.437497,0.422623,0.407748,0.394185,0.38106,0.37056,0.36006,0.349998,0.342123,0.334686,0.328561,0.321561,0.315436,0.310623,0.306248,0.301873,0.297498,0.295311,0.292248,0.290061,0.288748,0.286123,0.284373,0.282623,0.280873,0.279561,0.279561,0.27967025,0.279998,0.2803535625,0.280873,0.280873,0.281748,0.283061,0.283061,0.284811,0.286998,0.289186,0.290936,0.293123,0.296186,0.298811,0.300998,0.304061,0.307123,0.311936,0.315873,0.320686,0.325061,0.329873,0.33556,0.340811,0.34606,0.353935,0.360935,0.36706,0.37581,0.383685,0.392873,0.401623,0.411685,0.422623,0.43181,0.44406,0.456747,0.47031,0.482997,0.49656,0.511435,0.52456,0.53856,0.551685,0.56481,0.577934,0.590622,0.603309,0.612934,0.622122,0.629997,0.636122,0.641372,0.646184,0.650559,0.651872,0.653621,0.650559,0.649684,0.646184,0.641809,0.636997,0.632622,0.628247,0.622122,0.616872,0.612497,0.607247,0.601559,0.596309,0.592809,0.590622,0.588434,0.588434,0.587997,0.589747,0.592372,0.595872,0.601122,0.608559,0.616872,0.627372,0.639622,0.654059,0.671121,0.689934,0.710059,0.735434,0.763434,0.793621,0.828621,0.866246,0.908683,0.954183,1.004057,1.058307,1.116932,1.180369,1.246869,1.320806,1.394743,1.476118,1.557493,1.640617,1.724617,1.807742,1.891741,1.970491,2.048365,2.12099,2.18574,2.243489,2.294239,2.335364,2.372989,2.395739,2.414114,2.427239,2.435989,2.443864,2.442114,2.442988,2.445614,2.447364,2.452613,2.460489,2.477114,2.499863,2.527863,2.561988,2.602238,2.651237,2.708113,2.771112,2.845487,2.929487,3.018736,3.118486,3.22611,3.34686,3.471109,3.603234,3.751983,3.907732,4.072232,4.248981,4.43623,4.633978,4.840478,5.053977,5.283226,5.522975,5.771474,6.035723,6.306972,6.592221,6.887969,7.194218,7.507466,7.832965,8.172463,8.525962,8.88646,9.253958,9.631957,10.023954,10.415954,10.818451,11.22795,11.647947,12.074947,12.501943,12.935942,13.38044,13.821437,14.265935,14.717434,,0.0,7.5,0.0,0.0
0.182874,0.176749,0.174561,0.16778,0.163843,0.159468,0.155093,0.15378,0.152249,0.147436,0.146561,0.144593,0.142733,0.14164,0.140983,0.139452,0.137483,0.137483,0.137483,0.137155,0.137811,0.13639,0.135733,0.136936,0.135952,0.13639,0.137374,0.137921,0.137921,0.13814,0.139233,0.140108,0.142186,0.143827,0.145686,0.147327,0.148749,0.151374,0.153452,0.155639,0.157827,0.161546,0.165264,0.168764,0.172483,0.177077,0.181889,0.186921,0.19228,0.198514,0.205842,0.213827,0.222686,0.232202,0.242045,0.253311,0.265123,0.278576,0.292795,0.309311,0.327467,0.347045,0.367935,0.390904,0.415623,0.44231,0.47206,0.502904,0.536591,0.572466,0.610965,0.650778,0.691575,0.734121,0.777652,0.822277,0.866464,0.911745,0.957026,0.999245,1.040807,1.07887,1.114307,1.145369,1.171838,1.193275,1.21165,1.222369,1.228494,1.229369,1.223244,1.212307,1.194369,1.172932,1.146244,1.116495,1.08412,1.049557,1.013682,0.974308,0.934933,0.895121,0.856183,0.817246,0.778746,0.743309,0.709184,0.675934,0.643997,0.614247,0.585372,0.558684,0.533747,0.510997,0.490435,0.47031,0.45281,0.43531,0.420873,0.406435,0.392435,0.380623,0.370123,0.361373,0.353498,0.346498,0.339498,0.332936,0.327248,0.321998,0.317623,0.313248,0.309748,0.307998,0.304498,0.302311,0.300123,0.298811,0.296623,0.295748,0.293561,0.293998,0.294873,0.293998,0.294873,0.294436,0.295748,0.296186,0.297061,0.298373,0.298373,0.300561,0.302311,0.304061,0.307123,0.309311,0.311498,0.314561,0.317186,0.320686,0.324186,0.329436,0.333373,0.338623,0.343435,0.349123,0.35481,0.360498,0.36706,0.37406,0.383248,0.391998,0.400748,0.409498,0.420435,0.43181,0.443185,0.455435,0.467685,0.481685,0.496122,0.51056,0.525435,0.54206,0.556935,0.572247,0.587997,0.603747,0.618184,0.633059,0.645747,0.659309,0.669809,0.679434,0.688184,0.695621,0.700872,0.706559,0.708309,0.710496,0.710059,0.708309,0.705246,0.700871,0.695621,0.690371,0.685121,0.679434,0.673309,0.667184,0.660184,0.655372,0.649247,0.645309,0.642247,0.639622,0.637872,0.636997,0.636559,0.640059,0.642684,0.646184,0.652309,0.661497,0.669372,0.682059,0.696059,0.712246,0.730184,0.750309,0.773496,0.798871,0.829496,0.862308,0.898183,0.93887,0.983495,1.029432,1.08237,1.137932,1.198744,1.263057,1.331306,1.406556,1.482243,1.560117,1.643242,1.725492,1.809491,1.895241,1.976615,2.05624,2.13499,2.20499,2.270615,2.328364,2.379989,2.421114,2.456989,2.483238,2.508614,2.526113,2.540113,2.550613,2.560238,2.569863,2.578613,2.594363,2.610113,2.632863,2.663487,2.699362,2.741362,2.789487,2.844612,2.907612,2.983736,3.064236,3.155235,3.256735,3.366984,3.484234,3.610234,3.750232,3.895482,4.052981,4.219231,4.39598,4.586729,4.786228,4.992727,5.207976,5.435475,5.673474,5.916724,6.173972,6.445221,6.71997,7.008718,7.302717,7.614216,7.930963,8.252963,8.588962,8.942459,9.299457,9.670457,10.048455,10.433454,10.825452,11.22445,11.619947,12.039946,12.459944,12.876442,13.29294,13.716438,14.139937,14.566934,14.993933,,0.0,7.5,0.0,0.0
0.144374,0.139999,0.134311,0.129499,0.126218,0.12228,0.121186,0.116155,0.114405,0.113749,0.111671,0.111343,0.107952,0.108608,0.106858,0.107077,0.1060105,0.105108,0.104999,0.105108,0.10489,0.10489,0.10478,0.105108,0.104452,0.105983,0.107624,0.107405,0.10839,0.108937,0.109812,0.111562,0.11353,0.115061,0.117905,0.120202,0.122061,0.124249,0.127093,0.130155,0.133546,0.137593,0.141311,0.146561,0.151264,0.155749,0.161764,0.16778,0.174671,0.182546,0.190967,0.200264,0.210655,0.22203,0.23417,0.246967,0.261623,0.276936,0.29367,0.313029,0.333045,0.355139,0.378435,0.403154,0.430388,0.458169,0.489122,0.520622,0.55431,0.590184,0.626387,0.663684,0.701746,0.739809,0.77809,0.816152,0.853121,0.890089,0.926183,0.959651,0.991151,1.019151,1.044964,1.065964,1.083901,1.097682,1.108838,1.115619,1.11737,1.115182,1.107745,1.097245,1.081495,1.06137,1.03862,1.013682,0.987433,0.95812,0.926183,0.894246,0.859683,0.825121,0.790996,0.755996,0.721871,0.689934,0.658434,0.628247,0.598497,0.570934,0.542935,0.517997,0.494372,0.471622,0.451498,0.433123,0.41606,0.399873,0.385873,0.371873,0.36006,0.348686,0.33906,0.330311,0.321998,0.314561,0.308873,0.302748,0.297498,0.292686,0.288311,0.283936,0.281748,0.279123,0.276498,0.274748,0.272998,0.272561,0.269498,0.269498,0.268623,0.268623,0.268623,0.268623,0.269061,0.269061,0.269936,0.271248,0.271686,0.273873,0.275623,0.276498,0.278686,0.281748,0.282623,0.285686,0.288311,0.291373,0.293998,0.297498,0.301873,0.304936,0.311061,0.314998,0.320248,0.325498,0.33206,0.33731,0.345185,0.352185,0.360498,0.369248,0.378435,0.38806,0.39856,0.40906,0.41956,0.431373,0.444498,0.457185,0.471622,0.48431,0.499185,0.51406,0.527622,0.540747,0.555184,0.569622,0.582309,0.596309,0.607247,0.619934,0.628247,0.637872,0.645309,0.650997,0.657122,0.662372,0.666309,0.666747,0.667622,0.668059,0.664559,0.662809,0.658872,0.654059,0.650559,0.646622,0.640934,0.635684,0.629559,0.625184,0.618622,0.616434,0.612934,0.611184,0.610747,0.608997,0.610747,0.612497,0.615997,0.621684,0.627372,0.637434,0.648372,0.661059,0.674621,0.691684,0.711371,0.733684,0.757746,0.786621,0.818121,0.853558,0.892495,0.93537,0.983058,1.033807,1.088932,1.148432,1.213619,1.283181,1.356244,1.433243,1.516368,1.597305,1.683055,1.768367,1.854991,1.940741,2.023865,2.10524,2.181365,2.254865,2.318739,2.379114,2.430739,2.477113,2.516488,2.548863,2.578613,2.604863,2.627613,2.647738,2.668738,2.689738,2.711612,2.737862,2.767612,2.806987,2.853362,2.906737,2.964486,3.032736,3.112361,3.198985,3.29786,3.405484,3.526234,3.657483,3.799233,3.953232,4.117731,4.29448,4.48173,4.684729,4.896478,5.125727,5.365476,5.617475,5.881723,6.154722,6.439971,6.73747,7.048968,7.367467,7.708716,8.049964,8.406962,8.77096,9.148959,9.533958,9.925956,10.328453,10.741451,11.161449,11.591948,12.022445,12.466944,12.900942,13.348939,13.793438,14.241436,14.703434,15.158433,15.623931,16.06493,16.519927,16.974924,17.429924,,0.0,7.5,0.0,0.0
0.198186,0.193374,0.189874,0.183311,0.178061,0.171936,0.168874,0.167124,0.163405,0.161436,0.158155,0.157936,0.153343,0.152468,0.152577,0.150608,0.150389,0.149296,0.148202,0.147764,0.147327,0.145686,0.146233,0.145139,0.145686,0.147108,0.145577,0.146561,0.14678,0.147108,0.146671,0.147218,0.148421,0.149405,0.151264,0.152249,0.153124,0.155202,0.156733,0.157718,0.159796,0.161874,0.163952,0.167014,0.169421,0.172374,0.175764,0.178936,0.183421,0.187796,0.192936,0.198514,0.204202,0.211092,0.218202,0.225967,0.23428,0.244233,0.254295,0.266217,0.279233,0.293233,0.308436,0.325498,0.343654,0.363232,0.384779,0.408295,0.434654,0.461997,0.491638,0.523138,0.555841,0.591169,0.628137,0.665872,0.705356,0.746371,0.787934,0.829714,0.871933,0.912183,0.952652,0.98962,1.025276,1.058089,1.088276,1.114307,1.136182,1.152588,1.164838,1.171182,1.172057,1.167682,1.158932,1.14537,1.128307,1.106869,1.08237,1.053932,1.02287,0.990495,0.95637,0.920058,0.88462,0.850058,0.815933,0.781808,0.747684,0.714434,0.682934,0.652747,0.623872,0.597184,0.573122,0.550372,0.528497,0.507935,0.489122,0.471622,0.455873,0.44056,0.427435,0.415623,0.405123,0.394623,0.385873,0.376685,0.369248,0.362685,0.35656,0.349998,0.34606,0.341685,0.337748,0.335123,0.331185,0.32856,0.325061,0.322873,0.321123,0.320686,0.318936,0.318936,0.317623,0.317186,0.316748,0.316748,0.317186,0.316748,0.317186,0.318498,0.319811,0.321561,0.321998,0.323748,0.32681,0.328123,0.33031,0.332935,0.335123,0.340373,0.343873,0.346935,0.35131,0.355685,0.360935,0.365748,0.371435,0.377123,0.38456,0.39156,0.398998,0.406873,0.413873,0.423498,0.433123,0.442748,0.45456,0.465497,0.47906,0.490872,0.50531,0.517997,0.531997,0.546872,0.56131,0.575747,0.591059,0.604622,0.619059,0.632184,0.645309,0.656684,0.666747,0.675934,0.685559,0.692559,0.697809,0.702621,0.705684,0.706121,0.704809,0.702621,0.700434,0.697371,0.693871,0.689059,0.684684,0.678559,0.674622,0.668059,0.662809,0.657559,0.654059,0.650559,0.649247,0.647497,0.645747,0.647059,0.648372,0.651434,0.655809,0.661059,0.668934,0.677684,0.687746,0.700434,0.714871,0.731934,0.749871,0.771309,0.796683,0.824246,0.855308,0.888558,0.925745,0.966433,1.011495,1.060057,1.111682,1.169869,1.231556,1.298931,1.368931,1.442868,1.51943,1.600367,1.681742,1.764867,1.849741,1.933741,2.016865,2.09649,2.17174,2.242614,2.306489,2.365989,2.417614,2.461363,2.501613,2.535738,2.562863,2.583863,2.603113,2.617988,2.631988,2.646863,2.662613,2.681862,2.705487,2.734363,2.767612,2.806112,2.851612,2.903237,2.963611,3.030986,3.111486,3.195485,3.295235,3.398484,3.513984,3.636483,3.769483,3.916482,4.072232,4.24023,4.41873,4.609479,4.810729,5.022477,5.244727,5.479225,5.727724,5.988473,6.257972,6.54147,6.837218,7.145217,7.458466,7.789215,8.130463,8.483963,8.847961,9.22246,9.603956,10.002954,10.401952,10.811452,11.224449,11.647947,12.074945,12.512444,12.946441,13.40144,13.849437,14.297436,14.745433,15.196932,,0.0,7.5,0.0,0.0
0.139561,0.136061,0.131249,0.126218,0.12053,0.113749,0.11003,0.107843,0.106749,0.105327,0.100405,0.098218312,0.095921448,0.095155832,0.093843336,0.09220272,0.090780848,0.090562096,0.089358976,0.088374608,0.087280856,0.087499608,0.086952744,0.087827736,0.087499616,0.086843368,0.087171496,0.087499616,0.086843368,0.08739024,0.087827736,0.087608984,0.08979648,0.090671472,0.092421464,0.093952712,0.0952652,0.096030824,0.098218312,0.099640184,0.101718,0.104233,0.10664,0.11003,0.112546,0.115718,0.119765,0.12414,0.128296,0.133108,0.138468,0.14503,0.151702,0.15903,0.167233,0.175983,0.185827,0.196327,0.207702,0.221155,0.235592,0.251233,0.267748,0.285795,0.305811,0.327576,0.350545,0.375263,0.401513,0.430826,0.460029,0.490435,0.522591,0.555731,0.589637,0.622887,0.656137,0.689934,0.722528,0.754465,0.78334,0.810683,0.835183,0.856839,0.874558,0.889214,0.901683,0.911089,0.916777,0.918964,0.918745,0.916558,0.911964,0.905839,0.899714,0.894027,0.889871,0.885714,0.883308,0.883527,0.885277,0.888777,0.89512,0.903433,0.913495,0.925089,0.935152,0.944995,0.951777,0.956589,0.955276,0.94762,0.937558,0.921808,0.90212,0.876745,0.848308,0.817683,0.783559,0.746371,0.710059,0.672871,0.637872,0.604184,0.571809,0.541622,0.51231,0.48606,0.459372,0.437935,0.419123,0.399435,0.384123,0.370998,0.359185,0.34781,0.337748,0.329873,0.322436,0.317186,0.311061,0.306248,0.303623,0.300998,0.297061,0.296186,0.294436,0.293561,0.292686,0.291373,0.291373,0.291811,0.291811,0.292686,0.293561,0.295748,0.296186,0.298373,0.299686,0.302748,0.304936,0.309311,0.312811,0.316748,0.321561,0.326373,0.331185,0.33556,0.342123,0.34781,0.355248,0.362685,0.369685,0.378435,0.385873,0.394185,0.40381,0.412998,0.423935,0.43356,0.44406,0.455435,0.465935,0.478185,0.488247,0.499185,0.509685,0.521497,0.531997,0.541622,0.549935,0.559122,0.566122,0.571809,0.576622,0.580122,0.584059,0.585372,0.585809,0.586247,0.584059,0.581434,0.577935,0.572685,0.568309,0.564809,0.559122,0.553435,0.549059,0.54381,0.53856,0.53331,0.528497,0.524997,0.522372,0.519747,0.51756,0.517122,0.517341,0.517122,0.51756,0.520185,0.523247,0.527622,0.534185,0.540747,0.550372,0.560435,0.571809,0.586247,0.601997,0.620372,0.640934,0.664121,0.691246,0.720559,0.751621,0.787933,0.826871,0.870183,0.915245,0.966433,1.019808,1.07887,1.139245,1.201807,1.268306,1.335681,1.405243,1.473055,1.54043,1.60693,1.66993,1.729429,1.783241,1.830491,1.874241,1.910991,1.940741,1.967866,1.990616,2.012491,2.031741,2.050115,2.06849,2.086865,2.11049,2.139365,2.170865,2.213739,2.261864,2.316114,2.378239,2.449114,2.528738,2.618863,2.718612,2.826237,2.947861,3.080861,3.22086,3.371359,3.537609,3.712608,3.897232,4.096732,4.310231,4.541229,4.779228,5.029477,5.297226,5.573725,5.871223,6.177472,6.499471,6.837219,7.190718,7.556466,7.929215,8.324712,8.732461,9.155959,9.579456,10.030955,10.489453,10.965451,11.441449,11.931447,12.435444,12.946443,13.45744,13.975437,14.503934,15.032433,15.571431,16.103427,16.617923,17.163924,17.70292,18.234918,,2.5,5.0,0.0,0.0
0.152249,0.146999,0.137374,0.134749,0.127749,0.122936,0.116374,0.11528,0.112655,0.108171,0.103358,0.10314,0.099530816,0.097015192,0.097890184,0.09493708,0.092968336,0.091437096,0.091218344,0.089905856,0.088155856,0.087171496,0.088155856,0.087280856,0.08771836,0.087062112,0.088155856,0.087608992,0.087827736,0.087937112,0.087937112,0.088812104,0.090233976,0.091437096,0.092421464,0.094280832,0.095046448,0.096577696,0.098108944,0.100296,0.102046,0.104671,0.106968,0.11014,0.113093,0.116811,0.12053,0.124577,0.128843,0.134093,0.139561,0.145905,0.152686,0.160233,0.168217,0.177296,0.186921,0.19753,0.209233,0.22192,0.236905,0.252108,0.26917,0.287545,0.307451,0.328889,0.352514,0.377451,0.404466,0.433451,0.463638,0.495466,0.528825,0.562403,0.597075,0.632622,0.667622,0.703059,0.737184,0.77109,0.803246,0.832996,0.859683,0.883527,0.904964,0.922902,0.936902,0.949151,0.957245,0.963589,0.966433,0.967526,0.967089,0.966214,0.96512,0.96512,0.967964,0.972339,0.980214,0.98962,1.002745,1.018932,1.037964,1.059182,1.080182,1.104245,1.12612,1.145369,1.158932,1.167682,1.167682,1.160682,1.146244,1.124807,1.097245,1.063557,1.025932,0.983933,0.93887,0.892058,0.844808,0.798433,0.752496,0.710496,0.671997,0.634372,0.598934,0.566997,0.537247,0.51056,0.485622,0.46331,0.445373,0.42831,0.413435,0.400748,0.388935,0.37931,0.37056,0.36181,0.35656,0.350873,0.34606,0.342998,0.339498,0.337748,0.334686,0.332498,0.331623,0.329873,0.329873,0.3299825,0.330119375,0.330311,0.330311,0.332061,0.332935,0.334686,0.336873,0.339061,0.342998,0.34606,0.35131,0.354373,0.359623,0.363998,0.369248,0.375373,0.38281,0.388935,0.395498,0.402498,0.411248,0.419123,0.427873,0.434873,0.444935,0.454122,0.46331,0.474247,0.483435,0.493935,0.504435,0.513622,0.523685,0.532872,0.542497,0.551685,0.559997,0.568747,0.575309,0.581872,0.585809,0.588872,0.592809,0.594122,0.595872,0.596747,0.595434,0.595434,0.591059,0.589309,0.585809,0.581435,0.577059,0.573122,0.570059,0.567434,0.562622,0.559997,0.55606,0.553434,0.550809,0.549497,0.548185,0.547747,0.548185,0.549497,0.55081,0.552997,0.556497,0.559559,0.564372,0.570935,0.578372,0.586684,0.598059,0.609872,0.623434,0.639184,0.654497,0.675934,0.697809,0.724059,0.752496,0.783996,0.817246,0.854433,0.895558,0.93887,0.988308,1.03862,1.095495,1.155869,1.218869,1.283619,1.352743,1.423181,1.494055,1.565805,1.637117,1.706242,1.773617,1.833992,1.893491,1.945116,1.991491,2.030865,2.06499,2.097365,2.12624,2.153365,2.177865,2.20324,2.230365,2.260115,2.293365,2.334489,2.379989,2.436864,2.498114,2.570738,2.652988,2.739612,2.838487,2.948737,3.066861,3.19811,3.338984,3.494734,3.660108,3.835983,4.024981,4.226231,4.43973,4.668978,4.906977,5.164227,5.435475,5.720724,6.014723,6.327972,6.649969,6.985969,7.335967,7.699965,8.083213,8.478711,8.87946,9.299458,9.729957,10.174453,10.636453,11.10895,11.595447,12.095946,12.603443,13.12494,13.649939,14.181936,14.720935,15.256432,15.798929,16.365926,16.904924,17.46492,18.017918,18.556916,19.088912,19.634912,,2.5,5.0,0.0,0.0
0.145249,0.139124,0.131249,0.126874,0.120311,0.118124,0.113749,0.110249,0.108062,0.10303,0.102155,0.099640184,0.09712456,0.09646832,0.095155824,0.095046448,0.093077712,0.091765216,0.09110897,0.08979648,0.089796472,0.088812104,0.08886679,0.088483976,0.088374608,0.08804648,0.088374608,0.089577728,0.0892496,0.089577728,0.090890216,0.09253084,0.093296456,0.09460896,0.096249576,0.09799956,0.099640184,0.102155,0.104562,0.107077,0.109702,0.113093,0.116374,0.120749,0.125671,0.129718,0.135077,0.140765,0.146889,0.153561,0.161436,0.169968,0.179811,0.19053,0.201467,0.213936,0.226186,0.240514,0.256045,0.272998,0.291483,0.31117,0.332607,0.354373,0.377888,0.402498,0.429076,0.455435,0.482997,0.510888,0.539653,0.567544,0.594559,0.62059,0.645965,0.668715,0.689715,0.708965,0.725371,0.739809,0.751184,0.759277,0.763871,0.766277,0.766934,0.764965,0.761027,0.756652,0.750309,0.744184,0.736528,0.72909,0.722527,0.716621,0.712246,0.710934,0.711371,0.714434,0.719465,0.727121,0.737184,0.749652,0.763871,0.779184,0.795371,0.811996,0.826652,0.838027,0.84634,0.84984,0.848746,0.841527,0.829933,0.812215,0.792746,0.768465,0.740902,0.711153,0.679872,0.647278,0.615778,0.583622,0.552341,0.524341,0.496341,0.471841,0.44756,0.425685,0.405998,0.387404,0.371873,0.357217,0.344529,0.334029,0.324186,0.316529,0.309311,0.303186,0.297717,0.294217,0.290279,0.287654,0.286561,0.284373,0.283061,0.282405,0.282186,0.281967,0.280873,0.281311,0.281967,0.284154,0.284811,0.285904,0.287217,0.288967,0.291592,0.293561,0.296404,0.299029,0.303404,0.307561,0.311498,0.315873,0.321123,0.325498,0.331404,0.337092,0.343654,0.349998,0.357217,0.365092,0.372967,0.381498,0.390029,0.398998,0.407091,0.416716,0.426998,0.437498,0.44756,0.457841,0.467685,0.476216,0.48606,0.495466,0.503997,0.512528,0.520185,0.525872,0.532435,0.538997,0.541622,0.544247,0.545997,0.548841,0.550372,0.550591,0.549935,0.549935,0.547966,0.545997,0.54206,0.54031,0.535716,0.53331,0.530028,0.526747,0.52456,0.520622,0.517997,0.516247,0.513403,0.512528,0.513185,0.512966,0.513622,0.516247,0.518872,0.521935,0.525435,0.532434,0.538997,0.546435,0.556935,0.569622,0.581872,0.598497,0.614684,0.634372,0.655809,0.680747,0.707434,0.739809,0.773933,0.811996,0.853558,0.89862,0.946745,0.999245,1.055245,1.115619,1.178182,1.244681,1.311619,1.380743,1.450306,1.518118,1.585055,1.65068,1.711929,1.767929,1.822616,1.869866,1.911866,1.949491,1.983616,2.01249,2.041365,2.067615,2.095615,2.12449,2.15774,2.19099,2.23124,2.275864,2.326614,2.386989,2.454364,2.531363,2.617988,2.714237,2.820987,2.937362,3.065111,3.20336,3.35386,3.516609,3.692483,3.881482,4.080981,4.29098,4.520229,4.758228,5.011977,5.276226,5.563225,5.860724,6.173972,6.499471,6.840719,7.194217,7.563465,7.944964,8.340463,8.748211,9.180458,9.614457,10.062454,10.524453,10.99345,11.469449,11.955947,12.452944,12.967442,13.48194,13.996436,14.517934,15.053433,15.58193,16.099928,16.610923,17.135924,17.66792,18.185918,18.703916,19.228912,19.746912,20.250908,20.740908,,2.5,5.0,0.0,0.0
0.131686,0.129936,0.122499,0.117468,0.113749,0.108499,0.105218,0.102155,0.097890192,0.09646832,0.09406208,0.090890216,0.089140232,0.08826524,0.086296488,0.084327752,0.084546496,0.083890248,0.080937144,0.081265264,0.08049964,0.079952768,0.07962464,0.08017152,0.0798434,0.079405904,0.080280888,0.080609024,0.08017152,0.080062144,0.080827768,0.082140264,0.082249632,0.083234008,0.084218376,0.085530872,0.086843368,0.088483976,0.089358976,0.090890216,0.092640216,0.094827704,0.097233952,0.099640192,0.102374,0.105327,0.108062,0.111671,0.115499,0.119874,0.124358,0.130155,0.135515,0.142186,0.14853,0.156843,0.164608,0.173577,0.183311,0.194358,0.20628,0.219295,0.233623,0.248827,0.265342,0.282951,0.302311,0.323092,0.345185,0.36881,0.39342,0.419123,0.446029,0.473701,0.501482,0.529372,0.557591,0.586575,0.614903,0.642465,0.668606,0.693871,0.717278,0.738934,0.759059,0.776996,0.79384,0.808496,0.821621,0.833215,0.842621,0.850714,0.857058,0.864277,0.870839,0.877839,0.886152,0.895996,0.906277,0.918527,0.933183,0.947839,0.965776,0.983276,1.000995,1.01937,1.036214,1.049339,1.058745,1.062245,1.060057,1.05262,1.038182,1.018495,0.995745,0.966433,0.934495,0.899058,0.860558,0.820308,0.780059,0.741121,0.701309,0.665434,0.630434,0.597622,0.566997,0.538122,0.511872,0.48781,0.46506,0.44581,0.42831,0.413435,0.40031,0.38806,0.376685,0.367498,0.359185,0.352623,0.345185,0.339936,0.335998,0.332061,0.329436,0.326373,0.323748,0.321561,0.320248,0.318498,0.316748,0.316748,0.3163105,0.315873,0.315873,0.316748,0.317623,0.318061,0.319811,0.321123,0.323748,0.326373,0.328998,0.332061,0.335998,0.339498,0.343435,0.348685,0.35306,0.35831,0.364435,0.369685,0.376248,0.381935,0.389373,0.397248,0.40381,0.411685,0.418685,0.42831,0.436623,0.444935,0.453247,0.461997,0.469435,0.47731,0.485185,0.493497,0.500497,0.508372,0.514497,0.520185,0.524997,0.528935,0.532435,0.53506,0.537685,0.539872,0.541185,0.540747,0.54031,0.538997,0.537247,0.534622,0.53331,0.530247,0.52631,0.52456,0.522372,0.517997,0.516247,0.51231,0.510122,0.508372,0.50706,0.505747,0.505747,0.505747,0.504872,0.50531,0.507497,0.50881,0.511435,0.516685,0.52106,0.527185,0.533747,0.541185,0.552122,0.562185,0.576184,0.589747,0.606372,0.625184,0.646622,0.668497,0.694747,0.722309,0.752496,0.785746,0.821621,0.859683,0.902996,0.946745,0.992683,1.042995,1.091995,1.144494,1.196994,1.250806,1.304619,1.355369,1.405243,1.453806,1.498431,1.539555,1.578492,1.612618,1.644992,1.672117,1.699242,1.726367,1.749992,1.773617,1.797242,1.822616,1.849741,1.878616,1.910116,1.947741,1.989741,2.037865,2.08949,2.14724,2.21024,2.279364,2.355489,2.440364,2.533113,2.631988,2.738737,2.854237,2.980236,3.114111,3.254985,3.408984,3.569984,3.744983,3.926982,4.122981,4.32598,4.542979,4.768729,5.003228,5.251726,5.510725,5.781974,6.065473,6.355972,6.662219,6.973719,7.304467,7.642215,7.992214,8.354462,8.71846,9.106959,9.502458,9.904955,10.310954,10.730951,11.147449,11.567449,12.008446,12.445944,12.883442,13.313939,13.758438,14.202937,14.633435,,2.5,5.0,0.0,0.0
0.162749,0.158374,0.150936,0.144593,0.139124,0.135843,0.12928,0.125561,0.123593,0.12053,0.116811,0.113858,0.11189,0.11014,0.10839,0.106202,0.104999,0.103358,0.101499,0.10128,0.101171,0.099640192,0.099202688,0.098874568,0.098655816,0.098765184,0.098437072,0.097890192,0.098765192,0.09974956,0.099421432,0.099749552,0.100405,0.101718,0.102593,0.103796,0.105108,0.106421,0.107733,0.109155,0.110468,0.112983,0.11539,0.118124,0.120968,0.123483,0.126874,0.130374,0.134202,0.138577,0.143608,0.149186,0.155202,0.161546,0.168546,0.176639,0.184733,0.19403,0.204202,0.215577,0.228373,0.241608,0.256373,0.27278,0.289514,0.308217,0.327904,0.349451,0.372748,0.397466,0.42306,0.450622,0.478622,0.507716,0.537794,0.5682,0.599153,0.630872,0.662153,0.692559,0.722309,0.750965,0.77809,0.803465,0.82709,0.848746,0.867996,0.886152,0.901245,0.915027,0.926839,0.935589,0.943027,0.950027,0.956151,0.962714,0.970151,0.978683,0.988526,0.999464,1.011714,1.026151,1.044089,1.062901,1.083245,1.104245,1.124807,1.144494,1.161119,1.172057,1.178182,1.179057,1.172057,1.158494,1.140557,1.11562,1.085432,1.049995,1.011057,0.969495,0.92662,0.882433,0.837808,0.796683,0.756434,0.717496,0.680746,0.645747,0.613809,0.583184,0.556935,0.531997,0.51056,0.491747,0.47381,0.458497,0.444935,0.432248,0.42131,0.412123,0.403373,0.397248,0.391123,0.386748,0.382373,0.378435,0.375373,0.371873,0.369685,0.367935,0.366185,0.365748,0.36531,0.36356,0.364435,0.363123,0.363998,0.364873,0.36531,0.36706,0.370123,0.371873,0.37581,0.378435,0.382373,0.386748,0.391123,0.394185,0.399873,0.40556,0.412123,0.41956,0.425685,0.432248,0.44056,0.448872,0.456747,0.465497,0.475122,0.485185,0.495247,0.505747,0.516247,0.525435,0.537247,0.547747,0.556935,0.568309,0.578809,0.588872,0.597622,0.606372,0.613809,0.620809,0.626059,0.630872,0.635684,0.638747,0.641372,0.643122,0.643559,0.641809,0.640059,0.636997,0.633934,0.630434,0.626934,0.622122,0.619059,0.613809,0.609872,0.604184,0.600247,0.596747,0.594122,0.591934,0.590184,0.588434,0.587122,0.586684,0.586684,0.587997,0.589309,0.591934,0.597622,0.602872,0.608997,0.616872,0.626059,0.638309,0.650122,0.665434,0.682497,0.702621,0.724496,0.749434,0.776559,0.805433,0.838246,0.874558,0.914808,0.956808,1.00362,1.053495,1.106432,1.162432,1.221057,1.280119,1.342243,1.404368,1.466493,1.527743,1.588118,1.644992,1.700117,1.749992,1.795491,1.836617,1.873366,1.903116,1.934616,1.960866,1.985366,2.005491,2.02649,2.04924,2.07024,2.09474,2.12274,2.15599,2.193615,2.23824,2.284614,2.341489,2.403614,2.472738,2.549738,2.634613,2.729987,2.832362,2.943487,3.063361,3.193735,3.333735,3.484234,3.643484,3.816732,3.998732,4.191231,4.39773,4.612979,4.842228,5.085476,5.339226,5.603475,5.883474,6.177472,6.480221,6.79872,7.131218,7.474216,7.831216,8.196962,8.581961,8.980961,9.386957,9.803456,10.233954,10.674952,11.12295,11.581448,12.043445,12.522944,12.998941,13.48894,13.989437,14.482934,14.986933,15.49093,15.994926,,2.5,5.0,0.0,0.0
0.199061,0.189874,0.183749,0.177405,0.170624,0.16603,0.16253,0.156186,0.153124,0.149843,0.14678,0.143389,0.142186,0.140765,0.136499,0.13628,0.13628,0.134858,0.132452,0.131249,0.128733,0.128296,0.12791275,0.127311,0.127311,0.127311,0.12711975,0.126874,0.126983,0.126546,0.12589,0.126655,0.126983,0.127749,0.128186,0.129608,0.130374,0.131249,0.132671,0.133218,0.135296,0.136827,0.138249,0.140655,0.142514,0.145249,0.147327,0.15028,0.15378,0.157171,0.161327,0.165374,0.170733,0.176202,0.18178,0.187686,0.194905,0.20267,0.210983,0.22028,0.230452,0.242045,0.254186,0.26742,0.282405,0.298154,0.315982,0.334795,0.355357,0.37756,0.401732,0.426888,0.453576,0.482232,0.512528,0.544685,0.577059,0.611512,0.646622,0.683918,0.719903,0.75534,0.791215,0.826433,0.860996,0.893152,0.923777,0.953308,0.980214,1.004057,1.024401,1.043651,1.059401,1.072526,1.083026,1.093526,1.104245,1.113432,1.122182,1.131369,1.141432,1.152369,1.163744,1.175994,1.189994,1.204432,1.216682,1.225869,1.232869,1.236806,1.233306,1.224119,1.208807,1.188244,1.163307,1.13137,1.095932,1.056557,1.015432,0.969933,0.925308,0.880683,0.836058,0.796246,0.755996,0.719246,0.683371,0.650997,0.620809,0.593684,0.569622,0.546872,0.52806,0.510997,0.49481,0.482122,0.469435,0.458935,0.450185,0.441435,0.433123,0.427435,0.42306,0.418685,0.41431,0.410373,0.406873,0.404248,0.401185,0.39856,0.39681,0.396373,0.395498,0.39506,0.3945135,0.393748,0.393748,0.393748,0.394185,0.395498,0.398123,0.401185,0.402935,0.405998,0.40906,0.412998,0.417373,0.420873,0.425685,0.430498,0.43706,0.44406,0.450185,0.456747,0.46331,0.471185,0.478185,0.487372,0.496122,0.50531,0.514935,0.524997,0.534622,0.544685,0.553434,0.565247,0.574434,0.585372,0.595434,0.606809,0.615122,0.625184,0.632622,0.640059,0.647934,0.653184,0.657997,0.662371,0.665434,0.667622,0.667622,0.666747,0.664997,0.664559,0.659747,0.656684,0.652309,0.648809,0.644434,0.640497,0.635684,0.631309,0.626934,0.622997,0.619497,0.616872,0.616434,0.614247,0.612497,0.613809,0.612934,0.613809,0.615559,0.619059,0.623434,0.628684,0.634372,0.640934,0.650997,0.660621,0.673309,0.685559,0.700871,0.719246,0.739809,0.761684,0.787059,0.814621,0.843933,0.878496,0.914808,0.955058,0.999245,1.044745,1.09462,1.149307,1.205307,1.263056,1.325619,1.389931,1.455556,1.520305,1.587242,1.653305,1.716742,1.776242,1.833117,1.884741,1.934616,1.979241,2.01949,2.055365,2.088615,2.11749,2.146365,2.16999,2.193615,2.221615,2.247864,2.281115,2.316989,2.357239,2.401864,2.450863,2.507738,2.572488,2.643363,2.719488,2.806112,2.900612,3.003861,3.113235,3.23311,3.35911,3.499984,3.646983,3.800983,3.967231,4.14748,4.33648,4.532479,4.733728,4.955978,5.181726,5.423225,5.668225,5.932473,6.205472,6.485471,6.772469,7.075218,7.388467,7.712215,8.041212,8.385963,8.735961,9.099959,9.467457,9.845456,10.223455,10.618953,11.017951,11.416949,11.822947,12.232445,12.659442,13.075941,13.50294,13.929937,14.360435,,2.5,5.0,0.0,0.0
0.208686,0.202561,0.195124,0.188561,0.180686,0.177842,0.171717,0.169967,0.163405,0.160999,0.157499,0.156077,0.152577,0.151046,0.149952,0.147764,0.143171,0.144702,0.144374,0.141421,0.14153,0.139124,0.140108,0.137921,0.13814,0.138358,0.137702,0.138468,0.139343,0.138468,0.138468,0.139233,0.139561,0.141311,0.142624,0.142952,0.144811,0.145905,0.146999,0.148093,0.150171,0.152686,0.154546,0.157389,0.159686,0.162968,0.166358,0.169202,0.173249,0.177842,0.182764,0.188124,0.194467,0.20103,0.208139,0.215467,0.223999,0.233295,0.243467,0.254733,0.26742,0.280983,0.296186,0.312264,0.329764,0.348357,0.369795,0.392107,0.41606,0.442857,0.470857,0.501044,0.532325,0.565247,0.599591,0.635903,0.673418,0.711809,0.751184,0.79209,0.832121,0.871496,0.910214,0.947839,0.983714,1.018276,1.05087,1.080182,1.107307,1.131807,1.151713,1.168776,1.183432,1.193932,1.202244,1.210119,1.216682,1.221057,1.225432,1.228494,1.231119,1.235494,1.239431,1.242932,1.246869,1.252994,1.256056,1.257806,1.256494,1.252119,1.244244,1.229807,1.211432,1.187369,1.162432,1.131369,1.09637,1.059182,1.01937,0.97737,0.93537,0.892058,0.849621,0.811996,0.773496,0.738496,0.704371,0.671997,0.643559,0.615997,0.592372,0.569622,0.55081,0.533747,0.518872,0.504435,0.492622,0.481685,0.471622,0.46331,0.45631,0.449748,0.444935,0.441873,0.436623,0.43356,0.430498,0.427873,0.426123,0.423498,0.422623,0.420873,0.42131,0.420435,0.420435,0.420873,0.422185,0.422185,0.424373,0.425685,0.427873,0.430935,0.433997,0.437498,0.440998,0.444497,0.449747,0.45456,0.459372,0.465935,0.472497,0.47906,0.485185,0.493935,0.500935,0.510122,0.517997,0.526747,0.53681,0.547309,0.558684,0.569622,0.579247,0.591497,0.602872,0.612934,0.624309,0.636997,0.648809,0.660184,0.670246,0.680309,0.689496,0.699121,0.705684,0.710934,0.718809,0.724059,0.726246,0.730184,0.731059,0.731934,0.731059,0.729309,0.727121,0.724496,0.720559,0.718809,0.713996,0.710496,0.706559,0.701309,0.696059,0.692996,0.689059,0.687746,0.685121,0.682934,0.680746,0.680747,0.680309,0.680309,0.682496,0.683809,0.688622,0.692559,0.699559,0.706559,0.714871,0.725371,0.737184,0.750746,0.766934,0.785746,0.807183,0.831683,0.857496,0.886808,0.919183,0.95462,0.994432,1.036432,1.08237,1.132682,1.186057,1.244682,1.303744,1.366743,1.431056,1.499743,1.568868,1.638867,1.708867,1.777991,1.846241,1.909241,1.969616,2.026491,2.078115,2.12624,2.16999,2.209365,2.24524,2.275864,2.303864,2.329239,2.353739,2.379989,2.403614,2.432489,2.466614,2.500738,2.538363,2.580363,2.629363,2.684487,2.744862,2.811362,2.886612,2.969736,3.059861,3.156985,3.26111,3.376609,3.496484,3.627733,3.765982,3.918231,4.077482,4.243731,4.420479,4.605979,4.801978,5.006727,5.221976,5.444225,5.682224,5.925473,6.177472,6.43997,6.711219,6.992969,7.279967,7.579215,7.892464,8.207463,8.536462,8.86546,9.204959,9.551457,9.901455,10.261955,10.618953,10.98995,11.357449,11.738947,12.120445,12.505443,12.886942,13.27894,,2.5,7.5,0.0,0.0
0.164499,0.157499,0.146561,0.142186,0.136718,0.132561,0.129061,0.123593,0.12064,0.117905,0.114952,0.111452,0.107296,0.105327,0.10653,0.102483,0.100624,0.09920268,0.098765184,0.098874568,0.097999568,0.095921448,0.097015192,0.09592144,0.097015192,0.096468328,0.09767144,0.097124568,0.098655808,0.098327688,0.099202688,0.100296,0.102046,0.103687,0.105655,0.107515,0.109374,0.111561,0.113968,0.116811,0.119655,0.123046,0.127202,0.131468,0.135733,0.140436,0.145577,0.150936,0.157389,0.164499,0.172155,0.181124,0.19053,0.201249,0.212514,0.224327,0.238545,0.252873,0.269498,0.287873,0.30767,0.329545,0.35306,0.379201,0.406763,0.437169,0.470529,0.505638,0.544138,0.584934,0.628247,0.673965,0.720559,0.76934,0.820746,0.871714,0.923558,0.976714,1.029214,1.079963,1.128745,1.175994,1.219088,1.257588,1.291494,1.320806,1.346619,1.368056,1.383368,1.394306,1.400868,1.400868,1.397368,1.391681,1.384243,1.375931,1.367181,1.359743,1.353181,1.347931,1.343994,1.342681,1.344868,1.347931,1.352306,1.360181,1.366306,1.369806,1.369368,1.364993,1.353181,1.335681,1.312056,1.280119,1.245119,1.205744,1.161119,1.112557,1.060932,1.00887,0.955495,0.90387,0.853996,0.807183,0.762996,0.722309,0.683371,0.647934,0.615122,0.585809,0.558685,0.533747,0.51406,0.495685,0.47906,0.46506,0.452373,0.440998,0.431373,0.42306,0.41606,0.40906,0.405123,0.401623,0.398123,0.395498,0.39331,0.391123,0.389373,0.387623,0.387185,0.387185,0.387623,0.38981,0.389373,0.39156,0.39331,0.394185,0.397685,0.401623,0.405123,0.409935,0.414748,0.420873,0.426998,0.43356,0.439685,0.447123,0.455435,0.464622,0.474247,0.48431,0.493935,0.504435,0.51581,0.527622,0.54031,0.552997,0.56656,0.580997,0.595872,0.610747,0.626059,0.640497,0.655372,0.670246,0.685121,0.699121,0.712684,0.725371,0.737621,0.748121,0.756871,0.764309,0.769559,0.773496,0.777434,0.779184,0.779184,0.776559,0.773934,0.769996,0.763871,0.756871,0.749871,0.742434,0.734121,0.726246,0.719684,0.712684,0.703059,0.696059,0.689496,0.684684,0.679434,0.675496,0.672434,0.669809,0.666747,0.667184,0.667622,0.669372,0.671559,0.675934,0.682934,0.690809,0.700871,0.714434,0.727559,0.745059,0.763871,0.786183,0.812433,0.843496,0.877183,0.91262,0.954183,1.000557,1.049557,1.104682,1.162869,1.228932,1.297619,1.371556,1.451618,1.534743,1.622242,1.707992,1.798117,1.889991,1.979241,2.066741,2.15074,2.232115,2.302114,2.365989,2.423739,2.470988,2.507738,2.538363,2.562863,2.581238,2.597863,2.607488,2.617988,2.629363,2.639863,2.653863,2.673987,2.702862,2.740487,2.781612,2.834112,2.893612,2.965361,3.044111,3.13511,3.23661,3.351235,3.478984,3.611984,3.762483,3.923482,4.096732,4.28223,4.48348,4.696978,4.922728,5.160727,5.419725,5.685724,5.967473,6.259721,6.569471,6.889719,7.222217,7.573966,7.937964,8.308962,8.700961,9.09996,9.516457,9.946955,10.384454,10.835952,11.308448,11.780947,12.274445,12.767942,13.271941,13.782939,14.297435,14.811933,15.336931,15.865429,16.400925,16.925924,17.45092,17.98292,18.486916,,2.5,7.5,0.0,0.0
0.153561,0.148311,0.141311,0.13628,0.131468,0.12578,0.124249,0.117905,0.11889,0.11353,0.110905,0.109812,0.105765,0.104233,0.101827,0.100296,0.101608,0.100296,0.098874568,0.097452688,0.095593328,0.0961402,0.0961402,0.096140208,0.096003482,0.095921448,0.095812072,0.096468328,0.097015192,0.096687072,0.097890192,0.098983936,0.100077,0.101499,0.102483,0.104562,0.106202,0.107843,0.11014,0.112327,0.115061,0.118561,0.121952,0.125452,0.12928,0.133655,0.138468,0.143499,0.149186,0.15553,0.162968,0.170952,0.179592,0.189108,0.199717,0.210764,0.223452,0.237014,0.251998,0.268514,0.286233,0.30592,0.326701,0.348795,0.372748,0.397904,0.425029,0.453029,0.483107,0.514278,0.545669,0.577934,0.609981,0.6417,0.672653,0.703059,0.73084,0.758402,0.78334,0.805652,0.825121,0.84109,0.853996,0.863183,0.869964,0.873683,0.874339,0.873683,0.871277,0.866027,0.859683,0.852902,0.845683,0.838683,0.831902,0.827308,0.82534,0.82534,0.827308,0.831246,0.838027,0.846558,0.857496,0.870621,0.884183,0.898839,0.912183,0.92312,0.930777,0.934495,0.93362,0.92662,0.913933,0.89687,0.876746,0.851371,0.823808,0.792746,0.759496,0.724496,0.690809,0.655809,0.622997,0.591059,0.56131,0.532872,0.506185,0.481685,0.459372,0.43881,0.419123,0.40206,0.387623,0.37581,0.364435,0.35481,0.346498,0.339498,0.332061,0.326811,0.322436,0.318936,0.316748,0.315436,0.314123,0.311936,0.311498,0.310623,0.310623,0.309311,0.309748,0.311061,0.311936,0.313248,0.314561,0.316311,0.318498,0.320248,0.323311,0.325936,0.329873,0.333373,0.336873,0.34256,0.34781,0.351748,0.357435,0.362685,0.369248,0.37581,0.383248,0.389373,0.398123,0.406873,0.414748,0.421748,0.432248,0.440123,0.451498,0.460685,0.470747,0.480372,0.489997,0.50006,0.51056,0.518435,0.526747,0.534622,0.542497,0.549497,0.555622,0.559559,0.563059,0.565685,0.568747,0.567872,0.569185,0.569622,0.568309,0.566997,0.564809,0.562622,0.55956,0.557372,0.55431,0.551247,0.549059,0.546435,0.543372,0.541622,0.54031,0.53681,0.535497,0.534622,0.534622,0.534622,0.535935,0.536372,0.537685,0.541622,0.544684,0.549497,0.55431,0.561747,0.569622,0.579685,0.589309,0.602872,0.616872,0.634809,0.652747,0.674184,0.698246,0.725371,0.755996,0.788808,0.825996,0.866246,0.909121,0.957245,1.008432,1.06312,1.12437,1.185182,1.251244,1.318619,1.387306,1.457743,1.52643,1.595555,1.663367,1.726804,1.786742,1.842741,1.894366,1.938991,1.978366,2.013365,2.043991,2.07024,2.099115,2.123615,2.149865,2.17699,2.20849,2.240864,2.277614,2.323989,2.372989,2.430739,2.499863,2.576863,2.660863,2.754487,2.857737,2.971486,3.096611,3.230485,3.37836,3.535859,3.707358,3.888482,4.080981,4.29098,4.507979,4.742479,4.990978,5.253476,5.529975,5.816973,6.119722,6.436471,6.770719,7.115467,7.474216,7.845214,8.233712,8.63096,9.04396,9.467457,9.901456,10.349453,10.804452,11.266449,11.749448,12.235945,12.732943,13.22994,13.730438,14.237936,14.745434,15.252933,15.763929,16.253929,16.750926,17.268922,17.779918,18.283918,18.773916,19.270916,,2.5,7.5,0.0,0.0
0.168874,0.164499,0.158374,0.15203,0.146561,0.139343,0.134093,0.131686,0.128624,0.124796,0.120858,0.118124,0.117358,0.113202,0.112546,0.110358,0.109921,0.108171,0.106858,0.106312,0.104343,0.104671,0.103687,0.103577,0.103687,0.104343,0.104671,0.105108,0.105983,0.106093,0.106858,0.107624,0.109374,0.11014,0.11189,0.114515,0.116483,0.118233,0.12053,0.123265,0.12578,0.129718,0.132999,0.136718,0.140655,0.145468,0.150171,0.155968,0.161436,0.168327,0.175436,0.183749,0.193046,0.20267,0.213608,0.22542,0.237998,0.252764,0.268295,0.285686,0.304717,0.325717,0.348467,0.372967,0.399873,0.429623,0.461122,0.495466,0.532435,0.571809,0.613591,0.657559,0.703825,0.751184,0.800183,0.849839,0.900152,0.951995,1.003401,1.053276,1.102057,1.148213,1.191963,1.231338,1.26765,1.298494,1.325619,1.348806,1.367618,1.381618,1.389493,1.394306,1.394743,1.391243,1.386431,1.380743,1.374618,1.368931,1.363681,1.359743,1.357556,1.356681,1.358868,1.361931,1.366306,1.372868,1.378556,1.381618,1.378993,1.374181,1.362369,1.344869,1.320806,1.289744,1.255181,1.215369,1.170744,1.123057,1.072745,1.021557,0.969495,0.918308,0.869746,0.824683,0.781371,0.740246,0.702184,0.667184,0.634372,0.604622,0.578372,0.554747,0.534185,0.516247,0.499185,0.485622,0.472497,0.461998,0.451935,0.44406,0.436185,0.430498,0.426123,0.423498,0.419123,0.41606,0.413435,0.411685,0.410373,0.408623,0.408623,0.40906,0.408623,0.409498,0.410373,0.411685,0.413435,0.415623,0.418685,0.421748,0.426123,0.430498,0.43531,0.440998,0.446685,0.45281,0.459372,0.467685,0.475997,0.48431,0.493497,0.503122,0.513185,0.52456,0.53506,0.546872,0.559997,0.572247,0.58581,0.600684,0.615559,0.630434,0.645747,0.660621,0.676809,0.691684,0.706121,0.720996,0.734996,0.749871,0.762121,0.773059,0.783559,0.792746,0.799309,0.803684,0.808496,0.811558,0.812434,0.812434,0.809371,0.807621,0.802371,0.795371,0.789246,0.782684,0.776121,0.767809,0.761684,0.752934,0.745496,0.737621,0.731934,0.725371,0.720996,0.716184,0.713996,0.711371,0.708746,0.707434,0.706121,0.708309,0.710496,0.713121,0.719246,0.726246,0.736309,0.748121,0.759934,0.776121,0.795371,0.816371,0.839121,0.869308,0.900808,0.935808,0.974308,1.018058,1.064432,1.11737,1.174244,1.236806,1.303743,1.374619,1.449868,1.532118,1.615242,1.703617,1.791116,1.882116,1.973991,2.06149,2.148115,2.230365,2.306489,2.376489,2.436863,2.490239,2.535738,2.573363,2.602238,2.626738,2.646863,2.661738,2.674863,2.685362,2.697612,2.712487,2.730862,2.753612,2.789487,2.824487,2.872612,2.923362,2.985486,3.056361,3.136861,3.226985,3.330235,3.443984,3.566484,3.699483,3.842983,4.002232,4.170231,4.34873,4.544729,4.749478,4.968228,5.199226,5.438976,5.692724,5.963973,6.240472,6.532721,6.833719,7.155718,7.486467,7.822465,8.182963,8.550461,8.93196,9.316958,9.722956,10.146454,10.573453,11.021451,11.472948,11.934946,12.403944,12.886942,13.36644,13.863439,14.353435,14.853933,15.350932,15.861927,16.372925,16.876926,17.37392,,2.5,7.5,0.0,0.0
0.153124,0.147874,0.141311,0.134311,0.129936,0.125124,0.119655,0.117905,0.113968,0.109921,0.106858,0.104562,0.103577,0.10139,0.098327696,0.098437064,0.096905824,0.095593328,0.094390208,0.09460896,0.09373396,0.091983968,0.093187088,0.092640216,0.093733962,0.09460896,0.094499584,0.094171456,0.094827704,0.096905824,0.097562064,0.098546432,0.100952,0.102483,0.10478,0.107405,0.109483,0.112546,0.11528,0.118671,0.121843,0.126546,0.13103,0.136061,0.141202,0.146889,0.153452,0.160671,0.168436,0.176967,0.186592,0.196874,0.208577,0.221483,0.234827,0.249592,0.265998,0.283936,0.303733,0.325061,0.348576,0.374279,0.401951,0.431482,0.462763,0.497544,0.534403,0.572794,0.613153,0.656903,0.702512,0.747027,0.792965,0.840214,0.887683,0.933402,0.978026,1.022432,1.064651,1.103151,1.138369,1.169869,1.19765,1.219744,1.235494,1.248619,1.259119,1.263931,1.265244,1.263494,1.258244,1.250807,1.239869,1.228932,1.218869,1.208807,1.200057,1.193932,1.189119,1.187807,1.187369,1.190432,1.197432,1.204869,1.212306,1.222369,1.231556,1.238994,1.239869,1.237244,1.228494,1.214494,1.192182,1.164619,1.133994,1.099432,1.058745,1.014995,0.97037,0.92312,0.875871,0.829933,0.784871,0.744184,0.704371,0.667184,0.632622,0.600684,0.570059,0.54381,0.520185,0.497872,0.478622,0.461998,0.447997,0.434435,0.422623,0.41256,0.404685,0.398123,0.390685,0.38631,0.382373,0.380185,0.37756,0.374935,0.37406,0.372748,0.371873,0.371435,0.371873,0.373623,0.374498,0.374935,0.377123,0.380623,0.382373,0.38456,0.38806,0.392435,0.397248,0.401623,0.40731,0.413435,0.420435,0.42656,0.43356,0.441872,0.449748,0.459372,0.468123,0.47906,0.490435,0.500935,0.51231,0.525435,0.53856,0.550372,0.565247,0.579684,0.595872,0.609872,0.623872,0.639622,0.655372,0.668497,0.681621,0.695184,0.708309,0.719684,0.729309,0.737621,0.745059,0.751184,0.754684,0.756871,0.759934,0.760371,0.760371,0.757746,0.755559,0.751621,0.745496,0.739809,0.734559,0.728871,0.722309,0.716621,0.711371,0.705246,0.698246,0.694309,0.689934,0.685122,0.682059,0.678997,0.677246,0.676809,0.675497,0.675934,0.678997,0.681622,0.683809,0.690371,0.698246,0.707871,0.719246,0.733684,0.748559,0.767371,0.787058,0.811121,0.839558,0.869746,0.904745,0.942808,0.984808,1.03162,1.081057,1.13487,1.194369,1.259994,1.328243,1.399993,1.476118,1.555743,1.636242,1.718492,1.802491,1.885616,1.963491,2.041365,2.11399,2.18399,2.239115,2.292489,2.337114,2.374739,2.402739,2.424614,2.446488,2.464864,2.476238,2.488488,2.501613,2.517363,2.533113,2.555863,2.584738,2.619738,2.662612,2.712488,2.771112,2.837612,2.911111,2.993361,3.090486,3.19286,3.307485,3.428234,3.568234,3.715233,3.869232,4.038981,4.22273,4.41873,4.621729,4.838728,5.074977,5.323476,5.575475,5.844974,6.126722,6.420721,6.72522,7.045468,7.381466,7.733214,8.074464,8.445462,8.82696,9.222459,9.614455,10.027455,10.461453,10.902452,11.343448,11.798447,12.263945,12.732944,13.198442,13.667439,14.143437,14.633435,15.105932,15.595931,16.078929,16.554926,17.030922,17.49992,,2.5,7.5,0.0,0.0
0.207374,0.201686,0.192499,0.184624,0.177186,0.174561,0.169749,0.166249,0.161655,0.155311,0.151593,0.151046,0.148639,0.144374,0.144483,0.141202,0.139452,0.139015,0.13803,0.136936,0.135843,0.135733,0.1358975,0.136171,0.135843,0.136718,0.136171,0.136827,0.137483,0.137702,0.138468,0.139124,0.141858,0.143171,0.145358,0.14678,0.149186,0.151046,0.154218,0.156733,0.160343,0.164171,0.16778,0.171499,0.176639,0.181889,0.187139,0.193155,0.199608,0.207264,0.215467,0.224873,0.234936,0.245436,0.257358,0.270483,0.284264,0.299795,0.316967,0.335998,0.356232,0.378435,0.402826,0.429294,0.457404,0.487591,0.521607,0.557153,0.596091,0.636669,0.680309,0.725371,0.773058,0.82184,0.871933,0.923995,0.97562,1.02812,1.081495,1.132682,1.181682,1.228931,1.2729,1.312056,1.347931,1.379431,1.406118,1.428868,1.445493,1.456431,1.463868,1.465181,1.462993,1.45643,1.447681,1.438055,1.428431,1.418368,1.409181,1.401306,1.394743,1.389056,1.386431,1.384243,1.383368,1.384681,1.383806,1.380743,1.374181,1.361931,1.345306,1.322556,1.294119,1.259994,1.222806,1.180369,1.136619,1.088057,1.03862,0.986995,0.937995,0.888121,0.841746,0.799746,0.759059,0.720996,0.686434,0.653622,0.624309,0.597622,0.573997,0.552997,0.534622,0.518435,0.50356,0.490872,0.480372,0.469872,0.460685,0.453685,0.446247,0.44231,0.437935,0.433998,0.431372,0.428748,0.42656,0.42481,0.42306,0.422185,0.420873,0.420873,0.421747,0.42306,0.423935,0.425248,0.426998,0.428748,0.432248,0.433997,0.439248,0.444935,0.448435,0.454123,0.460247,0.467247,0.473372,0.479935,0.486497,0.496122,0.503997,0.51406,0.52456,0.53506,0.54556,0.556935,0.570059,0.581872,0.595434,0.608997,0.623434,0.639184,0.653184,0.667184,0.682059,0.696934,0.711371,0.724934,0.739371,0.752934,0.766059,0.775684,0.785308,0.793621,0.800183,0.805871,0.810683,0.814621,0.815496,0.815496,0.814621,0.810683,0.804996,0.800183,0.792746,0.787058,0.779621,0.773059,0.765621,0.758621,0.750746,0.743746,0.737184,0.731059,0.727121,0.721871,0.718809,0.715309,0.713559,0.711371,0.711809,0.712246,0.714434,0.717496,0.723184,0.728871,0.737184,0.748121,0.760809,0.774809,0.793183,0.810683,0.835183,0.861433,0.89162,0.92662,0.962495,1.00362,1.048682,1.098557,1.151057,1.209681,1.275306,1.342243,1.413118,1.490118,1.568868,1.651992,1.735992,1.821741,1.908366,1.994116,2.07724,2.158615,2.232114,2.304739,2.363364,2.416739,2.463114,2.500739,2.534863,2.560238,2.579488,2.594363,2.605738,2.615363,2.622363,2.631113,2.642488,2.657363,2.680988,2.707238,2.738737,2.777237,2.820112,2.875237,2.933861,3.003861,3.080861,3.168361,3.261985,3.366985,3.480734,3.604983,3.732733,3.876232,4.026732,4.189481,4.35923,4.53948,4.726728,4.927978,5.136226,5.356726,5.582475,5.822223,6.067223,6.324471,6.59222,6.870469,7.153968,7.449717,7.745466,8.067463,8.389463,8.714962,9.06146,9.414958,9.778956,10.139455,10.510453,10.877952,11.259449,11.647949,12.036445,12.424945,12.813443,13.212441,13.59744,14.003438,,2.5,7.5,0.0,0.0
0.188124,0.183749,0.175874,0.168217,0.162093,0.15553,0.150499,0.144811,0.141968,0.139343,0.134858,0.131796,0.130046,0.125671,0.123374,0.12239,0.121843,0.119436,0.117686,0.11714,0.11539,0.114186,0.114077,0.11364,0.113312,0.11178,0.112327,0.111233,0.110796,0.110905,0.110577,0.110577,0.111124,0.111561,0.112436,0.112655,0.113421,0.114186,0.114843,0.115499,0.116702,0.118124,0.119546,0.120858,0.122827,0.124796,0.126983,0.129499,0.131577,0.134858,0.13814,0.141421,0.146124,0.15028,0.154655,0.159577,0.165593,0.171717,0.17828,0.185827,0.194139,0.20278,0.212295,0.222358,0.232967,0.244998,0.257248,0.271467,0.284592,0.30067,0.316311,0.332936,0.349232,0.367388,0.385217,0.403373,0.421419,0.440232,0.459482,0.478404,0.49645,0.514935,0.532216,0.550372,0.567544,0.584716,0.602762,0.622231,0.642794,0.663684,0.686871,0.713121,0.742434,0.775902,0.813746,0.858152,0.909339,0.965995,1.029214,1.097682,1.172057,1.249494,1.328025,1.405462,1.480056,1.548743,1.608242,1.657242,1.690055,1.709304,1.714117,1.702742,1.67693,1.64018,1.593805,1.53868,1.476993,1.410056,1.340056,1.268306,1.196119,1.126557,1.058745,0.996183,0.936683,0.880246,0.828183,0.779621,0.734996,0.693871,0.656684,0.622559,0.592372,0.565685,0.542935,0.520622,0.501372,0.48431,0.468997,0.45456,0.442748,0.43181,0.42306,0.414748,0.406873,0.398998,0.392873,0.385873,0.381935,0.376248,0.371873,0.368373,0.364435,0.36181,0.360498,0.356123,0.35481,0.35306,0.352185,0.352185,0.35251325,0.352623,0.35306,0.353935,0.355685,0.357435,0.359185,0.360498,0.36356,0.36706,0.369248,0.37231,0.37581,0.380185,0.383685,0.387185,0.391123,0.39681,0.40031,0.405123,0.409498,0.41431,0.419123,0.42306,0.427872,0.431373,0.43531,0.440123,0.44406,0.448873,0.451935,0.454997,0.457623,0.458935,0.46156,0.462435,0.463747,0.465497,0.465935,0.466372,0.465935,0.465935,0.463747,0.463747,0.46156,0.460247,0.460247,0.45981,0.458935,0.458935,0.458935,0.45806,0.459372,0.460248,0.460685,0.461998,0.46506,0.468122,0.471622,0.47556,0.48081,0.485185,0.490872,0.49831,0.506622,0.515372,0.524122,0.534185,0.54731,0.55956,0.571372,0.587559,0.605059,0.624309,0.644872,0.667622,0.691684,0.717934,0.746809,0.778308,0.810683,0.846558,0.885496,0.92662,0.96862,1.011495,1.058307,1.104682,1.152807,1.200494,1.248182,1.294994,1.340931,1.384681,1.426681,1.468681,1.505868,1.54393,1.581117,1.616555,1.653742,1.689617,1.729867,1.770117,1.812992,1.859366,1.911866,1.969616,2.030865,2.09999,2.177865,2.260989,2.349364,2.448239,2.552363,2.666988,2.790362,2.921612,3.064236,3.218235,3.380109,3.549859,3.732733,3.926107,4.129981,4.348731,4.576229,4.815978,5.069728,5.335725,5.613975,5.902723,6.203722,6.52222,6.851219,7.190717,7.547716,7.913465,8.291462,8.68346,9.082458,9.498957,9.918956,10.352954,10.804452,11.259449,11.721448,12.190444,12.666444,13.152941,13.639438,14.125936,14.619434,15.119932,15.606429,16.113927,16.582926,17.086924,17.569922,18.059922,,2.5,2.5,0.0,0.0
0.138249,0.134311,0.125124,0.121405,0.116155,0.111343,0.108062,0.104233,0.102265,0.099640184,0.097233944,0.094827704,0.093077712,0.090562104,0.088812104,0.086733992,0.086733992,0.085968368,0.08443712,0.083780872,0.082905888,0.081046512,0.080827768,0.081155888,0.080062144,0.07962464,0.080062144,0.079187144,0.079405904,0.078530904,0.07929652,0.078312152,0.078640272,0.07929652,0.07929652,0.079515264,0.08017152,0.080609016,0.080827768,0.081593384,0.081921512,0.08257776,0.083671504,0.085093368,0.085530872,0.086733984,0.088155856,0.0892496,0.09045272,0.09220272,0.09460896,0.096687072,0.098874568,0.10139,0.104015,0.107405,0.110468,0.114077,0.117577,0.122499,0.127093,0.132452,0.13803,0.144921,0.150827,0.158155,0.166468,0.17478,0.184733,0.194358,0.204967,0.216889,0.22892,0.241061,0.254623,0.268405,0.28317,0.297936,0.314233,0.330639,0.347373,0.363998,0.381826,0.399326,0.417701,0.435419,0.454888,0.474247,0.494372,0.515044,0.535935,0.559122,0.582856,0.608341,0.635794,0.666965,0.700653,0.738059,0.77984,0.824902,0.875214,0.928152,0.983714,1.04212,1.102057,1.161338,1.217557,1.270056,1.3149,1.352306,1.376806,1.394306,1.399993,1.394306,1.379431,1.356244,1.323431,1.283619,1.236807,1.186494,1.132244,1.076245,1.019808,0.965995,0.91437,0.862746,0.813746,0.767809,0.724934,0.684684,0.647934,0.613809,0.583622,0.55606,0.53156,0.508372,0.488685,0.469872,0.453248,0.439248,0.425248,0.413873,0.404685,0.39506,0.386748,0.379748,0.371873,0.364873,0.359623,0.354373,0.349123,0.343873,0.340373,0.336873,0.332498,0.330311,0.326811,0.324186,0.322436,0.320248,0.318936,0.318061,0.317623,0.317186,0.317623,0.317186,0.31795125,0.318498,0.318498,0.319811,0.321998,0.323748,0.326373,0.32856,0.330748,0.332936,0.335561,0.338623,0.341248,0.345186,0.34956,0.35131,0.355248,0.358748,0.36356,0.367935,0.37056,0.374935,0.379748,0.383248,0.387623,0.391123,0.394185,0.398123,0.40031,0.40381,0.40731,0.408623,0.411685,0.413435,0.41431,0.414748,0.415185,0.41431,0.413435,0.413435,0.41256,0.410373,0.409935,0.407748,0.40731,0.40556,0.404248,0.40381,0.402498,0.401623,0.40206,0.402935,0.402935,0.404685,0.405123,0.406873,0.40906,0.41081,0.415185,0.418685,0.424373,0.427435,0.433998,0.440998,0.448435,0.45631,0.46331,0.474685,0.488247,0.499185,0.512747,0.528497,0.544247,0.560434,0.579684,0.600247,0.623872,0.648372,0.673746,0.701746,0.730621,0.760808,0.794496,0.828621,0.864496,0.900808,0.937558,0.974308,1.012807,1.049557,1.084995,1.120432,1.154994,1.188682,1.221057,1.255619,1.287556,1.319494,1.349681,1.381618,1.414868,1.449868,1.483993,1.52293,1.564493,1.608242,1.654617,1.704492,1.757867,1.814742,1.875991,1.942491,2.01424,2.09299,2.174365,2.261865,2.357239,2.459614,2.564613,2.679238,2.801737,2.933862,3.069486,3.21386,3.367859,3.531484,3.699483,3.876232,4.065232,4.262981,4.46423,4.679479,4.905228,5.139726,5.381225,5.633225,5.897473,6.173972,6.453971,6.74622,7.055968,7.370966,7.691215,8.020213,8.361462,8.707961,9.061458,9.411459,9.775456,10.149953,10.524452,10.902451,11.27695,11.665448,,2.5,2.5,0.0,0.0
0.244123,0.235373,0.228373,0.217874,0.209999,0.202999,0.198624,0.192061,0.186811,0.181999,0.179155,0.172374,0.171936,0.168546,0.166249,0.164389,0.161655,0.160233,0.158593,0.156186,0.15553,0.153452,0.151921,0.151155,0.150827,0.15028,0.149077,0.149733,0.148968,0.148749,0.147983,0.148311,0.14853,0.148639,0.149186,0.149843,0.150827,0.150936,0.151264,0.151811,0.152686,0.153671,0.155858,0.156952,0.158921,0.160561,0.162639,0.164389,0.166905,0.169639,0.172702,0.176858,0.180358,0.185171,0.189764,0.19403,0.200264,0.205077,0.212405,0.219624,0.227827,0.236686,0.245983,0.256155,0.267092,0.278904,0.291592,0.304279,0.319264,0.334904,0.35131,0.368373,0.385435,0.403482,0.421966,0.441107,0.460247,0.479825,0.50006,0.520075,0.539763,0.558685,0.577497,0.596091,0.614575,0.632184,0.650668,0.66959,0.689496,0.711371,0.733027,0.75884,0.787715,0.82009,0.857496,0.901464,0.951339,1.008214,1.071432,1.141213,1.216244,1.295869,1.376368,1.456868,1.535618,1.60693,1.66993,1.721117,1.757429,1.779304,1.781929,1.771867,1.745179,1.705367,1.657242,1.598617,1.533868,1.463431,1.388618,1.313806,1.238994,1.166807,1.095932,1.030745,0.97037,0.913495,0.860558,0.811121,0.766059,0.724496,0.686434,0.653184,0.624309,0.596747,0.574434,0.55256,0.53331,0.516247,0.499622,0.48606,0.474247,0.464185,0.454997,0.446247,0.438372,0.430935,0.424373,0.419123,0.412998,0.407748,0.40381,0.39856,0.39681,0.394185,0.391123,0.388935,0.387185,0.38631,0.38456,0.384123,0.38456,0.384998,0.386748,0.38806,0.389373,0.391998,0.393748,0.395935,0.398123,0.401623,0.40556,0.40906,0.411685,0.418248,0.42131,0.426123,0.43006,0.434873,0.440123,0.445373,0.450622,0.455435,0.460247,0.46506,0.470747,0.474685,0.47906,0.48431,0.489122,0.492622,0.496997,0.500935,0.503122,0.506185,0.507935,0.510122,0.511435,0.512747,0.513185,0.512747,0.51406,0.513185,0.51231,0.511435,0.509247,0.510122,0.508372,0.507497,0.507497,0.506622,0.506622,0.506622,0.506622,0.507935,0.509247,0.510997,0.513622,0.518872,0.52106,0.525872,0.53156,0.53681,0.542934,0.549935,0.558684,0.568747,0.579247,0.590622,0.602434,0.615997,0.630434,0.647059,0.664997,0.686872,0.707871,0.731934,0.756871,0.785746,0.815058,0.848308,0.884183,0.922245,0.964245,1.00712,1.053057,1.101182,1.151057,1.203557,1.254307,1.309431,1.362369,1.416181,1.46868,1.52118,1.569305,1.616992,1.66118,1.702742,1.743867,1.784117,1.822616,1.861991,1.902241,1.945116,1.987991,2.03524,2.08599,2.14199,2.204115,2.272364,2.346739,2.428988,2.519113,2.613613,2.718613,2.829737,2.952236,3.080861,3.22261,3.370484,3.528859,3.696858,3.875357,4.061731,4.259481,4.469479,4.691729,4.924477,5.169476,5.424975,5.692724,5.967473,6.259722,6.557221,6.872219,7.194218,7.531966,7.883714,8.240712,8.609961,8.99496,9.386958,9.782456,10.198955,10.615453,11.045951,11.486947,11.931446,12.389944,12.844943,13.303439,13.772437,14.241435,14.720934,15.196932,15.676431,16.134927,16.617925,17.093922,17.56292,,2.5,2.5,0.0,0.0
0.172374,0.166249,0.159249,0.150499,0.143936,0.137155,0.133436,0.129061,0.125124,0.121843,0.117468,0.115718,0.111999,0.109483,0.107733,0.106093,0.104452,0.103796,0.102483,0.100405,0.100405,0.098765184,0.098655808,0.097917532,0.097124568,0.097124568,0.096249568,0.096358944,0.09616754,0.096030824,0.096030824,0.096249568,0.096796448,0.097452688,0.098327688,0.098655808,0.099312056,0.100405,0.10139,0.102374,0.103577,0.105437,0.106968,0.109374,0.111015,0.113858,0.116155,0.118561,0.121952,0.125343,0.129061,0.133546,0.13814,0.143499,0.148858,0.155311,0.161764,0.168655,0.176639,0.185061,0.194686,0.204967,0.215467,0.226842,0.239202,0.252108,0.266873,0.281311,0.296076,0.312373,0.329436,0.34606,0.363232,0.381498,0.398341,0.415841,0.432248,0.449857,0.466154,0.482341,0.4982,0.513294,0.527841,0.542169,0.556278,0.571153,0.587012,0.603747,0.621684,0.641153,0.663903,0.689496,0.718153,0.753152,0.792746,0.838465,0.890746,0.949151,1.01587,1.08762,1.163088,1.243588,1.325837,1.407431,1.482243,1.553118,1.615242,1.665555,1.700117,1.719804,1.723742,1.711929,1.684804,1.64543,1.59818,1.54043,1.476993,1.407868,1.335243,1.261306,1.186057,1.113432,1.04387,0.97912,0.917433,0.860558,0.806308,0.756434,0.710496,0.668934,0.630434,0.595872,0.565247,0.537685,0.51406,0.491747,0.47206,0.453248,0.43706,0.423935,0.410373,0.399873,0.390248,0.381935,0.374498,0.366185,0.36006,0.353935,0.34781,0.343435,0.338623,0.334686,0.331186,0.327686,0.32506,0.323748,0.320248,0.319811,0.318061,0.317623,0.317186,0.318936,0.319811,0.319811,0.321561,0.322873,0.324623,0.327248,0.328998,0.332498,0.33556,0.338186,0.34256,0.345623,0.349123,0.352185,0.35656,0.361373,0.364873,0.369685,0.374498,0.378873,0.384123,0.38631,0.391998,0.395935,0.398998,0.403373,0.40731,0.409935,0.412998,0.415623,0.41781,0.418685,0.420435,0.421748,0.422185,0.42131,0.422185,0.421748,0.42131,0.419123,0.41781,0.415185,0.412998,0.409498,0.408185,0.407748,0.40556,0.404248,0.402498,0.400748,0.40031,0.401623,0.401185,0.40206,0.404248,0.405123,0.408185,0.41081,0.413873,0.418248,0.423935,0.429623,0.437498,0.443623,0.453685,0.463748,0.47381,0.48606,0.500497,0.51581,0.532435,0.551247,0.570497,0.594122,0.617747,0.645747,0.674184,0.704371,0.738934,0.773934,0.811558,0.852683,0.894683,0.938433,0.98437,1.028995,1.074495,1.119995,1.165057,1.209682,1.252994,1.292369,1.331306,1.368056,1.403056,1.434556,1.46693,1.49668,1.530368,1.564055,1.599492,1.637117,1.677367,1.722867,1.770117,1.826116,1.884741,1.952116,2.02649,2.10874,2.198865,2.293364,2.399239,2.511238,2.633738,2.764987,2.906737,3.060736,3.221735,3.396734,3.580484,3.778233,3.985607,4.206981,4.444979,4.693479,4.955978,5.234226,5.521225,5.822224,6.140722,6.46797,6.812719,7.171467,7.540715,7.923964,8.319462,8.72546,9.145459,9.579456,10.023954,10.482453,10.95495,11.430948,11.924446,12.428444,12.928941,13.43644,13.957937,14.461934,14.990432,15.508432,16.033429,16.547925,17.079922,17.590922,18.08092,18.605918,,2.5,2.5,0.0,0.0
0.198624,0.192061,0.182874,0.174999,0.169311,0.161218,0.156186,0.152249,0.147874,0.143827,0.140327,0.138686,0.135077,0.130046,0.130811,0.128296,0.125999,0.124577,0.123811,0.119874,0.120858,0.11878,0.118015,0.118343,0.117249,0.117249,0.116155,0.116265,0.11599125,0.115827,0.115718,0.115608,0.116921,0.117905,0.117577,0.11878,0.119108,0.119655,0.121515,0.123046,0.124358,0.12578,0.12764,0.129827,0.13278,0.13464,0.137593,0.140764,0.143827,0.147218,0.151483,0.156733,0.161655,0.167124,0.173358,0.179702,0.186155,0.193592,0.202233,0.210983,0.221045,0.232202,0.243467,0.255717,0.268842,0.281967,0.296514,0.312154,0.328779,0.34617,0.363013,0.381826,0.399763,0.418357,0.436732,0.455107,0.473482,0.492294,0.510122,0.527622,0.544903,0.561638,0.577934,0.593138,0.609325,0.625403,0.641809,0.658215,0.677247,0.698246,0.721871,0.747027,0.776996,0.811121,0.852027,0.898402,0.953308,1.014339,1.083682,1.157838,1.238775,1.325837,1.414649,1.50018,1.585492,1.667305,1.736867,1.794179,1.836616,1.863741,1.872054,1.861991,1.836616,1.796804,1.746492,1.684805,1.616555,1.542618,1.462556,1.380306,1.299806,1.220619,1.143619,1.072745,1.00537,0.94237,0.882871,0.828183,0.776996,0.730621,0.688184,0.649684,0.616434,0.586247,0.559559,0.534622,0.512747,0.49306,0.474685,0.459372,0.444935,0.433123,0.42306,0.41256,0.405123,0.396373,0.388498,0.382373,0.377123,0.370998,0.366185,0.36181,0.359185,0.356123,0.352185,0.350873,0.34781,0.346935,0.344748,0.345185,0.344748,0.34606,0.346935,0.348685,0.34956,0.352185,0.353498,0.355248,0.358748,0.361373,0.36531,0.36881,0.37231,0.37581,0.380185,0.384123,0.387185,0.391998,0.395935,0.40206,0.404685,0.411248,0.413873,0.418248,0.421748,0.423935,0.427435,0.431373,0.43356,0.43706,0.438373,0.43881,0.440122,0.441435,0.440998,0.441435,0.44056,0.44056,0.44056,0.43881,0.437935,0.435748,0.434435,0.432685,0.430498,0.429185,0.42831,0.426998,0.427435,0.426998,0.426123,0.425685,0.42656,0.426998,0.427435,0.430498,0.433123,0.435747,0.439247,0.44231,0.447123,0.451935,0.459372,0.463748,0.471622,0.480372,0.48956,0.499622,0.511872,0.52456,0.538122,0.554747,0.570934,0.591497,0.612934,0.636122,0.661934,0.689496,0.720121,0.751184,0.784871,0.822933,0.863621,0.906058,0.94937,0.995745,1.04387,1.092432,1.140994,1.191744,1.239431,1.288869,1.336119,1.381181,1.425368,1.465181,1.502805,1.539555,1.573243,1.607367,1.642367,1.677367,1.714992,1.752617,1.793742,1.838366,1.886491,1.940741,2.001115,2.07024,2.142865,2.226865,2.313489,2.412364,2.515613,2.628488,2.746612,2.879612,3.021361,3.17186,3.332859,3.503484,3.681983,3.876232,4.077481,4.294481,4.52023,4.761729,5.011977,5.276226,5.550974,5.836223,6.131972,6.443471,6.767219,7.096218,7.442716,7.799714,8.167212,8.543461,8.92146,9.323959,9.733456,10.153455,10.576952,11.010951,11.465948,11.920947,12.386445,12.844943,13.31394,13.786437,14.262436,14.734934,15.224932,15.697429,16.183929,16.659927,17.135924,17.59792,,2.5,2.5,0.0,0.0
0.164936,0.157936,0.149186,0.139124,0.134749,0.12753,0.122718,0.117686,0.113749,0.109702,0.106093,0.104124,0.098655808,0.097015192,0.095155824,0.09340584,0.090890216,0.090890224,0.08892148,0.086843368,0.086187112,0.085257434,0.084109008,0.083890248,0.083452752,0.083343384,0.08290588,0.082468384,0.081593384,0.082140264,0.082030888,0.082030888,0.082687128,0.083452752,0.083015256,0.084437128,0.085421488,0.085858992,0.086952744,0.08804648,0.0892496,0.090562096,0.093077712,0.09460896,0.096687064,0.098983928,0.100952,0.103905,0.10664,0.11014,0.113858,0.118343,0.122608,0.127968,0.133108,0.139015,0.145686,0.152577,0.160452,0.168874,0.178389,0.188342,0.199608,0.211092,0.22367,0.23767,0.251998,0.267311,0.284483,0.301217,0.319701,0.338076,0.357326,0.376685,0.39681,0.416388,0.436185,0.45631,0.475888,0.49481,0.513185,0.530466,0.547638,0.562841,0.578809,0.59445,0.6102,0.626278,0.642465,0.660622,0.680965,0.703496,0.729528,0.759277,0.795808,0.838246,0.887246,0.943683,1.008433,1.079526,1.157401,1.2414,1.328462,1.414431,1.50018,1.583742,1.657242,1.718929,1.766179,1.798554,1.811679,1.806867,1.785867,1.749554,1.703617,1.644117,1.576305,1.502805,1.424493,1.343556,1.262181,1.183432,1.104682,1.03337,0.96512,0.901245,0.841308,0.785746,0.734559,0.688622,0.646622,0.608122,0.573559,0.544247,0.516685,0.491747,0.469872,0.450185,0.432685,0.41606,0.402935,0.391123,0.38106,0.371435,0.362685,0.35481,0.348248,0.341685,0.335998,0.330311,0.32506,0.321561,0.318061,0.315873,0.311936,0.309748,0.307561,0.308436,0.306686,0.305373,0.307123,0.307123,0.307998,0.308873,0.310623,0.313248,0.315873,0.318498,0.321123,0.324186,0.328123,0.331185,0.33556,0.339498,0.342561,0.347373,0.350873,0.354811,0.36006,0.364435,0.368373,0.37231,0.377998,0.381498,0.384998,0.38806,0.39156,0.394185,0.397685,0.400748,0.402498,0.404248,0.404248,0.405998,0.405998,0.406435,0.405123,0.406435,0.404685,0.404248,0.402498,0.400748,0.40031,0.397248,0.395498,0.394623,0.394185,0.392873,0.392873,0.391998,0.391998,0.391998,0.392435,0.39331,0.394623,0.397685,0.400748,0.402935,0.40731,0.411248,0.415623,0.421748,0.427873,0.434435,0.441435,0.45106,0.461122,0.47206,0.483435,0.497435,0.511872,0.528497,0.546872,0.566559,0.591059,0.615122,0.641372,0.669371,0.700871,0.734559,0.771746,0.810683,0.853558,0.899058,0.946308,0.995308,1.048245,1.09987,1.154557,1.208369,1.263056,1.316431,1.364556,1.413118,1.45993,1.50193,1.542618,1.579805,1.613055,1.646304,1.679117,1.713242,1.748242,1.784117,1.824366,1.868116,1.917116,1.972241,2.032615,2.102615,2.18049,2.267989,2.358989,2.463114,2.575113,2.697612,2.830612,2.973236,3.128111,3.29611,3.471109,3.662733,3.867482,4.081856,4.30848,4.551729,4.812478,5.083727,5.370725,5.671724,5.986723,6.319222,6.66047,7.022718,7.398967,7.787465,8.189963,8.608212,9.040458,9.488457,9.943455,10.405454,10.895451,11.395948,11.910446,12.424944,12.967441,13.516939,14.059436,14.601934,15.172432,15.73593,16.295926,16.862924,17.429922,17.99692,18.556914,19.102914,19.648912,20.18791,,2.5,2.5,0.0,0.0
0.168436,0.160999,0.154874,0.146999,0.139999,0.135186,0.130593,0.127968,0.123374,0.12053,0.116811,0.11364,0.110796,0.108937,0.10664,0.103796,0.103577,0.101499,0.099640184,0.098765192,0.097562064,0.095921448,0.09460896,0.093952704,0.09373396,0.092968336,0.094280832,0.09340584,0.092421464,0.09220272,0.092120684,0.09198396,0.091874592,0.09165584,0.092093344,0.092421464,0.092640216,0.093187088,0.093515208,0.09406208,0.09460896,0.095483944,0.096687072,0.097562064,0.098655808,0.099858928,0.100843,0.102265,0.104015,0.105765,0.107843,0.110687,0.113421,0.116374,0.119436,0.12239,0.125999,0.130593,0.134311,0.139561,0.145139,0.150499,0.156843,0.164171,0.170952,0.178936,0.187249,0.195999,0.205842,0.216014,0.226623,0.23767,0.248936,0.260748,0.272998,0.284701,0.297279,0.309967,0.322217,0.334904,0.347482,0.359951,0.371654,0.383467,0.39506,0.407091,0.419888,0.433013,0.446685,0.462107,0.479169,0.497982,0.519419,0.544247,0.573341,0.608122,0.648262,0.694418,0.74659,0.806308,0.871714,0.943683,1.019808,1.099432,1.180807,1.259994,1.335462,1.403712,1.460806,1.508055,1.539118,1.557055,1.558805,1.546555,1.52293,1.48793,1.442868,1.388618,1.328681,1.264807,1.197869,1.130932,1.063557,0.999245,0.938433,0.879808,0.823808,0.771309,0.722746,0.677684,0.636559,0.598497,0.56481,0.534622,0.507497,0.482122,0.45981,0.43881,0.420873,0.405123,0.390248,0.377998,0.366623,0.356123,0.347373,0.337748,0.330748,0.324623,0.316748,0.311936,0.306248,0.301873,0.297498,0.293998,0.290498,0.286123,0.283498,0.281311,0.278686,0.278248,0.276936,0.276498,0.276061,0.276498,0.276936,0.276936,0.277811,0.278248,0.279561,0.280873,0.283061,0.286123,0.287873,0.290061,0.292686,0.295311,0.297936,0.301436,0.304498,0.307998,0.312373,0.314998,0.318936,0.322436,0.326373,0.330748,0.334686,0.339498,0.342998,0.347373,0.350873,0.35481,0.359185,0.361373,0.36531,0.369685,0.370998,0.374498,0.376685,0.378873,0.380623,0.381498,0.381498,0.38160725,0.3815253125,0.381498,0.381498,0.381498,0.380623,0.380623,0.380185,0.380623,0.38106,0.38106,0.38281,0.383685,0.385435,0.38806,0.391998,0.395498,0.399435,0.402935,0.40906,0.41431,0.420873,0.427873,0.436185,0.44581,0.455435,0.464622,0.477747,0.489122,0.502685,0.517997,0.53331,0.55256,0.570934,0.591934,0.615122,0.639184,0.665434,0.693871,0.724934,0.757309,0.792308,0.830808,0.868433,0.910433,0.953308,0.997058,1.04212,1.088057,1.13487,1.182119,1.229807,1.276181,1.321244,1.367181,1.410931,1.454243,1.501055,1.54743,1.595117,1.642805,1.694867,1.748679,1.806429,1.869866,1.936366,2.011615,2.09124,2.17699,2.271489,2.369489,2.477989,2.594363,2.719487,2.849862,2.995111,3.146485,3.31011,3.481609,3.662733,3.854358,4.059981,4.273481,4.500979,4.742478,4.992727,5.256976,5.533475,5.816974,6.114472,6.429471,6.75147,7.087468,7.439216,7.801465,8.174213,8.557461,8.949459,9.358958,9.775456,10.195454,10.636453,11.084451,11.539448,12.001446,12.470444,12.942941,13.422439,13.901938,14.388435,14.881933,15.36843,15.854928,16.330925,16.820924,17.310922,17.80092,,7.5,2.5,0.0,0.0
0.167124,0.161874,0.151374,0.144811,0.137811,0.130811,0.12928,0.123374,0.117686,0.114186,0.109812,0.106202,0.102702,0.100077,0.099202688,0.09646832,0.093624584,0.09373396,0.092749584,0.090343352,0.091218344,0.088812104,0.088593352,0.087608992,0.08651524,0.087171488,0.085749616,0.086296496,0.086624616,0.08618712,0.086624616,0.085968376,0.086733992,0.08804648,0.089030856,0.089030856,0.090343352,0.091108976,0.091983968,0.09373396,0.0952652,0.097233944,0.099093304,0.101499,0.103905,0.105874,0.108937,0.112327,0.115718,0.119436,0.123811,0.128952,0.134202,0.13978,0.146233,0.153014,0.160233,0.168108,0.176749,0.187139,0.19742,0.208795,0.220608,0.233405,0.247295,0.261514,0.277045,0.293342,0.310514,0.328123,0.346607,0.365748,0.38456,0.40381,0.422295,0.441763,0.460576,0.479388,0.497872,0.516357,0.534294,0.551685,0.569513,0.586575,0.60495,0.623434,0.6452,0.668278,0.694965,0.725371,0.761246,0.803683,0.852246,0.909339,0.975839,1.054151,1.142307,1.242494,1.352525,1.472399,1.599055,1.729429,1.861991,1.991053,2.11399,2.22424,2.319614,2.394426,2.446926,2.471864,2.474051,2.451301,2.405801,2.340176,2.261864,2.170427,2.07024,1.961741,1.850179,1.736429,1.624867,1.515493,1.410493,1.314681,1.224557,1.139682,1.060057,0.986558,0.920058,0.858371,0.802808,0.751621,0.707434,0.667184,0.630872,0.598934,0.568747,0.542497,0.518435,0.49831,0.478622,0.462873,0.447997,0.434435,0.422185,0.411248,0.400748,0.39156,0.381935,0.37406,0.36706,0.36006,0.355248,0.34956,0.344748,0.339936,0.336435,0.333373,0.330748,0.328998,0.328998,0.327686,0.327248,0.327686,0.328123,0.328998,0.33031,0.330748,0.333373,0.335123,0.338623,0.341685,0.344748,0.348685,0.35131,0.353935,0.359185,0.36181,0.366185,0.37056,0.374498,0.37931,0.383685,0.388498,0.391998,0.396373,0.40031,0.404248,0.408185,0.41256,0.415185,0.418248,0.420873,0.423935,0.425685,0.425248,0.42831,0.429185,0.429185,0.4278725,0.426997,0.426123,0.42481,0.422185,0.420435,0.418248,0.416498,0.415185,0.41431,0.412998,0.412123,0.41081,0.41081,0.411685,0.412998,0.415185,0.418248,0.422623,0.425685,0.429622,0.434873,0.440997,0.44756,0.455872,0.462872,0.474247,0.484747,0.497435,0.51056,0.524122,0.540747,0.558247,0.578372,0.600684,0.624309,0.649247,0.677246,0.708746,0.740684,0.776559,0.813746,0.857058,0.901683,0.948058,0.99662,1.048682,1.102932,1.156744,1.212307,1.266994,1.322556,1.377243,1.430181,1.480493,1.529055,1.57368,1.616992,1.658992,1.696617,1.735992,1.777116,1.818242,1.862866,1.906616,1.958241,2.012491,2.074615,2.142865,2.218115,2.302989,2.395739,2.497238,2.610113,2.729113,2.861237,3.001236,3.151736,3.31711,3.494734,3.681108,3.879733,4.093231,4.318981,4.555229,4.808979,5.076727,5.358476,5.650725,5.960473,6.289471,6.62547,6.970218,7.334217,7.715715,8.107713,8.508462,8.924959,9.358958,9.803456,10.254954,10.716951,11.196449,11.682948,12.176444,12.687444,13.20544,13.737439,14.269436,14.801433,15.34743,15.893429,16.449927,16.988924,17.54192,18.073918,18.619916,19.151914,19.683912,20.20891,20.712906,,7.5,2.5,0.0,0.0
0.204749,0.197749,0.189874,0.179374,0.173686,0.169092,0.16253,0.16078,0.156186,0.149843,0.146343,0.14328,0.141749,0.140218,0.137046,0.134311,0.132999,0.131249,0.129171,0.128077,0.12753,0.12589,0.12414,0.124249,0.12321,0.122061,0.12239,0.121624,0.121952,0.121186,0.121077,0.121186,0.1214325,0.121843,0.121624,0.122061,0.122499,0.122499,0.123265,0.123374,0.124686,0.125561,0.126327,0.127968,0.129499,0.130811,0.132452,0.133983,0.135952,0.13814,0.140983,0.143608,0.147218,0.150718,0.154327,0.158264,0.162421,0.167452,0.172702,0.178499,0.185171,0.192171,0.199717,0.20803,0.216561,0.225749,0.235811,0.24653,0.258561,0.27092,0.284045,0.298154,0.311936,0.32692,0.342342,0.358748,0.375045,0.392545,0.410154,0.428966,0.447232,0.466044,0.484529,0.504325,0.525107,0.545122,0.567763,0.59095,0.616544,0.644106,0.673747,0.70634,0.742871,0.786402,0.833214,0.887902,0.950464,1.019589,1.096807,1.179932,1.269619,1.363462,1.459056,1.553555,1.646305,1.732054,1.809929,1.874241,1.923678,1.956491,1.971803,1.969616,1.950366,1.915366,1.870304,1.813866,1.746492,1.67343,1.595555,1.51418,1.431931,1.350556,1.270931,1.197432,1.126119,1.058745,0.996182,0.93887,0.883746,0.833871,0.787934,0.746809,0.710496,0.677246,0.647059,0.620372,0.595872,0.573559,0.553435,0.535497,0.51931,0.50531,0.492622,0.48081,0.469435,0.45981,0.450622,0.441435,0.433123,0.425685,0.41956,0.41256,0.408623,0.402498,0.397685,0.39331,0.390248,0.385435,0.38281,0.380185,0.378435,0.377123,0.376248,0.37581,0.375373,0.374498,0.37581,0.376685,0.377123,0.378873,0.380623,0.38281,0.384123,0.38631,0.38981,0.392435,0.394185,0.397685,0.401623,0.405998,0.409498,0.412998,0.41781,0.422185,0.42656,0.430498,0.433997,0.440123,0.44406,0.449748,0.453247,0.45631,0.461122,0.464622,0.468123,0.471185,0.47381,0.475997,0.47731,0.477747,0.477747,0.478185,0.476872,0.47556,0.472497,0.471622,0.469435,0.467685,0.465935,0.462435,0.461122,0.458497,0.456748,0.455872,0.454997,0.455873,0.456747,0.457622,0.45981,0.460248,0.46331,0.467247,0.471622,0.47731,0.481247,0.488247,0.496122,0.503122,0.51231,0.522372,0.532872,0.54556,0.558684,0.574434,0.589309,0.608997,0.626934,0.648809,0.671997,0.696934,0.723184,0.752934,0.784433,0.819871,0.854433,0.892058,0.93362,0.973433,1.017182,1.060932,1.104682,1.150619,1.195682,1.241181,1.283619,1.326494,1.366743,1.407431,1.44593,1.483118,1.520305,1.557492,1.595555,1.633617,1.672117,1.713242,1.756117,1.801616,1.854991,1.910116,1.972241,2.039616,2.111365,2.191865,2.275864,2.366864,2.466614,2.573363,2.688863,2.812237,2.942611,3.085236,3.23311,3.393234,3.561233,3.739733,3.932232,4.135231,4.34698,4.569229,4.805478,5.052227,5.309476,5.578975,5.858974,6.156472,6.462721,6.78122,7.113718,7.454966,7.811964,8.174213,8.55046,8.942459,9.344959,9.754455,10.177954,10.604953,11.042451,11.486949,11.931447,12.400444,12.858942,13.327941,13.793438,14.276436,14.752434,15.235432,15.707928,16.162928,,7.5,2.5,0.0,0.0
0.184186,0.177186,0.167999,0.161874,0.151593,0.147655,0.140218,0.137374,0.131686,0.128405,0.125671,0.122171,0.118452,0.115827,0.112436,0.111452,0.11014,0.107515,0.106749,0.106421,0.10478,0.103249,0.102374,0.101499,0.102046,0.10139,0.100296,0.099421432,0.099530808,0.099558152,0.099640184,0.099640184,0.100187,0.100077,0.100733,0.101062,0.102265,0.102812,0.103687,0.10489,0.105765,0.107077,0.109374,0.110249,0.11189,0.114405,0.11714,0.119108,0.121843,0.125015,0.128624,0.132452,0.136936,0.14164,0.146233,0.151921,0.15728,0.164171,0.171061,0.178717,0.187139,0.196327,0.20617,0.215905,0.227061,0.238764,0.251561,0.264467,0.277811,0.292248,0.30767,0.322545,0.337857,0.353607,0.369685,0.385107,0.400857,0.417045,0.433888,0.449529,0.466044,0.482013,0.498638,0.514935,0.532106,0.549935,0.570606,0.593028,0.616872,0.643887,0.67484,0.709184,0.748559,0.794933,0.848308,0.91087,0.979995,1.058089,1.146901,1.244025,1.346837,1.455993,1.56843,1.681742,1.790242,1.893054,1.988866,2.069365,2.131053,2.172615,2.195802,2.197552,2.178302,2.139803,2.089928,2.02649,1.950366,1.865054,1.775804,1.681305,1.583742,1.488805,1.396056,1.310306,1.226306,1.147119,1.07362,1.004495,0.939745,0.881121,0.827308,0.777434,0.733684,0.693871,0.658872,0.626497,0.597184,0.570497,0.546872,0.526747,0.50706,0.490435,0.475997,0.462872,0.450623,0.438372,0.428748,0.419123,0.410373,0.401623,0.39506,0.388935,0.383248,0.376685,0.371873,0.36706,0.36356,0.359623,0.355248,0.353935,0.351748,0.349998,0.349123,0.348685,0.348685,0.34956,0.348685,0.34956,0.35131,0.352185,0.354373,0.355685,0.35831,0.360935,0.364435,0.366623,0.369248,0.371873,0.375373,0.380185,0.384123,0.387623,0.39156,0.394623,0.39856,0.40206,0.404685,0.409935,0.413435,0.418685,0.419998,0.423498,0.427435,0.429622,0.43181,0.43356,0.436185,0.438372,0.440122,0.439685,0.441872,0.44056,0.439248,0.437935,0.436185,0.437498,0.434435,0.434435,0.433998,0.43181,0.431372,0.43006,0.43006,0.430498,0.430935,0.433123,0.434435,0.436185,0.440998,0.44231,0.446685,0.452372,0.457185,0.462435,0.468997,0.478622,0.486935,0.49656,0.507497,0.518872,0.531997,0.54556,0.559122,0.577934,0.598059,0.618622,0.640497,0.665434,0.691246,0.719684,0.750309,0.783996,0.822058,0.859246,0.898621,0.94237,0.987433,1.032495,1.078432,1.127432,1.176432,1.225869,1.272681,1.319056,1.366306,1.410493,1.452056,1.49143,1.532555,1.57018,1.609117,1.648492,1.690492,1.732492,1.775367,1.822616,1.873366,1.928491,1.986241,2.055365,2.12974,2.209365,2.294239,2.386989,2.489363,2.597863,2.715987,2.839362,2.978486,3.124611,3.277735,3.442234,3.619858,3.807982,4.003982,4.212231,4.43623,4.672478,4.917478,5.176477,5.445976,5.731223,6.026972,6.331472,6.65347,6.987718,7.334217,7.682465,8.051713,8.436712,8.81646,9.215457,9.631956,10.062454,10.492953,10.93745,11.388949,11.861446,12.326944,12.799443,13.275441,13.758438,14.248436,14.727933,15.207431,15.700929,16.204929,16.673926,17.156922,17.632922,,7.5,2.5,0.0,0.0
0.216561,0.210436,0.201686,0.192936,0.183311,0.176749,0.174999,0.167999,0.164718,0.159468,0.153999,0.15203,0.149843,0.146561,0.144921,0.142514,0.140436,0.138577,0.136499,0.137374,0.134202,0.132343,0.131577,0.13114,0.131249,0.130265,0.129827,0.128952,0.128733,0.128405,0.128515,0.128624,0.128405,0.128843,0.128624,0.129608,0.130374,0.130811,0.131796,0.132671,0.133765,0.135077,0.13639,0.137921,0.140218,0.141968,0.144155,0.145796,0.148749,0.151702,0.155421,0.158811,0.163077,0.16778,0.172374,0.177514,0.183092,0.189327,0.196108,0.203655,0.211858,0.221264,0.23078,0.240842,0.252327,0.264358,0.277045,0.290936,0.306358,0.322436,0.340154,0.357873,0.376357,0.396154,0.416935,0.438373,0.459591,0.482997,0.507388,0.53156,0.557044,0.582856,0.608669,0.636122,0.663903,0.692121,0.72384,0.755996,0.791871,0.830152,0.871933,0.918089,0.968402,1.02637,1.091776,1.165713,1.249056,1.341369,1.443962,1.55268,1.669492,1.793304,1.919303,2.043115,2.162115,2.276302,2.376051,2.458301,2.521738,2.564175,2.582988,2.576425,2.548426,2.501176,2.436864,2.359864,2.26974,2.16999,2.06499,1.954741,1.843616,1.735117,1.628367,1.529493,1.435868,1.346619,1.263494,1.186494,1.114745,1.04912,0.988745,0.93362,0.885496,0.841746,0.801496,0.764746,0.732371,0.702621,0.676372,0.651872,0.629997,0.610747,0.594122,0.578372,0.564372,0.550372,0.538122,0.524997,0.515372,0.505747,0.496122,0.488247,0.480372,0.474247,0.468122,0.461998,0.455873,0.449747,0.447122,0.443623,0.440998,0.438372,0.437498,0.435748,0.435748,0.4353105,0.434873,0.434873,0.434873,0.437498,0.436623,0.440123,0.440998,0.443623,0.446247,0.448872,0.451498,0.454123,0.457623,0.460247,0.462872,0.466372,0.468122,0.472498,0.475997,0.477747,0.479497,0.482122,0.486497,0.489122,0.489997,0.490872,0.493497,0.493497,0.494372,0.495247,0.495247,0.496122,0.495247,0.494372,0.493497,0.490872,0.490872,0.487372,0.485622,0.483872,0.482122,0.482122,0.480372,0.478622,0.477747,0.476872,0.475997,0.475122,0.475122,0.476872,0.478622,0.479497,0.481247,0.483872,0.486497,0.488247,0.492622,0.497872,0.503122,0.509247,0.516247,0.524997,0.534622,0.543372,0.554747,0.566997,0.581872,0.596747,0.614247,0.632622,0.653622,0.676372,0.699996,0.726246,0.756871,0.785746,0.819871,0.856621,0.894246,0.934495,0.978245,1.021995,1.069245,1.11562,1.163744,1.213619,1.263494,1.311619,1.357118,1.402618,1.445493,1.483993,1.523368,1.559243,1.595117,1.627492,1.658992,1.692242,1.722867,1.757867,1.791991,1.830491,1.870741,1.915366,1.965241,2.020366,2.08074,2.14374,2.212865,2.29074,2.372114,2.461363,2.559363,2.663488,2.776362,2.895362,3.023111,3.157861,3.30311,3.457109,3.621608,3.795733,3.979482,4.17198,4.37673,4.588479,4.810728,5.041727,5.288476,5.540475,5.806474,6.082972,6.366471,6.66047,6.971968,7.281717,7.608966,7.951964,8.298463,8.655462,9.029961,9.411458,9.806956,10.195453,10.597952,11.01095,11.427448,11.850946,12.274444,12.701443,13.138941,13.579938,14.010437,14.451435,,7.5,2.5,0.0,0.0
0.181124,0.171499,0.158374,0.150936,0.144811,0.137374,0.13103,0.125561,0.12228,0.11539,0.112765,0.108171,0.104999,0.102593,0.099312056,0.098218312,0.094827704,0.093843336,0.09318708,0.0918746,0.090015224,0.089577728,0.08771836,0.086733992,0.086624616,0.086952736,0.086296488,0.086624616,0.085968368,0.087280856,0.086843368,0.086952736,0.088155864,0.0892496,0.09045272,0.090890216,0.092421464,0.093952704,0.095483944,0.096577696,0.098983928,0.10128,0.104343,0.106858,0.110468,0.113749,0.117358,0.122061,0.126436,0.131577,0.137593,0.144046,0.151374,0.159139,0.167343,0.176202,0.186264,0.196764,0.208249,0.221155,0.234827,0.249045,0.264686,0.280764,0.297826,0.315326,0.334029,0.353498,0.373404,0.39342,0.413216,0.433451,0.453357,0.47206,0.490654,0.508044,0.524997,0.540856,0.556825,0.572028,0.586247,0.5997,0.6137,0.628247,0.642903,0.658872,0.677903,0.700871,0.727559,0.757527,0.79384,0.836496,0.887902,0.94762,1.017839,1.100745,1.195463,1.302431,1.420118,1.546993,1.68568,1.827866,1.973116,2.11574,2.253115,2.378676,2.487176,2.575551,2.638988,2.674425,2.680113,2.659988,2.616238,2.547988,2.464864,2.368614,2.259239,2.142865,2.018616,1.895241,1.770117,1.649367,1.533868,1.426243,1.324744,1.230244,1.14187,1.060495,0.985245,0.916996,0.854871,0.797121,0.747246,0.703496,0.662372,0.627372,0.593247,0.565247,0.538122,0.515372,0.494372,0.476872,0.461122,0.447123,0.434873,0.421748,0.410373,0.401623,0.391998,0.384123,0.376248,0.370998,0.363998,0.358748,0.352623,0.349998,0.345623,0.342998,0.340373,0.338623,0.336873,0.336873,0.336873,0.336873,0.336873,0.338623,0.339498,0.340373,0.342998,0.344748,0.348248,0.350873,0.353498,0.357873,0.359623,0.363998,0.366623,0.370998,0.373623,0.376248,0.380623,0.384998,0.387623,0.390248,0.392873,0.394623,0.396373,0.399873,0.402498,0.402498,0.404248,0.404248,0.403373,0.405123,0.403373,0.402498,0.402498,0.400748,0.399873,0.398998,0.397248,0.395498,0.394623,0.391123,0.390248,0.389373,0.389373,0.387623,0.388498,0.387623,0.388498,0.387623,0.390248,0.391998,0.393748,0.395498,0.398998,0.403373,0.406873,0.412998,0.415623,0.423498,0.430498,0.435748,0.446248,0.455872,0.466372,0.477747,0.491747,0.505747,0.521497,0.538122,0.558247,0.580997,0.604622,0.629997,0.657997,0.691247,0.722746,0.760371,0.798871,0.841746,0.888121,0.934495,0.983495,1.03687,1.091995,1.144495,1.199619,1.253869,1.306369,1.358869,1.407868,1.455118,1.498868,1.539117,1.576742,1.613492,1.645867,1.678242,1.713242,1.747366,1.785867,1.823491,1.868116,1.917116,1.970491,2.029991,2.09824,2.176115,2.261864,2.352864,2.457864,2.571613,2.692363,2.826237,2.970611,3.126361,3.295235,3.476359,3.665358,3.873607,4.089731,4.322481,4.569229,4.833478,5.108227,5.402226,5.706724,6.035723,6.371721,6.721719,7.087467,7.472466,7.864465,8.275713,8.70096,9.141959,9.600457,10.055455,10.531453,11.02845,11.535948,12.046946,12.571944,13.110941,13.656938,14.206437,14.762933,15.326432,15.893429,16.435924,17.016924,17.58392,18.12992,18.682918,19.221916,19.76091,20.27891,20.796906,,7.5,2.5,0.0,0.0
0.188124,0.181999,0.179811,0.170186,0.166468,0.164061,0.157936,0.156186,0.152249,0.150061,0.146999,0.145686,0.143936,0.140218,0.140655,0.138468,0.138905,0.136171,0.13639,0.13453,0.133327,0.132343,0.130374,0.130811,0.128733,0.12939,0.128405,0.127858,0.12764,0.126327,0.12589,0.126436,0.125452,0.125233,0.124905,0.123374,0.12414,0.123483,0.122827,0.12228,0.121952,0.121733,0.121952,0.12178775,0.121733,0.121733,0.120858,0.12064,0.120421,0.119874,0.120093,0.12064,0.121186,0.120311,0.120202,0.12011975,0.119983,0.119983,0.11987375,0.119655,0.119874,0.120202,0.119983,0.119874,0.119765,0.119874,0.120311,0.119218,0.119874,0.120421,0.120749,0.120749,0.120968,0.121624,0.120968,0.121296,0.121405,0.121733,0.122171,0.122718,0.123046,0.123702,0.123921,0.124358,0.124577,0.124577,0.125671,0.126327,0.127202,0.12753,0.128624,0.129499,0.129608,0.130374,0.13103,0.131796,0.132015,0.133765,0.133874,0.135077,0.135952,0.136499,0.136936,0.137702,0.138249,0.138686,0.139343,0.140546,0.141202,0.14164,0.14153,0.142077,0.142624,0.142514,0.143171,0.143718,0.144593,0.144483,0.14503,0.145249,0.146014,0.146124,0.146343,0.147108,0.146999,0.147327,0.147764,0.14853,0.148639,0.14853,0.148968,0.148858,0.150499,0.150608,0.151921,0.15203,0.152468,0.153452,0.154108,0.154436,0.155093,0.156186,0.156952,0.157936,0.15903,0.159905,0.160889,0.161327,0.16253,0.162749,0.164608,0.166139,0.166577,0.168436,0.169967,0.17128,0.172483,0.173249,0.173577,0.175546,0.177186,0.178389,0.18003,0.181342,0.182436,0.183639,0.185171,0.187139,0.187577,0.19053,0.19228,0.194139,0.19578,0.196983,0.198624,0.199936,0.202014,0.203545,0.205624,0.208467,0.209999,0.212514,0.215139,0.217108,0.221483,0.223233,0.22728,0.229467,0.233514,0.236467,0.242045,0.244123,0.249483,0.253311,0.257905,0.261514,0.267092,0.27278,0.277155,0.280654,0.285686,0.288529,0.292467,0.29542,0.297498,0.301108,0.304061,0.306467,0.308764,0.310623,0.313795,0.315764,0.319264,0.321014,0.325061,0.328451,0.331732,0.334904,0.339498,0.344748,0.348139,0.352732,0.358857,0.364982,0.371435,0.377998,0.385107,0.393857,0.400857,0.409388,0.416716,0.42656,0.437169,0.446794,0.458169,0.47031,0.482888,0.496341,0.509685,0.524013,0.540638,0.557263,0.573778,0.593028,0.613153,0.634809,0.656028,0.680528,0.705028,0.73259,0.761027,0.791433,0.824902,0.860339,0.896433,0.93712,0.978245,1.022432,1.069682,1.119557,1.174463,1.232432,1.294556,1.358868,1.428431,1.501055,1.57893,1.662055,1.751742,1.844491,1.947741,2.054053,2.16649,2.286364,2.412364,2.544488,2.686237,2.834112,2.993361,3.160486,3.331984,3.513109,3.706483,3.905982,4.117731,4.337355,4.565729,4.808103,5.060977,5.321725,5.591225,5.872974,6.165222,6.466221,6.777719,7.099718,7.433967,7.773464,8.121714,8.482212,8.847961,9.229459,9.607456,9.999455,10.401954,10.81145,11.220949,11.640949,12.060946,12.484443,12.914942,13.34194,13.782937,14.216936,14.643935,15.091933,15.53293,15.97043,16.379928,16.813924,,0.0,0.0,0.0,0.0
0.136936,0.134311,0.128624,0.123593,0.121624,0.117468,0.112436,0.11003,0.107843,0.105437,0.104562,0.100843,0.099530816,0.099749552,0.096687064,0.097780816,0.094608952,0.095374584,0.093624584,0.093515208,0.09165584,0.091327712,0.089905848,0.090890224,0.089905856,0.089468352,0.088483976,0.087171488,0.087827728,0.08739024,0.086187112,0.086624608,0.086405864,0.086296488,0.085968368,0.085530864,0.085530872,0.084765248,0.084984,0.084327752,0.083999624,0.084655872,0.084218376,0.084327752,0.084437128,0.084546496,0.083999632,0.083562128,0.08378088,0.083890248,0.083890256,0.084327752,0.084218368,0.083890256,0.083999624,0.084026972,0.084109,0.084109008,0.083671504,0.083890248,0.084218376,0.084218376,0.084437128,0.084546496,0.084546496,0.084546496,0.084765256,0.084546496,0.084983992,0.085202746,0.085640248,0.085640248,0.085749616,0.085858992,0.086405864,0.086187112,0.086733992,0.086843368,0.087718352,0.087718352,0.088374616,0.088812104,0.088812104,0.0892496,0.0892496,0.090343352,0.090890224,0.091437096,0.091874592,0.093296456,0.093515208,0.0943902,0.09460896,0.095374584,0.095921448,0.096796448,0.098108944,0.098655808,0.099530808,0.100077,0.101171,0.101499,0.102046,0.102812,0.10303,0.103905,0.10489,0.105546,0.105983,0.10653,0.107077,0.107405,0.107515,0.107952,0.109593,0.109483,0.11014,0.110687,0.111452,0.110905,0.111452,0.111561,0.11219025,0.112546,0.113202,0.112874,0.11364,0.114515,0.114624,0.115061,0.11539,0.11539,0.116483,0.116702,0.116811,0.118233,0.118999,0.11889,0.119874,0.121186,0.120968,0.121843,0.122608,0.123811,0.125343,0.125671,0.126983,0.127968,0.129061,0.129608,0.130374,0.131905,0.133218,0.134202,0.135296,0.137155,0.137046,0.138468,0.139889,0.141093,0.143389,0.144155,0.146233,0.147327,0.149733,0.151264,0.151702,0.15378,0.154218,0.156514,0.158046,0.160671,0.162093,0.163624,0.164827,0.166139,0.168327,0.170077,0.171936,0.173577,0.17653,0.177842,0.179921,0.182217,0.185171,0.187139,0.19053,0.19228,0.195124,0.199061,0.201686,0.204311,0.20803,0.21153,0.215577,0.219952,0.222577,0.228155,0.231545,0.235483,0.240077,0.244014,0.246858,0.24992,0.25342,0.257248,0.259108,0.262608,0.26578,0.269061,0.271467,0.274092,0.276498,0.279342,0.282842,0.286342,0.289951,0.293998,0.297717,0.300889,0.306139,0.310186,0.315436,0.320904,0.32692,0.333482,0.339826,0.347264,0.35317,0.360607,0.368154,0.377013,0.38456,0.395607,0.40567,0.415623,0.427216,0.438482,0.450294,0.461997,0.475341,0.48945,0.504216,0.52106,0.537028,0.555841,0.575419,0.594341,0.615341,0.639403,0.663247,0.689934,0.717278,0.746371,0.778965,0.81134,0.847871,0.885058,0.924652,0.967089,1.013901,1.063557,1.114745,1.170963,1.228931,1.293681,1.359744,1.432806,1.508055,1.591617,1.681305,1.774929,1.873804,1.979241,2.092553,2.209365,2.334927,2.468801,2.610988,2.759737,2.915486,3.085236,3.26111,3.443984,3.639983,3.844732,4.064356,4.28748,4.52548,4.775728,5.036477,5.305976,5.584225,5.876474,6.177472,6.490721,6.816219,7.153968,7.502216,7.859215,8.219713,8.602962,8.99146,9.390459,9.792956,10.209455,10.643452,11.07745,11.521948,11.973446,12.424945,12.879942,13.33144,13.800437,14.269436,14.727934,15.189931,15.658928,16.117426,16.582926,,0.0,0.0,0.0,0.0
0.173686,0.171061,0.161874,0.159686,0.153124,0.149843,0.149186,0.146343,0.140874,0.13978,0.136061,0.133655,0.130155,0.132452,0.13103,0.128733,0.128077,0.125999,0.12578,0.124577,0.122936,0.121624,0.122171,0.120093,0.120968,0.120093,0.119327,0.118233,0.118015,0.11714,0.116483,0.115936,0.11539,0.115499,0.115499,0.115171,0.114733,0.114296,0.114186,0.113858,0.11353,0.113093,0.112983,0.113421,0.113311,0.112765,0.112874,0.112108,0.112108,0.112108,0.112108,0.112108,0.112218,0.112327,0.112437,0.11178,0.112218,0.11178,0.11178,0.111452,0.11178,0.112108,0.11189,0.112327,0.11178,0.11189,0.11189,0.112108,0.11221775,0.112437,0.112436,0.11257325,0.112874,0.112546,0.11353,0.112874,0.113202,0.11353,0.114296,0.114952,0.115171,0.115499,0.115718,0.115827,0.116265,0.116702,0.11714,0.117905,0.118561,0.119765,0.119983,0.120311,0.121186,0.121624,0.122061,0.122718,0.123702,0.124468,0.125233,0.125999,0.126874,0.127311,0.128186,0.128186,0.128733,0.12939,0.130702,0.131686,0.131358,0.132452,0.133436,0.132999,0.13289,0.133218,0.134311,0.135405,0.135186,0.135952,0.13639,0.137265,0.137046,0.137155,0.137702,0.138577,0.139452,0.140108,0.140108,0.140436,0.141093,0.141202,0.142077,0.14164,0.142514,0.143171,0.143718,0.144264,0.145139,0.145905,0.146014,0.146561,0.146889,0.148311,0.149186,0.149952,0.151046,0.152358,0.153452,0.154983,0.154546,0.156405,0.15728,0.158374,0.15903,0.160233,0.162202,0.162639,0.163952,0.164827,0.166468,0.167889,0.169202,0.16953,0.171717,0.173686,0.174233,0.175764,0.177405,0.178717,0.18003,0.182108,0.183749,0.185827,0.186592,0.188999,0.189764,0.191405,0.193155,0.194686,0.197092,0.199389,0.201577,0.203983,0.205842,0.208249,0.209342,0.213608,0.216014,0.219405,0.222467,0.225748,0.229795,0.233405,0.236577,0.240842,0.244998,0.248608,0.25353,0.258561,0.262389,0.267092,0.271248,0.274639,0.277592,0.282076,0.284483,0.287326,0.289733,0.292576,0.294764,0.297717,0.300233,0.30242,0.304607,0.307561,0.30942,0.312592,0.316529,0.318717,0.323092,0.326373,0.331076,0.334904,0.340482,0.344857,0.350982,0.357326,0.363123,0.370013,0.376904,0.384123,0.391998,0.399873,0.408513,0.419013,0.427982,0.439466,0.44931,0.461779,0.473591,0.486279,0.498857,0.513403,0.530575,0.546216,0.562731,0.580997,0.601559,0.620809,0.641809,0.665434,0.689934,0.716621,0.743965,0.773933,0.80609,0.83759,0.873683,0.91087,0.950683,0.992901,1.039495,1.086526,1.138369,1.192838,1.250369,1.313369,1.377243,1.446805,1.521618,1.600367,1.684805,1.774491,1.869429,1.969178,2.075928,2.18749,2.305614,2.430301,2.565488,2.703737,2.850737,3.004736,3.16836,3.338985,3.519234,3.709108,3.907732,4.116856,4.335605,4.563104,4.801978,5.048727,5.305976,5.573724,5.853723,6.144222,6.445221,6.75672,7.076968,7.411216,7.752464,8.107713,8.468212,8.83746,9.22421,9.617956,10.016956,10.422954,10.83945,11.255949,11.682946,12.113446,12.547443,12.995441,13.432939,13.884437,14.339435,14.790934,15.238931,15.693929,,0.0,0.0,0.0,0.0
0.140436,0.135186,0.128186,0.124468,0.12053,0.117468,0.11353,0.111562,0.108718,0.105874,0.105218,0.103905,0.102483,0.099858928,0.099640184,0.098108944,0.096687072,0.096030824,0.09406208,0.093952712,0.09340584,0.092093344,0.091546464,0.09132772,0.089905856,0.089905856,0.089331636,0.088812104,0.088702728,0.088073824,0.087280856,0.087499608,0.086952736,0.087280856,0.086733992,0.086843368,0.086187112,0.086187112,0.085749616,0.085421496,0.08531212,0.08531212,0.085202752,0.08531212,0.085530872,0.084874624,0.084546496,0.084327752,0.084765248,0.084546496,0.084874624,0.085202752,0.084765248,0.084874624,0.085421496,0.08531212,0.084765248,0.084437128,0.084546496,0.085202744,0.085421488,0.085202752,0.08531212,0.08531212,0.085530872,0.085093376,0.085530872,0.085968368,0.085749616,0.086296488,0.086296496,0.087062112,0.087171488,0.087089458,0.08706212,0.0875337925,0.08804648,0.087937112,0.08804648,0.088812104,0.089140232,0.089358984,0.089577728,0.090015224,0.090015224,0.090999592,0.091765216,0.092312088,0.09285896,0.09340584,0.094390208,0.094171456,0.095374584,0.096249568,0.096687064,0.097124568,0.098108944,0.09854644,0.099530808,0.100077,0.100296,0.101608,0.102265,0.102374,0.102483,0.103577,0.10478,0.105108,0.105874,0.105983,0.106858,0.107077,0.107187,0.107843,0.108718,0.109155,0.109702,0.109812,0.110905,0.111124,0.11189,0.11178,0.112218,0.112765,0.113749,0.113749,0.114843,0.115718,0.115718,0.115827,0.116046,0.117249,0.117905,0.118233,0.119327,0.119983,0.120421,0.120968,0.121186,0.122499,0.122827,0.123593,0.124905,0.125999,0.126983,0.128296,0.129061,0.129827,0.131358,0.131468,0.133108,0.133655,0.135515,0.136608,0.137702,0.139561,0.140983,0.141202,0.142186,0.143827,0.145468,0.14678,0.148202,0.150061,0.151593,0.153452,0.154436,0.15553,0.157171,0.159468,0.161218,0.162421,0.164389,0.165811,0.167561,0.169311,0.171061,0.172264,0.174889,0.176749,0.179374,0.181014,0.183092,0.185061,0.188233,0.189546,0.192717,0.195561,0.197858,0.201577,0.205186,0.207483,0.210436,0.21503,0.217217,0.22203,0.225967,0.230014,0.234389,0.238217,0.242264,0.246311,0.248717,0.254076,0.25692,0.259873,0.262717,0.266545,0.268514,0.270373,0.275405,0.278358,0.280436,0.283389,0.287326,0.290389,0.295092,0.298483,0.303295,0.307123,0.312482,0.317514,0.322107,0.327904,0.333045,0.340264,0.347482,0.35481,0.361045,0.369029,0.377342,0.385982,0.395826,0.404795,0.41431,0.426779,0.43706,0.450294,0.461669,0.474576,0.487591,0.502357,0.517341,0.533747,0.551575,0.569841,0.587778,0.607684,0.630653,0.653403,0.677684,0.704371,0.73084,0.76059,0.791871,0.824902,0.857933,0.897527,0.935589,0.976276,1.021995,1.068151,1.118026,1.172057,1.227619,1.288431,1.350556,1.419681,1.491868,1.570618,1.65243,1.742117,1.833991,1.931553,2.037428,2.148115,2.263614,2.388739,2.519113,2.655613,2.799987,2.953987,3.116736,3.28736,3.466734,3.656608,3.857857,4.066107,4.285731,4.517604,4.759979,5.008477,5.269226,5.543974,5.829223,6.126723,6.432971,6.753219,7.085717,7.421716,7.775215,8.144464,8.517211,8.90571,9.302958,9.712457,10.139455,10.573453,11.010951,11.462448,11.917448,12.379444,12.837943,13.313941,13.789938,14.272936,14.745434,15.224931,15.71143,16.197927,,0.0,0.0,0.0,0.0
0.193374,0.188561,0.181999,0.177405,0.170405,0.167124,0.163843,0.160561,0.157061,0.154218,0.150936,0.151374,0.148968,0.144155,0.144374,0.14245975,0.140874,0.140436,0.138686,0.138358,0.137374,0.134749,0.134749,0.133792,0.13289,0.13278,0.13114,0.131358,0.12939,0.130593,0.128733,0.129171,0.128296,0.127858,0.127858,0.126765,0.126765,0.126218,0.125999,0.125452,0.124577,0.125671,0.124686,0.124468,0.125015,0.124577,0.123921,0.124249,0.123593,0.123046,0.123483,0.123702,0.123702,0.123593,0.123702,0.123483,0.123155,0.122936,0.122499,0.122827,0.123265,0.122936,0.123483,0.123265,0.122936,0.122827,0.123155,0.122608,0.123155,0.123046,0.123702,0.123811,0.123702,0.124577,0.124249,0.124686,0.125015,0.124577,0.125233,0.125999,0.12589,0.126655,0.127311,0.127858,0.12764,0.128405,0.128515,0.129936,0.130046,0.13114,0.131577,0.132124,0.13278,0.133983,0.133874,0.13464,0.135515,0.136827,0.137702,0.138358,0.139015,0.139561,0.140327,0.140983,0.141311,0.142405,0.143608,0.144264,0.144155,0.144921,0.14503,0.146233,0.146452,0.146233,0.146889,0.146999,0.148202,0.148858,0.149296,0.149514,0.149624,0.149952,0.150061,0.151046,0.151483,0.152139,0.152577,0.152796,0.153452,0.15378,0.154108,0.153889,0.155093,0.156077,0.156624,0.15728,0.157608,0.158702,0.158702,0.16078,0.159905,0.161764,0.162749,0.164171,0.165046,0.166358,0.167014,0.16778,0.168983,0.16953,0.171171,0.172483,0.173905,0.175546,0.176092,0.176858,0.177952,0.179811,0.181014,0.182764,0.184186,0.186046,0.186811,0.188889,0.189983,0.191952,0.193046,0.194467,0.196108,0.197858,0.199499,0.201249,0.202233,0.204967,0.206608,0.208139,0.209889,0.211639,0.214045,0.216561,0.218639,0.221483,0.223999,0.226623,0.229139,0.232311,0.234717,0.238436,0.241389,0.245655,0.249811,0.253748,0.257577,0.262061,0.266983,0.271795,0.27628,0.281311,0.285576,0.289404,0.294326,0.297717,0.300998,0.304389,0.307014,0.309858,0.313248,0.314779,0.317295,0.320139,0.322107,0.324076,0.326373,0.329107,0.330748,0.336217,0.340373,0.343107,0.347482,0.351967,0.357217,0.361373,0.366732,0.372748,0.378982,0.385654,0.393201,0.400857,0.408951,0.416498,0.425138,0.435091,0.445482,0.456201,0.467029,0.479716,0.492404,0.506185,0.520622,0.535278,0.550919,0.568309,0.587122,0.60659,0.626716,0.64859,0.671996,0.695621,0.723184,0.750746,0.780934,0.81309,0.848089,0.883527,0.921808,0.963151,1.006464,1.051964,1.101182,1.153901,1.210557,1.268744,1.332181,1.401306,1.472618,1.546555,1.62793,1.714554,1.805991,1.903554,2.007678,2.118365,2.234302,2.357677,2.485863,2.622363,2.768487,2.918987,3.079986,3.25061,3.428234,3.615484,3.809733,4.013606,4.227981,4.454605,4.691728,4.934102,5.192227,5.459975,5.736474,6.019973,6.319222,6.62897,6.947468,7.276467,7.614216,7.965964,8.329962,8.697461,9.071958,9.460457,9.855955,10.261955,10.671453,11.09495,11.521948,11.955946,12.389944,12.830943,13.27894,13.723437,14.164436,14.619434,15.077932,15.53643,15.991429,16.446425,16.876926,17.317922,,0.0,0.0,0.0,0.0
0.122936,0.118124,0.113749,0.109812,0.104562,0.10303,0.09734332,0.100624,0.096249568,0.093952704,0.092093336,0.090671472,0.0892496,0.086733992,0.086405872,0.08531212,0.085202752,0.083398068,0.08170276,0.08137464,0.08049964,0.081046512,0.079734024,0.08049964,0.08017152,0.079515272,0.078530904,0.077655904,0.077327784,0.077546528,0.077218408,0.077109032,0.07623404,0.076124656,0.076124664,0.07582388,0.07568716,0.07535904,0.075140296,0.074921544,0.074702792,0.074812168,0.074812168,0.074593424,0.075030912,0.074702792,0.074374672,0.07448404,0.074374672,0.074155912,0.074265296,0.07448404,0.07448404,0.074538728,0.074593416,0.074593416,0.074374672,0.074265296,0.074593416,0.074374672,0.074484048,0.074921544,0.07503092,0.074812168,0.075140296,0.074593424,0.074702792,0.074921544,0.075030912,0.075140296,0.075577792,0.075577792,0.075796544,0.075905912,0.076452784,0.076343416,0.07656216,0.076780904,0.07710904,0.077546528,0.077984024,0.078202784,0.078749648,0.07842152,0.0789684,0.07929652,0.07962464,0.080827768,0.080609024,0.081593384,0.082249632,0.082140256,0.08290588,0.083452752,0.083999632,0.084109,0.08465588,0.086077744,0.086843368,0.087280856,0.087171488,0.088265232,0.088702736,0.089358976,0.0892496,0.090015224,0.091437096,0.091546472,0.092093336,0.092968344,0.093077712,0.09318708,0.093296464,0.093952704,0.09471832,0.095155832,0.095483944,0.09592144,0.095702696,0.096030818,0.096249568,0.096249568,0.097452696,0.09767144,0.098218304,0.098437056,0.099421432,0.099640184,0.099640176,0.099968304,0.100405,0.100952,0.10139,0.101937,0.102702,0.10314,0.104452,0.104015,0.105108,0.106749,0.106312,0.107077,0.10839,0.109483,0.11014,0.109812,0.111124,0.112983,0.112983,0.113311,0.114515,0.11539,0.116483,0.117905,0.118343,0.12053,0.120968,0.121624,0.121843,0.12403,0.125124,0.126108,0.127202,0.128952,0.130593,0.130811,0.132343,0.133874,0.135296,0.13639,0.137374,0.139124,0.140983,0.142296,0.142624,0.145139,0.146999,0.148311,0.149077,0.151264,0.153124,0.154764,0.156952,0.157718,0.160671,0.162968,0.164389,0.166249,0.169968,0.171936,0.174561,0.177624,0.181233,0.184186,0.18703,0.188999,0.192936,0.197749,0.201249,0.203436,0.206499,0.210108,0.213717,0.215139,0.218639,0.220827,0.223561,0.225967,0.227389,0.230561,0.233623,0.235155,0.236686,0.240514,0.243358,0.245217,0.248061,0.251561,0.255936,0.260639,0.262498,0.266873,0.27267,0.276389,0.279998,0.286233,0.292029,0.298264,0.304279,0.309967,0.317732,0.325389,0.331732,0.339936,0.349232,0.359514,0.367279,0.377013,0.387513,0.399216,0.410154,0.422623,0.435857,0.449638,0.464622,0.478513,0.496997,0.514278,0.533638,0.551794,0.572356,0.596528,0.620809,0.644653,0.672434,0.702403,0.733903,0.764309,0.797777,0.837808,0.877839,0.919402,0.96162,1.011495,1.064213,1.117588,1.175119,1.237244,1.304181,1.375931,1.450306,1.532993,1.61918,1.711929,1.806867,1.910553,2.022116,2.13849,2.260552,2.391801,2.530926,2.681862,2.830612,2.995111,3.169236,3.355609,3.547234,3.750233,3.966356,4.195606,4.424855,4.669854,4.925353,5.199226,5.475725,5.762724,6.068972,6.387471,6.71297,7.041968,7.393717,7.755965,8.128713,8.501462,8.89346,9.302958,9.715956,10.135955,10.562954,11.00395,11.448449,11.889446,12.337445,12.802942,13.26844,13.716439,14.171435,14.640433,15.098932,15.564428,,0.0,0.0,0.0,0.0
0.139124,0.135186,0.129936,0.126218,0.122061,0.117468,0.115061,0.113093,0.110687,0.109374,0.107843,0.106093,0.103468,0.102155,0.101171,0.100624,0.100077,0.098682848,0.097124568,0.096905824,0.094718328,0.095155824,0.09406208,0.093515208,0.092968344,0.09285896,0.0918746,0.093077712,0.090671472,0.0909996,0.090671472,0.090233976,0.0901246,0.089687096,0.088702736,0.088374608,0.08892148,0.088374616,0.088374608,0.088265232,0.087499608,0.087937112,0.087499608,0.08739024,0.087608984,0.087444926,0.08739024,0.08739024,0.087253522,0.087062112,0.087171496,0.086952744,0.087144146,0.087171488,0.0868365285,0.086624616,0.086405864,0.08651524,0.08651524,0.087171488,0.087280864,0.086952736,0.087608984,0.087390232,0.086952736,0.08739024,0.08771836,0.087937112,0.087499616,0.087499616,0.088155856,0.088483976,0.088374616,0.088483976,0.088921488,0.08892148,0.089140232,0.08892148,0.08957772,0.090343352,0.090780848,0.090780848,0.091218344,0.091437096,0.091983968,0.09165584,0.092421464,0.093187088,0.093515208,0.09460896,0.094499584,0.0952652,0.09646832,0.09646832,0.09646832,0.097015192,0.09854644,0.098655808,0.099858936,0.100405,0.100952,0.101718,0.102046,0.102593,0.103249,0.104233,0.104452,0.105218,0.105655,0.106421,0.106749,0.106749,0.107187,0.107515,0.108062,0.109265,0.109702,0.11003,0.110358,0.110796,0.111015,0.111015,0.111562,0.111561,0.11189,0.112765,0.11353,0.114515,0.11353,0.113858,0.114405,0.114733,0.115499,0.116374,0.117249,0.117905,0.118343,0.118343,0.119436,0.119765,0.120858,0.121296,0.123155,0.123265,0.124468,0.125124,0.125999,0.126983,0.128186,0.128952,0.129499,0.130593,0.132999,0.133983,0.134421,0.136061,0.137265,0.137483,0.139015,0.140108,0.142186,0.143389,0.143827,0.145577,0.147764,0.148202,0.149952,0.151921,0.153124,0.154546,0.155858,0.15728,0.160233,0.16078,0.162202,0.163405,0.165702,0.167452,0.170077,0.171171,0.173577,0.17653,0.178061,0.180249,0.181999,0.184624,0.18703,0.190311,0.193483,0.196983,0.200811,0.203655,0.206499,0.210655,0.214811,0.218858,0.222249,0.226514,0.230998,0.234498,0.238655,0.241608,0.245217,0.247514,0.24992,0.252983,0.255608,0.258342,0.260092,0.262061,0.263701,0.267201,0.26917,0.270483,0.273764,0.278139,0.281311,0.284264,0.287654,0.293342,0.29717,0.30067,0.305592,0.311389,0.318389,0.324514,0.330092,0.337639,0.345842,0.352404,0.360607,0.369357,0.378107,0.388388,0.39867,0.410591,0.422513,0.435966,0.448216,0.462544,0.478185,0.494372,0.510778,0.529482,0.549825,0.570278,0.591716,0.614903,0.640934,0.666965,0.696278,0.726684,0.759059,0.793621,0.831465,0.870183,0.911308,0.957902,1.005589,1.055464,1.109495,1.168776,1.231994,1.298494,1.368056,1.441993,1.522493,1.608242,1.69793,1.795929,1.902241,2.012491,2.129302,2.252239,2.385239,2.523926,2.671363,2.827112,2.993361,3.16836,3.35386,3.547234,3.750233,3.965481,4.189481,4.426605,4.675104,4.935853,5.209727,5.493225,5.785474,6.093472,6.417221,6.74447,7.089218,7.444467,7.813715,8.193464,8.578462,8.980959,9.390457,9.817456,10.240954,10.678452,11.12995,11.591948,12.053946,12.519443,12.998941,13.474939,13.957937,14.433936,14.920434,15.417432,15.903928,16.393925,16.855924,17.338922,17.814922,18.297916,,0.0,0.0,0.0,0.0
0.224873,0.220499,0.209124,0.205624,0.200374,0.195124,0.192936,0.188342,0.184405,0.18003,0.178717,0.175655,0.173686,0.172374,0.172155,0.168218,0.16603,0.16603,0.16603,0.163733,0.162858,0.16078,0.160561,0.158811,0.159577,0.157389,0.156733,0.156624,0.155202,0.155093,0.154436,0.153561,0.152796,0.152358,0.151374,0.151483,0.150936,0.150061,0.149624,0.148858,0.14853,0.148421,0.148421,0.148202,0.147655,0.147218,0.147327,0.147108,0.146233,0.145905,0.146233,0.146671,0.146452,0.146343,0.146124,0.146124,0.145905,0.145577,0.14568625,0.145577,0.145686,0.145577,0.145577,0.145468,0.14527625,0.14503,0.14503,0.144921,0.14519425,0.145358,0.145468,0.145905,0.145905,0.145905,0.146014,0.146014,0.145905,0.145905,0.146671,0.147218,0.147218,0.147546,0.147655,0.148093,0.148311,0.148421,0.148968,0.149405,0.150608,0.151264,0.151046,0.151593,0.15203,0.152905,0.152796,0.153124,0.153999,0.154764,0.155093,0.156186,0.156296,0.156952,0.156405,0.15728,0.157718,0.158593,0.15903,0.160233,0.160452,0.161436,0.161546,0.162065,0.162639,0.162639,0.163733,0.164171,0.165264,0.165155,0.16567425,0.166139,0.166139,0.167452,0.167343,0.16778,0.169311,0.170186,0.171171,0.171717,0.172592,0.172811,0.17303,0.173577,0.174342,0.176092,0.175764,0.177405,0.178499,0.179046,0.179046,0.180249,0.180467,0.18178,0.182764,0.183639,0.185061,0.186592,0.187467,0.188561,0.18878,0.19053,0.191842,0.192499,0.194577,0.195889,0.196327,0.197202,0.198405,0.199936,0.201249,0.202561,0.203874,0.205952,0.207264,0.209014,0.210108,0.212186,0.21317,0.214483,0.215249,0.218092,0.219952,0.221264,0.222577,0.225092,0.226514,0.228373,0.230342,0.231764,0.234061,0.236248,0.238655,0.240952,0.243139,0.245983,0.247295,0.249373,0.252217,0.254186,0.257248,0.260858,0.264467,0.266873,0.270592,0.273436,0.276717,0.279998,0.284592,0.288201,0.292795,0.296951,0.301217,0.304826,0.308108,0.311607,0.314561,0.318717,0.321779,0.325717,0.328889,0.331623,0.335451,0.339389,0.341576,0.345076,0.349232,0.352842,0.356342,0.359951,0.364873,0.369248,0.373842,0.379092,0.384342,0.388935,0.395826,0.401623,0.407091,0.413545,0.420873,0.428966,0.435857,0.444169,0.452263,0.461888,0.470966,0.481575,0.493279,0.502247,0.514607,0.525435,0.537028,0.551356,0.564044,0.579028,0.594778,0.610747,0.627809,0.644872,0.663465,0.683809,0.70634,0.728652,0.752277,0.77809,0.804558,0.832996,0.862089,0.893589,0.926183,0.960089,0.998151,1.036214,1.076901,1.12262,1.168994,1.216682,1.268306,1.325181,1.383806,1.445493,1.512868,1.583742,1.65768,1.735117,1.817366,1.903991,1.995866,2.090365,2.19274,2.299927,2.414114,2.530488,2.655612,2.785112,2.924237,3.068611,3.218235,3.379235,3.546359,3.721358,3.904232,4.094982,4.29623,4.501855,4.715353,4.936728,5.174726,5.416226,5.666474,5.927223,6.194972,6.476721,6.763719,7.066467,7.377967,7.696465,8.025464,8.370211,8.72021,9.073709,9.432457,9.803456,10.181454,10.566453,10.951451,11.346949,11.745948,12.151945,12.550943,12.956942,,0.0,0.0,0.0,0.0
0.167124,0.162311,0.157061,0.15028,0.147655,0.141968,0.139343,0.13628,0.133655,0.130155,0.129061,0.127311,0.124905,0.123921,0.121624,0.120311,0.120858,0.119327,0.118015,0.118124,0.115718,0.115827,0.113749,0.112983,0.112983,0.112655,0.111343,0.110468,0.110577,0.110796,0.109812,0.108937,0.108499,0.108608,0.10806125,0.107733,0.107405,0.107515,0.106858,0.106312,0.106202,0.10653,0.10664,0.10664,0.105874,0.105437,0.105655,0.105874,0.105437,0.10478,0.10489,0.105327,0.105437,0.10529975,0.105108,0.105327,0.10489,0.104671,0.10489,0.10478,0.104999,0.104999,0.10513575,0.105218,0.105327,0.105218,0.10478,0.105108,0.10489,0.105983,0.105437,0.105874,0.106093,0.106312,0.105655,0.105874,0.105983,0.106858,0.107077,0.107187,0.107515,0.108608,0.108608,0.108937,0.108827,0.109593,0.109702,0.110577,0.111015,0.111671,0.112765,0.112983,0.112983,0.113858,0.113858,0.115061,0.115499,0.116593,0.117577,0.118124,0.11878,0.118999,0.119655,0.119983,0.12064,0.121624,0.122171,0.123374,0.123702,0.123811,0.12414,0.125124,0.125561,0.125015,0.12589,0.126983,0.127858,0.127968,0.128405,0.128405,0.12939,0.130155,0.130155,0.130593,0.130811,0.132343,0.13289,0.13278,0.132999,0.133765,0.133874,0.13453,0.134421,0.135952,0.137046,0.137155,0.137811,0.138249,0.139452,0.13989,0.140983,0.141858,0.143499,0.144702,0.14503,0.146343,0.147546,0.148202,0.149186,0.149186,0.150389,0.152358,0.154108,0.154983,0.155749,0.156624,0.158811,0.159796,0.161218,0.162311,0.164061,0.165046,0.166358,0.168108,0.169967,0.171389,0.172264,0.173467,0.175874,0.176967,0.178608,0.180467,0.182546,0.183858,0.184952,0.187249,0.189108,0.190749,0.193046,0.195452,0.196436,0.199608,0.202999,0.203764,0.206936,0.208795,0.212733,0.21492,0.218202,0.220717,0.224327,0.22903,0.232311,0.23428,0.238983,0.242264,0.247514,0.25178,0.25528,0.259217,0.262498,0.266108,0.268951,0.272451,0.275076,0.278248,0.280436,0.283936,0.286014,0.288201,0.289842,0.292904,0.294654,0.296404,0.299576,0.302967,0.306904,0.309639,0.314451,0.318607,0.323311,0.328232,0.332717,0.338404,0.342998,0.350545,0.358201,0.364654,0.372748,0.380076,0.388498,0.396701,0.406763,0.417591,0.428748,0.440341,0.452482,0.466482,0.480154,0.4947,0.510232,0.52631,0.544794,0.56481,0.584497,0.606372,0.629122,0.653622,0.680309,0.707215,0.735652,0.768684,0.802808,0.838683,0.875433,0.917652,0.960308,1.006682,1.055901,1.106432,1.163307,1.223244,1.286244,1.353618,1.424931,1.502368,1.58243,1.66818,1.758742,1.857616,1.963053,2.072865,2.18924,2.313052,2.446489,2.584738,2.729987,2.882237,3.048486,3.21911,3.399359,3.589233,3.788733,3.997857,4.215731,4.445855,4.683854,4.936728,5.202727,5.472225,5.755723,6.046222,6.355971,6.67272,6.998218,7.337717,7.687715,8.046464,8.413963,8.790211,9.178709,9.579456,9.978456,10.391452,10.814951,11.24195,11.679447,12.113445,12.561444,13.002442,13.450439,13.901938,14.353435,14.808433,15.263433,15.718431,16.16993,16.596925,17.037924,17.49992,,0.0,0.0,0.0,0.0
0.136936,0.131686,0.127311,0.12228,0.119436,0.116593,0.112655,0.110468,0.108499,0.10478,0.103905,0.100843,0.09887456,0.098655808,0.098108944,0.097452688,0.096687072,0.094718328,0.095374584,0.092421464,0.093515208,0.09198396,0.090999592,0.090233976,0.090671472,0.089905856,0.089140232,0.088593352,0.087937112,0.087390232,0.087390232,0.086405864,0.08651524,0.086487896,0.086624616,0.086405864,0.08531212,0.085093368,0.085202744,0.084874624,0.084437128,0.084218376,0.084765256,0.084983992,0.084437128,0.084109008,0.083999632,0.084218376,0.083890256,0.083452752,0.083562128,0.084546496,0.08531212,0.085749616,0.086296488,0.086733992,0.08618712,0.084984,0.083890256,0.084109008,0.083890248,0.083562136,0.083671504,0.084218376,0.084327752,0.083999632,0.083999624,0.083890248,0.084218376,0.084546496,0.084546496,0.084655872,0.084819932,0.085093368,0.084983992,0.08531212,0.085093368,0.085858992,0.086077744,0.086296496,0.086843368,0.087280856,0.08804648,0.087937112,0.08771836,0.088483984,0.089358984,0.089577728,0.0901246,0.090780848,0.091983968,0.092312088,0.092421464,0.092968344,0.09373396,0.094171456,0.094608952,0.095265208,0.096687064,0.098108944,0.098546432,0.098108936,0.098546432,0.099968312,0.100515,0.100624,0.101718,0.103358,0.104562,0.103905,0.104233,0.105437,0.105765,0.106312,0.106968,0.107405,0.108827,0.109155,0.109483,0.109374,0.110905,0.111124,0.111671,0.112655,0.11364,0.114405,0.113968,0.115171,0.116483,0.116593,0.116593,0.116921,0.118343,0.119874,0.12053,0.120093,0.121077,0.122718,0.123483,0.123374,0.124249,0.126108,0.12753,0.128296,0.129499,0.13103,0.132343,0.132343,0.133983,0.134858,0.137265,0.138358,0.139343,0.140764,0.143389,0.144702,0.145249,0.146343,0.148749,0.151046,0.152139,0.153014,0.155311,0.157608,0.160671,0.160561,0.161874,0.164718,0.167124,0.167671,0.169967,0.171936,0.174999,0.176092,0.177186,0.180249,0.183092,0.185827,0.186811,0.189764,0.192936,0.19578,0.197749,0.199717,0.203874,0.206608,0.209342,0.211858,0.215249,0.220827,0.224873,0.227608,0.231327,0.237014,0.241498,0.24467,0.248827,0.254842,0.261076,0.264795,0.267092,0.271905,0.277701,0.281201,0.283498,0.286998,0.291373,0.294108,0.296951,0.29892,0.302858,0.306467,0.308983,0.310076,0.314232,0.320686,0.323529,0.325826,0.330092,0.336764,0.341904,0.346826,0.350764,0.358092,0.366404,0.371763,0.379201,0.38642,0.397466,0.406107,0.415076,0.423388,0.436513,0.449529,0.460466,0.472826,0.487372,0.503669,0.518872,0.533528,0.550919,0.570934,0.593247,0.611622,0.63459,0.660403,0.686215,0.712465,0.73959,0.771527,0.806308,0.842183,0.877621,0.916995,0.96162,1.008651,1.055026,1.104026,1.159588,1.218869,1.281431,1.344869,1.414868,1.49143,1.571493,1.65243,1.739929,1.837491,1.941178,2.047928,2.160365,2.282427,2.414551,2.549738,2.687988,2.836737,3.001236,3.170111,3.344235,3.526234,3.725733,3.933107,4.145731,4.363606,4.598104,4.849227,5.109976,5.370725,5.645475,5.942973,6.249222,6.55547,6.870469,7.209967,7.563466,7.920464,8.280962,8.658961,9.061459,9.467458,9.873457,10.286453,10.720451,11.171949,11.623447,12.071447,12.540442,13.023441,13.50294,13.975436,14.465435,14.955433,15.455931,15.952928,16.435928,16.918924,17.429924,17.926918,18.402916,18.892916,,0.0,0.0,0.0,0.0
0.136061,0.130374,0.123811,0.118999,0.11703,0.11178,0.110249,0.10828,0.105655,0.102812,0.09974956,0.098765192,0.096905816,0.095812072,0.095483944,0.095155824,0.092858968,0.09198396,0.092093336,0.09045272,0.089687096,0.088593352,0.086952736,0.087062112,0.08651524,0.085858992,0.08651524,0.085749616,0.084437128,0.084655872,0.083780872,0.084327744,0.083234008,0.083124632,0.083234008,0.083069944,0.083015256,0.08290588,0.082796504,0.081812136,0.08170276,0.081593392,0.081812136,0.081702768,0.081155888,0.081593384,0.081155888,0.08137464,0.081210576,0.081155888,0.081155888,0.081921504,0.08257776,0.082796504,0.08378088,0.083671504,0.082030888,0.08082776,0.080937136,0.080937144,0.080937144,0.08112855,0.081265264,0.081374648,0.081183234,0.081046512,0.081046512,0.080827768,0.080827768,0.081265264,0.081484016,0.081921504,0.082140264,0.082140256,0.082030888,0.082140264,0.082331668,0.08257776,0.08257776,0.083124624,0.083452752,0.083562128,0.083999632,0.084218376,0.08531212,0.084655872,0.085749616,0.086077744,0.087171488,0.087171488,0.087827736,0.087827736,0.088702736,0.089687096,0.090015224,0.090343352,0.09132772,0.091874592,0.093187088,0.09340584,0.094280832,0.0952652,0.095155824,0.096468328,0.096358944,0.096687072,0.097452688,0.098546432,0.09887456,0.09974956,0.099968312,0.099968312,0.100460156,0.100952,0.100952,0.101499,0.101718,0.102265,0.102812,0.10303,0.103468,0.103577,0.103905,0.10478,0.104562,0.105327,0.105874,0.106312,0.107077,0.106858,0.107187,0.106968,0.10839,0.108937,0.109265,0.11003,0.11003,0.111124,0.111452,0.11189,0.112983,0.113858,0.114515,0.116155,0.116593,0.117577,0.118015,0.119436,0.119983,0.121077,0.122171,0.123265,0.124577,0.12578,0.127093,0.127749,0.129608,0.130155,0.130702,0.132233,0.13453,0.136061,0.137265,0.138249,0.139671,0.141311,0.142514,0.14328,0.144811,0.147108,0.148968,0.150061,0.151593,0.153561,0.15378,0.154655,0.156624,0.158264,0.159577,0.161546,0.163296,0.164499,0.167014,0.167343,0.170296,0.170842,0.173796,0.174233,0.177296,0.179702,0.181889,0.183749,0.185936,0.187796,0.190639,0.19228,0.194467,0.197749,0.200702,0.203874,0.20617,0.208358,0.211311,0.214045,0.216999,0.219733,0.222686,0.225967,0.229139,0.232748,0.236139,0.239202,0.24292,0.246639,0.249483,0.255061,0.259108,0.262608,0.268733,0.27267,0.277811,0.282514,0.287545,0.293123,0.299795,0.306029,0.313248,0.320357,0.326811,0.334576,0.343654,0.352951,0.360607,0.371654,0.381498,0.39331,0.404685,0.417045,0.429294,0.442201,0.459263,0.472388,0.48945,0.50695,0.525435,0.546981,0.567106,0.587997,0.613153,0.637872,0.664997,0.695621,0.727778,0.760152,0.794933,0.833652,0.873027,0.915683,0.960745,1.009308,1.062245,1.116057,1.176432,1.23965,1.306369,1.377681,1.453806,1.536055,1.622242,1.714117,1.815179,1.921053,2.03174,2.152927,2.277177,2.411051,2.550176,2.699363,2.856862,3.023111,3.198985,3.385359,3.578733,3.782608,3.998732,4.227106,4.463355,4.716228,4.976978,5.249976,5.538724,5.827473,6.135472,6.45747,6.786469,7.131218,7.482966,7.846964,8.226713,8.611711,9.008959,9.420207,9.834956,10.261954,10.70295,11.14745,11.609448,12.074946,12.547444,13.026942,13.509939,13.989438,14.479436,14.969432,15.46293,15.949428,16.435924,16.922426,17.415922,17.89892,,0.0,0.0,0.0,0.0
0.137811,0.133874,0.127311,0.122936,0.120311,0.11703,0.113749,0.108718,0.10828,0.107296,0.10478,0.103249,0.101171,0.101827,0.098765192,0.098437064,0.097233944,0.096577696,0.095374584,0.094499576,0.093296456,0.092421464,0.0918746,0.091983968,0.091218344,0.0901246,0.0892496,0.090015224,0.089030856,0.08826524,0.08826524,0.087608992,0.087499608,0.087280864,0.086733992,0.087171488,0.08651524,0.086077744,0.085968368,0.085749616,0.085749616,0.085749616,0.085530872,0.085093368,0.085120716,0.084874624,0.084984,0.08465588,0.084983992,0.085202752,0.084437128,0.084327744,0.084874624,0.08531212,0.084655872,0.084218376,0.084765248,0.085093368,0.084655872,0.084437128,0.084655872,0.08531212,0.085421496,0.084874624,0.084546496,0.085093368,0.085640248,0.08465588,0.084765256,0.085093368,0.08544884,0.085968368,0.085968368,0.085749616,0.086187112,0.086624616,0.086296496,0.086733992,0.086733992,0.087827736,0.087827736,0.087827736,0.088429294,0.088812104,0.0892496,0.088812104,0.0892496,0.0901246,0.0909996,0.091108976,0.091218336,0.092093336,0.09253084,0.092640216,0.092968336,0.093515208,0.09471832,0.095374576,0.096030824,0.096030824,0.097124576,0.098218312,0.098327688,0.098437064,0.098983928,0.099312056,0.100405,0.100952,0.10128,0.101718,0.102593,0.10303,0.102374,0.102812,0.104124,0.104015,0.104562,0.105108,0.106421,0.106421,0.106749,0.106202,0.107515,0.10828,0.108608,0.108718,0.108937,0.1097845,0.110796,0.110687,0.111124,0.11178,0.112327,0.113093,0.113202,0.114843,0.116046,0.115499,0.116046,0.11714,0.118343,0.118561,0.119546,0.121077,0.12239,0.123811,0.123702,0.123921,0.125452,0.126546,0.127858,0.127968,0.12939,0.13114,0.132233,0.133765,0.134093,0.13639,0.136936,0.13803,0.139671,0.140874,0.143499,0.144046,0.144702,0.146343,0.14853,0.149843,0.150827,0.151702,0.154327,0.156077,0.157171,0.158046,0.159686,0.162311,0.163186,0.164389,0.165811,0.168764,0.169749,0.170514,0.172264,0.175108,0.177405,0.178389,0.179811,0.182327,0.185061,0.187358,0.188671,0.191077,0.194686,0.196764,0.197967,0.200264,0.204311,0.207483,0.210655,0.212295,0.215249,0.219077,0.222139,0.22367,0.226842,0.229905,0.233842,0.236905,0.23942,0.243139,0.246967,0.250467,0.252436,0.256155,0.260858,0.265342,0.268405,0.27278,0.278248,0.283826,0.28667,0.291264,0.297061,0.302858,0.308654,0.313904,0.320795,0.32692,0.334139,0.341029,0.348248,0.355904,0.36531,0.375045,0.383467,0.394185,0.404685,0.416169,0.426888,0.439685,0.451935,0.466919,0.4807,0.496122,0.51395,0.533419,0.551138,0.570059,0.591934,0.614028,0.639403,0.66434,0.691028,0.72209,0.754465,0.78684,0.821402,0.859683,0.899714,0.943464,0.988745,1.037964,1.090901,1.148869,1.207713,1.269619,1.339181,1.412681,1.490118,1.574118,1.663805,1.760492,1.861991,1.970491,2.084678,2.20674,2.337114,2.473614,2.620613,2.776362,2.942611,3.117611,3.29786,3.492109,3.697733,3.914732,4.140481,4.379355,4.632229,4.898228,5.172976,5.458226,5.760974,6.074222,6.403221,6.73747,7.090968,7.454966,7.834714,8.217964,8.613461,9.024709,9.448208,9.880456,10.321454,10.772952,11.234949,11.703948,12.172945,12.645443,13.131941,13.628938,14.115437,14.601935,15.098932,15.599431,16.103427,16.582926,17.051922,17.548922,,0.0,0.0,0.0,0.0
0.143061,0.140874,0.134311,0.127311,0.124686,0.121843,0.118561,0.116811,0.113749,0.112765,0.109702,0.109155,0.106202,0.105327,0.104233,0.102483,0.101937,0.10152625,0.100733,0.100952,0.101062,0.100296,0.101253,0.101827,0.101827,0.101827,0.10303,0.103249,0.104015,0.105108,0.106202,0.107624,0.109265,0.111452,0.11364,0.114515,0.116811,0.119546,0.121843,0.124249,0.127202,0.130265,0.134202,0.138577,0.141968,0.146999,0.152249,0.157389,0.163077,0.169858,0.177296,0.185061,0.194139,0.204092,0.214374,0.226186,0.238545,0.252655,0.267639,0.28492,0.303623,0.323967,0.346498,0.371107,0.397248,0.426123,0.457185,0.491529,0.528497,0.567981,0.609762,0.654934,0.702403,0.75184,0.803465,0.858152,0.913495,0.971026,1.029651,1.088057,1.146244,1.203338,1.258463,1.3114,1.361931,1.408306,1.450743,1.489243,1.522055,1.550055,1.571055,1.58593,1.59293,1.595992,1.590742,1.58243,1.56843,1.550493,1.52818,1.501493,1.471743,1.439368,1.404806,1.370243,1.333493,1.297619,1.261307,1.223682,1.186057,1.147994,1.109932,1.07012,1.031182,0.992683,0.955058,0.917871,0.880246,0.843496,0.808059,0.772621,0.738496,0.705246,0.674184,0.646622,0.619934,0.594997,0.572685,0.550372,0.52981,0.51231,0.49481,0.47906,0.46681,0.454997,0.44406,0.434435,0.426123,0.41781,0.411248,0.405123,0.399873,0.39506,0.391998,0.388935,0.385873,0.383248,0.38106,0.379748,0.37756,0.377123,0.376685,0.376685,0.37756,0.377998,0.378873,0.379748,0.38106,0.38281,0.384998,0.38806,0.391123,0.395498,0.399873,0.40381,0.409498,0.414748,0.421748,0.426998,0.433997,0.44231,0.450185,0.45981,0.468123,0.477747,0.489122,0.501372,0.513185,0.525872,0.539435,0.554747,0.569622,0.585809,0.601997,0.619934,0.636559,0.654059,0.670684,0.690372,0.708309,0.725809,0.742434,0.758621,0.773496,0.786184,0.797996,0.808933,0.819433,0.827746,0.833433,0.837808,0.841308,0.842183,0.839996,0.837808,0.833871,0.829933,0.824683,0.818558,0.811121,0.803683,0.794496,0.786183,0.777871,0.771309,0.763434,0.757309,0.752059,0.745934,0.741996,0.739371,0.736309,0.736309,0.737621,0.738934,0.744184,0.749871,0.758184,0.767809,0.779621,0.794059,0.812433,0.832121,0.855746,0.881996,0.91437,0.948058,0.986558,1.028995,1.07537,1.127869,1.183432,1.245994,1.312494,1.385118,1.460368,1.539993,1.623992,1.711492,1.801617,1.892616,1.983615,2.07724,2.16824,2.254864,2.337989,2.414989,2.485863,2.548863,2.605738,2.651237,2.694113,2.725612,2.750987,2.771112,2.783362,2.791237,2.794737,2.796487,2.796487,2.799112,2.803487,2.809612,2.818362,2.831487,2.848112,2.870862,2.898862,2.933862,2.978486,3.029236,3.086985,3.153485,3.225235,3.307485,3.398484,3.499984,3.610233,3.727483,3.860483,3.998732,4.145731,4.30323,4.469479,4.646229,4.835228,5.032977,5.242976,5.461725,5.692725,5.932473,6.180972,6.443471,6.71472,6.994718,7.292217,7.598466,7.906464,8.231963,8.560962,8.903961,9.246959,9.603957,9.967955,10.335453,10.716953,11.101949,11.486948,11.878947,12.270945,12.673443,,1.0,10.0,0.0,0.0
0.143499,0.137374,0.132999,0.128624,0.123811,0.118124,0.117468,0.114624,0.112655,0.110796,0.109265,0.106858,0.105983,0.103796,0.103358,0.102921,0.101499,0.101499,0.100952,0.099312056,0.099640184,0.099202688,0.099858928,0.100077,0.102155,0.102702,0.10314,0.104233,0.106312,0.107952,0.109046,0.111015,0.112983,0.11539,0.11889,0.120858,0.124577,0.126983,0.130593,0.133983,0.138468,0.143171,0.148202,0.153671,0.159796,0.165921,0.17303,0.181124,0.189764,0.19917,0.209999,0.221592,0.234936,0.248717,0.26392,0.280764,0.29892,0.320029,0.341795,0.366732,0.393638,0.423498,0.455216,0.489888,0.527294,0.567981,0.61195,0.659309,0.710059,0.763434,0.820746,0.880464,0.941933,1.006682,1.072964,1.139682,1.206619,1.275306,1.3429,1.406993,1.469555,1.529055,1.58418,1.63318,1.676055,1.712804,1.742992,1.765742,1.781054,1.788492,1.787179,1.778429,1.761367,1.739054,1.709742,1.677367,1.642367,1.602992,1.562305,1.51943,1.476555,1.432805,1.390806,1.347494,1.306369,1.269619,1.232432,1.194807,1.157619,1.119995,1.083245,1.045182,1.005807,0.967745,0.93012,0.892058,0.853996,0.817246,0.780058,0.743746,0.709184,0.675496,0.644434,0.616434,0.590622,0.56656,0.54381,0.522372,0.503997,0.486935,0.47206,0.457623,0.445373,0.436185,0.426998,0.418248,0.41081,0.404685,0.399435,0.394623,0.391123,0.38806,0.38631,0.384998,0.38281,0.38281,0.381935,0.381935,0.381498,0.38281,0.383685,0.385873,0.387623,0.38981,0.392873,0.394185,0.397685,0.402498,0.406435,0.41081,0.415623,0.42306,0.429185,0.436185,0.443623,0.451935,0.460247,0.46856,0.479497,0.490872,0.502247,0.514497,0.52806,0.540747,0.55606,0.571372,0.587122,0.605497,0.623434,0.643559,0.662371,0.683371,0.703934,0.724059,0.745059,0.766496,0.784871,0.806308,0.824246,0.843058,0.859246,0.873246,0.88637,0.897308,0.906496,0.913495,0.919183,0.922683,0.923996,0.922245,0.918745,0.914808,0.90737,0.899496,0.88987,0.881121,0.871496,0.860996,0.851371,0.840433,0.830371,0.819433,0.809371,0.801058,0.792308,0.786621,0.781371,0.776559,0.773059,0.771308,0.770871,0.771746,0.776559,0.782246,0.790121,0.801496,0.814183,0.830371,0.850496,0.872808,0.900371,0.930995,0.965558,1.005807,1.05087,1.100744,1.155869,1.215369,1.282744,1.352743,1.432368,1.513743,1.605617,1.700992,1.798991,1.902241,2.00724,2.11749,2.22774,2.332739,2.438614,2.540113,2.636363,2.722987,2.800862,2.869112,2.924237,2.964486,2.995986,3.019611,3.033611,3.037111,3.037986,3.031861,3.023111,3.011736,3.001236,2.997737,2.995111,2.999486,3.013486,3.036236,3.064236,3.104485,3.151735,3.207735,3.279485,3.359985,3.454484,3.561233,3.676733,3.802732,3.946232,4.100231,4.266481,4.444979,4.640979,4.847479,5.071477,5.305976,5.552724,5.815224,6.091723,6.378721,6.67972,7.001718,7.332466,7.675466,8.028964,8.399963,8.78496,9.183959,9.586458,10.016955,10.454453,10.895451,11.353949,11.833447,12.305944,12.799442,13.278941,13.775939,14.283436,14.790933,15.287929,15.812929,16.323927,16.827926,17.338922,17.83592,,1.0,10.0,0.0,0.0
0.153999,0.150936,0.146124,0.14153,0.13628,0.132124,0.130374,0.125124,0.123811,0.121515,0.119655,0.11714,0.116702,0.11353,0.113749,0.113093,0.111452,0.111015,0.111233,0.11178,0.110687,0.109702,0.111452,0.111124,0.112983,0.11364,0.113749,0.114733,0.115718,0.11703,0.119108,0.120749,0.123374,0.12578,0.128733,0.130921,0.133655,0.137483,0.141093,0.144702,0.149405,0.15378,0.159139,0.165046,0.170842,0.177624,0.184952,0.192717,0.201249,0.211092,0.221811,0.233623,0.245873,0.259983,0.275842,0.292467,0.310842,0.330748,0.352404,0.376904,0.403591,0.432029,0.463091,0.496997,0.533638,0.572903,0.614575,0.659856,0.708199,0.75884,0.811558,0.867339,0.924433,0.983495,1.043214,1.103151,1.164182,1.224338,1.282744,1.339181,1.392556,1.441993,1.48618,1.525993,1.55968,1.588118,1.609992,1.62618,1.636242,1.638867,1.634492,1.62443,1.608242,1.588555,1.56143,1.53343,1.50193,1.469993,1.434993,1.397806,1.361056,1.323431,1.287994,1.251244,1.215369,1.181682,1.148869,1.116495,1.08412,1.051307,1.01762,0.984808,0.951558,0.917433,0.885496,0.851808,0.818558,0.785746,0.752934,0.721434,0.689934,0.660621,0.631747,0.606809,0.583185,0.560435,0.538997,0.520185,0.502247,0.486497,0.471622,0.457623,0.447122,0.437935,0.428748,0.420435,0.413873,0.408185,0.402498,0.39856,0.394623,0.39156,0.390248,0.388498,0.387623,0.38631,0.38631,0.38663825,0.386748,0.387185,0.388498,0.390248,0.391998,0.393748,0.396373,0.40031,0.402498,0.40556,0.41081,0.415185,0.419998,0.425685,0.432248,0.439248,0.44581,0.45281,0.46156,0.47031,0.47906,0.48956,0.50006,0.51231,0.52456,0.536372,0.551247,0.565684,0.580997,0.597184,0.614684,0.632184,0.650997,0.671121,0.690372,0.710059,0.728871,0.748559,0.767808,0.788371,0.807183,0.824683,0.840433,0.855308,0.869746,0.880246,0.889433,0.896871,0.904308,0.908683,0.912183,0.91262,0.911308,0.909121,0.904308,0.898621,0.891183,0.886371,0.87762,0.869746,0.862308,0.853558,0.843933,0.836496,0.826871,0.820308,0.813746,0.807621,0.803246,0.798871,0.797558,0.796246,0.796684,0.799308,0.802371,0.808933,0.818121,0.828621,0.842621,0.860121,0.878058,0.899496,0.927495,0.955933,0.990495,1.02987,1.073182,1.120869,1.174244,1.234619,1.297619,1.368493,1.442868,1.525118,1.613493,1.707992,1.805991,1.909241,2.01424,2.120115,2.228614,2.338864,2.442114,2.545363,2.642488,2.732612,2.813987,2.885737,2.944361,2.994236,3.036236,3.063361,3.085236,3.098361,3.106236,3.107111,3.105361,3.098361,3.093986,3.092236,3.092235,3.097486,3.109736,3.130736,3.156985,3.188485,3.232235,3.282985,3.345984,3.414234,3.498234,3.592734,3.699483,3.811483,3.937481,4.073981,4.220981,4.38023,4.553479,4.738978,4.934977,5.146727,5.367226,5.601725,5.848473,6.109222,6.382221,6.667469,6.964968,7.279967,7.605466,7.941464,8.291462,8.655461,9.02646,9.411457,9.810456,10.226954,10.650453,11.08095,11.518448,11.966447,12.428444,12.886942,13.35594,13.831938,14.314935,14.804933,15.29493,15.763928,16.260928,16.764926,,1.0,10.0,0.0,0.0
0.153124,0.149624,0.146124,0.138686,0.135624,0.129936,0.127968,0.124468,0.123155,0.119655,0.116921,0.116593,0.114296,0.112546,0.11178,0.112108,0.11178,0.110905,0.109702,0.111124,0.109374,0.110687,0.110687,0.111343,0.113202,0.114733,0.115936,0.118015,0.119655,0.121843,0.124468,0.126983,0.130374,0.13453,0.138468,0.142186,0.146999,0.151702,0.157171,0.162421,0.16953,0.175874,0.184077,0.192499,0.202014,0.211639,0.222905,0.234827,0.24817,0.262608,0.279123,0.297061,0.315982,0.337201,0.360279,0.385763,0.413326,0.443294,0.475997,0.511653,0.550919,0.5927,0.637325,0.68545,0.736527,0.791652,0.849402,0.910652,0.975183,1.041464,1.109932,1.178838,1.2484,1.317962,1.383806,1.448118,1.509368,1.56843,1.621367,1.667742,1.707554,1.739054,1.762679,1.776679,1.782804,1.780616,1.771429,1.753929,1.731179,1.700992,1.66468,1.623992,1.578492,1.532118,1.48268,1.434556,1.387743,1.341806,1.297619,1.254306,1.215807,1.177307,1.141869,1.109495,1.079745,1.053495,1.027682,1.00187,0.976058,0.94937,0.92312,0.894246,0.864496,0.833871,0.804121,0.772621,0.741559,0.710059,0.678996,0.648372,0.619934,0.591059,0.564372,0.541185,0.520185,0.50006,0.481685,0.465497,0.450622,0.43706,0.425685,0.415185,0.406873,0.399873,0.394623,0.388935,0.38456,0.380623,0.37931,0.376685,0.375373,0.37581,0.37581,0.376685,0.377998,0.379748,0.381498,0.383248,0.385873,0.38806,0.390685,0.394185,0.398998,0.402935,0.40731,0.41081,0.41606,0.42131,0.427873,0.433997,0.440123,0.448435,0.457185,0.465497,0.474685,0.48431,0.495247,0.50531,0.517997,0.53156,0.54556,0.56131,0.574872,0.592372,0.609872,0.626497,0.645309,0.664997,0.685121,0.707434,0.727996,0.749871,0.771308,0.791871,0.812433,0.832558,0.849183,0.867558,0.883308,0.89687,0.908683,0.917871,0.925308,0.928808,0.931433,0.932308,0.931433,0.930558,0.927058,0.923558,0.915683,0.907808,0.901245,0.891183,0.882433,0.872808,0.864933,0.856183,0.847871,0.840871,0.832558,0.825558,0.819871,0.813746,0.809808,0.808496,0.807183,0.807621,0.808933,0.813746,0.818121,0.823371,0.834746,0.846996,0.861433,0.879808,0.900371,0.926183,0.955058,0.986995,1.023745,1.065307,1.112557,1.163744,1.223244,1.287994,1.357993,1.432368,1.513743,1.602992,1.698367,1.798117,1.904866,2.01599,2.130615,2.24874,2.364239,2.483239,2.597863,2.708113,2.810487,2.908487,2.995986,3.069486,3.128986,3.18061,3.218235,3.239235,3.24886,3.251485,3.25061,3.24186,3.232235,3.219986,3.212985,3.205985,3.207736,3.214736,3.232235,3.258485,3.298735,3.349485,3.412485,3.484234,3.568233,3.664483,3.776483,3.897232,4.033731,4.180731,4.34523,4.518479,4.702229,4.899977,5.115227,5.340976,5.580725,5.836224,6.105723,6.385721,6.67447,6.977218,7.299216,7.626465,7.969465,8.326463,8.693961,9.075459,9.456958,9.859456,10.275954,10.702952,11.13345,11.570948,12.032945,12.491445,12.970942,13.45394,13.929937,14.426935,14.916935,15.42093,15.917929,16.421927,16.911926,17.39492,17.89892,18.395918,18.871914,19.340914,,1.0,10.0,0.0,0.0
0.140874,0.136061,0.131249,0.12403,0.121624,0.118561,0.114843,0.112218,0.108718,0.107405,0.106093,0.102155,0.100624,0.100952,0.099421432,0.097780816,0.097780816,0.096714414,0.09559332,0.095702704,0.096030824,0.095921448,0.09600348,0.095812072,0.096249576,0.096577696,0.09734332,0.098327688,0.09887456,0.100405,0.101718,0.103249,0.10489,0.106312,0.108499,0.11014,0.113421,0.115718,0.118671,0.121952,0.124468,0.128843,0.13278,0.137374,0.141421,0.146889,0.15203,0.158483,0.164936,0.172155,0.180796,0.189327,0.199608,0.210217,0.22203,0.234498,0.248608,0.26403,0.280983,0.299248,0.320029,0.34256,0.366842,0.392654,0.42131,0.452482,0.485841,0.521935,0.560872,0.602653,0.646075,0.691684,0.739809,0.789465,0.840215,0.892714,0.945652,0.998808,1.052401,1.104901,1.156088,1.204869,1.249713,1.290619,1.327369,1.361056,1.388181,1.410931,1.428431,1.439368,1.443306,1.441993,1.433681,1.421431,1.402618,1.381181,1.357556,1.329556,1.299806,1.268306,1.235494,1.203119,1.168557,1.136182,1.104682,1.074932,1.046057,1.016308,0.986995,0.95812,0.92837,0.898621,0.867558,0.837808,0.807183,0.776559,0.745934,0.714871,0.684247,0.653621,0.624747,0.596309,0.568309,0.544684,0.522372,0.500935,0.479935,0.461997,0.444935,0.429185,0.415185,0.402935,0.39156,0.38281,0.37406,0.366185,0.359185,0.353935,0.347373,0.342998,0.339498,0.336436,0.334685,0.332061,0.331623,0.329873,0.328998,0.328123,0.327686,0.328123,0.328123,0.32856,0.329436,0.331623,0.332498,0.334686,0.336873,0.339498,0.341685,0.345186,0.348685,0.35306,0.357873,0.363123,0.367935,0.37406,0.380623,0.387185,0.39506,0.402935,0.412123,0.42131,0.43006,0.440998,0.451935,0.463748,0.476872,0.489997,0.503122,0.518435,0.534622,0.549935,0.566997,0.582747,0.599809,0.617747,0.633059,0.650122,0.666747,0.683809,0.698684,0.712684,0.725371,0.736746,0.746809,0.755121,0.762559,0.768246,0.772621,0.774809,0.775246,0.773934,0.769996,0.764746,0.759059,0.753371,0.747246,0.738934,0.731496,0.722746,0.714871,0.705684,0.696934,0.689934,0.682496,0.675934,0.671121,0.666309,0.663684,0.660622,0.657122,0.657997,0.659747,0.661497,0.664997,0.672434,0.680746,0.689934,0.703059,0.717934,0.735434,0.755996,0.779621,0.806746,0.836933,0.871496,0.908683,0.95112,0.99662,1.04562,1.101182,1.161119,1.224556,1.292806,1.365869,1.441993,1.523368,1.603868,1.686117,1.772742,1.858491,1.941616,2.023866,2.102615,2.17349,2.240865,2.301239,2.354614,2.399239,2.433364,2.464864,2.488489,2.507738,2.519988,2.526988,2.532238,2.534864,2.538363,2.542738,2.553238,2.563738,2.580363,2.602238,2.629363,2.661737,2.700237,2.747487,2.801737,2.868237,2.940862,3.023111,3.113235,3.21386,3.321485,3.438734,3.568233,3.709983,3.860482,4.017982,4.18948,4.36973,4.560479,4.759978,4.973477,5.197477,5.430226,5.673474,5.930723,6.198472,6.473221,6.75672,7.061218,7.369216,7.691214,8.018464,8.364962,8.721961,9.085958,9.453458,9.831456,10.219955,10.611953,11.00745,11.409949,11.826446,12.232445,12.648942,13.065441,13.478439,13.891436,,1.0,10.0,0.0,0.0
0.141311,0.137374,0.132124,0.126218,0.122061,0.117249,0.116811,0.113749,0.111999,0.106749,0.105874,0.103358,0.101827,0.100405,0.100733,0.100296,0.097015192,0.097999568,0.095812072,0.094827704,0.09493708,0.09510114,0.095374576,0.0952652,0.095921448,0.095046448,0.095812072,0.096468328,0.09734332,0.098546432,0.099421432,0.099858936,0.101499,0.102812,0.10489,0.106312,0.108827,0.110358,0.112108,0.114515,0.116811,0.120093,0.123483,0.127093,0.130265,0.134093,0.138468,0.143171,0.147983,0.15378,0.160343,0.167124,0.174999,0.182983,0.192171,0.202124,0.213061,0.224874,0.238108,0.252655,0.269498,0.287217,0.306576,0.328014,0.35131,0.376576,0.40381,0.433888,0.467466,0.502904,0.540638,0.581434,0.6242,0.669481,0.71684,0.766715,0.817902,0.871277,0.925745,0.981308,1.035776,1.090026,1.143182,1.194588,1.242494,1.2869,1.327806,1.365431,1.397368,1.423181,1.443306,1.457305,1.464306,1.465618,1.460806,1.451181,1.437181,1.418806,1.396056,1.370681,1.341806,1.310744,1.279244,1.246869,1.213619,1.182994,1.151932,1.120432,1.088932,1.056557,1.024183,0.992245,0.959433,0.92662,0.893808,0.860996,0.828183,0.795808,0.762559,0.730184,0.697371,0.666747,0.637434,0.609872,0.584497,0.560435,0.538997,0.516685,0.497435,0.479935,0.464185,0.44931,0.436185,0.425248,0.414748,0.40556,0.397248,0.38981,0.383248,0.376685,0.371873,0.368373,0.364873,0.362248,0.359185,0.356998,0.355685,0.353498,0.352185,0.351748,0.35131,0.35131,0.351748,0.352185,0.353498,0.354373,0.355248,0.357435,0.359185,0.362685,0.365748,0.369685,0.374498,0.378435,0.383248,0.388498,0.393748,0.399435,0.406873,0.415185,0.422185,0.430935,0.44056,0.450622,0.460685,0.471622,0.483435,0.495247,0.509685,0.52456,0.538997,0.554747,0.570935,0.586684,0.603309,0.620809,0.637872,0.656684,0.674184,0.690371,0.707871,0.723621,0.737621,0.752059,0.764309,0.774371,0.784871,0.792308,0.798433,0.803683,0.804121,0.804121,0.802808,0.799308,0.794059,0.788371,0.783121,0.775683,0.768246,0.760371,0.751621,0.742434,0.733684,0.724059,0.717934,0.710934,0.706121,0.700434,0.697809,0.692559,0.690371,0.689496,0.690371,0.693871,0.695621,0.702184,0.709621,0.719684,0.731496,0.745934,0.762121,0.783558,0.806309,0.832558,0.863621,0.899058,0.93537,0.979558,1.025932,1.077995,1.13312,1.195244,1.262619,1.337431,1.414431,1.497118,1.582868,1.676492,1.769241,1.866366,1.963491,2.05974,2.15599,2.24874,2.337989,2.421989,2.495489,2.559363,2.617113,2.664363,2.705487,2.735237,2.760612,2.775487,2.784237,2.788612,2.790362,2.791237,2.791237,2.795612,2.803487,2.816612,2.832362,2.855112,2.883112,2.919861,2.962736,3.014361,3.079111,3.153485,3.235735,3.324985,3.429984,3.541984,3.664483,3.797482,3.946232,4.103731,4.271731,4.45373,4.647979,4.850978,5.062727,5.286726,5.531725,5.785474,6.044473,6.322721,6.61497,6.915968,7.230967,7.559966,7.902964,8.256462,8.627461,9.00196,9.404458,9.810455,10.226955,10.653951,11.09145,11.539447,11.990946,12.456444,12.918441,13.39094,13.866938,14.349936,14.829435,15.319432,,1.0,10.0,0.0,0.0
0.191186,0.184624,0.177624,0.170624,0.166905,0.162749,0.157061,0.152905,0.150936,0.147764,0.14328,0.141311,0.140546,0.138796,0.13639,0.136171,0.134749,0.133436,0.133436,0.133218,0.13289,0.13321775,0.133327,0.133436,0.134202,0.135186,0.136827,0.137921,0.13978,0.141093,0.14328,0.146124,0.148858,0.152139,0.155858,0.159468,0.163843,0.167452,0.172264,0.177186,0.182655,0.189108,0.195889,0.202889,0.210655,0.218967,0.227827,0.238108,0.248827,0.260639,0.27453,0.289186,0.305811,0.323092,0.342451,0.364217,0.386967,0.412998,0.440888,0.472169,0.50706,0.544138,0.585153,0.630434,0.679215,0.732153,0.79034,0.853777,0.922902,0.996839,1.075807,1.160244,1.250369,1.344431,1.442868,1.54743,1.655055,1.767929,1.883429,2.000678,2.118803,2.237364,2.354177,2.468364,2.580801,2.687988,2.788612,2.883987,2.973236,3.051111,3.116735,3.172735,3.21736,3.251485,3.27161,3.28386,3.286485,3.279485,3.26286,3.235735,3.204235,3.16486,3.120236,3.070361,3.018736,2.967986,2.910237,2.849862,2.785987,2.720362,2.649488,2.575988,2.499863,2.420239,2.340614,2.260114,2.176989,2.093865,2.008991,1.923241,1.841866,1.761366,1.682617,1.612617,1.545243,1.479618,1.420118,1.362368,1.308993,1.260869,1.215369,1.173369,1.137494,1.10512,1.07362,1.04562,1.021995,0.997495,0.97737,0.95987,0.943245,0.929245,0.917871,0.90737,0.89687,0.887246,0.880246,0.873246,0.86712,0.860995,0.857496,0.854871,0.851371,0.850496,0.848746,0.84787,0.84787,0.848746,0.850496,0.853995,0.858371,0.863621,0.869746,0.876745,0.885495,0.894246,0.902996,0.91262,0.925745,0.93887,0.951995,0.969495,0.98612,1.00537,1.023745,1.04562,1.067495,1.091119,1.117369,1.144495,1.173369,1.202244,1.232869,1.264369,1.297619,1.329994,1.363243,1.399118,1.433243,1.468243,1.501493,1.533868,1.565368,1.592492,1.618742,1.642367,1.666867,1.686117,1.702742,1.714992,1.722867,1.729867,1.730742,1.727242,1.721992,1.714117,1.704492,1.693117,1.679992,1.662492,1.644117,1.625742,1.606492,1.585492,1.568868,1.552243,1.536492,1.520743,1.504993,1.490993,1.478743,1.468243,1.460368,1.454243,1.451618,1.452493,1.455118,1.461243,1.469993,1.485743,1.502368,1.525993,1.553118,1.586367,1.626617,1.672992,1.724617,1.783241,1.847116,1.920616,2.001991,2.09124,2.18749,2.294239,2.409739,2.533988,2.665238,2.803487,2.948736,3.099236,3.254985,3.415984,3.573484,3.729233,3.884982,4.033731,4.175481,4.30673,4.42573,4.53248,4.626979,4.705728,4.775728,4.821229,4.861477,4.877227,4.889478,4.891227,4.873727,4.854478,4.835228,4.807229,4.777478,4.742478,4.705728,4.675979,4.644479,4.61823,4.600729,4.588479,4.583229,4.583229,4.590229,4.607728,4.630479,4.663729,4.705728,4.761729,4.824728,4.898227,4.980477,5.067976,5.172976,5.284975,5.407476,5.543975,5.687474,5.844974,6.009473,6.187972,6.376971,6.57647,6.789969,7.017469,7.251968,7.500466,7.759465,8.039463,8.319461,8.606461,8.90396,9.21196,9.537458,9.859455,10.188453,10.531452,10.877952,11.227949,11.577948,11.938446,,2.5,25,0,0
0.197749,0.192499,0.184624,0.181124,0.172374,0.167999,0.16603,0.16078,0.155968,0.154874,0.152796,0.147327,0.145796,0.14328,0.143936,0.142843,0.139452,0.140436,0.139233,0.139015,0.138796,0.13814,0.138468,0.139233,0.140983,0.141749,0.141749,0.143171,0.145905,0.147983,0.148639,0.151921,0.155093,0.157936,0.162421,0.165046,0.170077,0.174233,0.178061,0.183967,0.188889,0.193921,0.201358,0.20803,0.215358,0.222905,0.232858,0.242592,0.252217,0.264576,0.277811,0.290936,0.306795,0.323748,0.34256,0.362029,0.384123,0.408623,0.435419,0.464513,0.495794,0.532216,0.5717,0.613262,0.658653,0.708965,0.765184,0.824027,0.887246,0.958995,1.035776,1.114526,1.198307,1.288869,1.385993,1.48268,1.583742,1.693555,1.806429,1.919303,2.029553,2.14549,2.260552,2.372114,2.477114,2.581238,2.683613,2.777237,2.858612,2.935612,3.005611,3.059861,3.099236,3.132486,3.157861,3.17011,3.16836,3.160485,3.14736,3.12286,3.087861,3.048486,3.006486,2.960986,2.906737,2.854237,2.803487,2.745737,2.681863,2.617988,2.550613,2.481489,2.405364,2.330989,2.256615,2.17874,2.09999,2.01774,1.938991,1.858491,1.777991,1.704492,1.630117,1.562743,1.497118,1.435868,1.379868,1.325618,1.274869,1.228494,1.185619,1.146245,1.11212,1.08062,1.052619,1.027245,1.002745,0.98087,0.96162,0.944995,0.92837,0.91612,0.904746,0.895995,0.886371,0.87762,0.872371,0.864496,0.859246,0.853996,0.849621,0.848746,0.846121,0.841746,0.841746,0.841745,0.840871,0.842621,0.846996,0.850496,0.85312,0.858371,0.864496,0.870621,0.879371,0.887246,0.89512,0.90737,0.91787,0.930121,0.944995,0.95987,0.976495,0.99137,1.01062,1.030745,1.051745,1.07362,1.097245,1.123495,1.15237,1.176869,1.206619,1.236369,1.267869,1.296744,1.326494,1.359744,1.394744,1.425368,1.455118,1.485743,1.514618,1.540868,1.564493,1.588117,1.610867,1.626617,1.642367,1.653742,1.664242,1.665992,1.666867,1.666867,1.660742,1.654617,1.642367,1.633617,1.623117,1.605617,1.589867,1.574117,1.559243,1.540868,1.525117,1.511118,1.499743,1.484868,1.473493,1.462993,1.455118,1.447243,1.441118,1.440243,1.441118,1.446368,1.450743,1.459493,1.475243,1.493618,1.514618,1.541742,1.574992,1.613493,1.657242,1.708867,1.767492,1.831366,1.901366,1.980116,2.07024,2.16824,2.27149,2.386989,2.511239,2.647737,2.784237,2.932986,3.090486,3.254985,3.415984,3.583984,3.757233,3.928732,4.087981,4.24373,4.39423,4.537729,4.656729,4.763478,4.868477,4.952477,5.011977,5.062727,5.099477,5.122227,5.120477,5.116976,5.104727,5.087227,5.060977,5.031227,4.997978,4.969977,4.933227,4.899977,4.878978,4.857978,4.838728,4.831728,4.836978,4.842228,4.854478,4.878978,4.912227,4.959477,5.010227,5.067976,5.148477,5.235976,5.326975,5.428475,5.547475,5.673473,5.806473,5.946474,6.107472,6.282471,6.45747,6.64997,6.845969,7.069967,7.293968,7.524965,7.776964,8.042963,8.308962,8.592462,8.88646,9.194458,9.502458,9.810455,10.142955,10.482454,10.814953,11.154449,11.511447,11.878947,12.228946,12.582443,,2.5,25,0,0
0.237998,0.224873,0.219624,0.211749,0.206936,0.199061,0.194467,0.190311,0.184624,0.18353,0.179702,0.175983,0.173358,0.173358,0.171608,0.170186,0.171061,0.169639,0.168874,0.16953,0.169967,0.170296,0.172264,0.172592,0.175655,0.178171,0.179702,0.182655,0.185608,0.190421,0.193374,0.198077,0.204092,0.209452,0.215905,0.222905,0.22903,0.236905,0.245545,0.253748,0.263155,0.274639,0.286123,0.298154,0.313576,0.327795,0.34442,0.362795,0.383029,0.404248,0.429404,0.456747,0.48595,0.518763,0.554966,0.592919,0.636012,0.683043,0.732809,0.789683,0.851589,0.918308,0.990933,1.071214,1.156307,1.248619,1.349244,1.454243,1.56843,1.690492,1.819117,1.952553,2.091677,2.236052,2.382176,2.531801,2.682737,2.833237,2.981986,3.129861,3.26811,3.401109,3.527984,3.639983,3.742358,3.830733,3.906857,3.968982,4.016231,4.045982,4.057356,4.058232,4.041607,4.008357,3.965481,3.913857,3.856107,3.789608,3.720483,3.643483,3.566483,3.486859,3.406359,3.32411,3.24361,3.16311,3.080861,2.997736,2.909362,2.818362,2.723862,2.626738,2.526113,2.421989,2.323114,2.22249,2.121865,2.022991,1.926741,1.835742,1.748242,1.664242,1.584617,1.515493,1.449868,1.390368,1.333494,1.283619,1.236369,1.192619,1.154994,1.118245,1.088495,1.06312,1.037745,1.016745,0.99837,0.98087,0.96512,0.951995,0.939745,0.93012,0.923121,0.916995,0.909995,0.906496,0.902995,0.900371,0.897745,0.89512,0.895121,0.89687,0.899496,0.90037,0.904746,0.909995,0.913495,0.920495,0.927495,0.93712,0.94762,0.95987,0.971245,0.983495,0.999245,1.014995,1.030745,1.04737,1.067495,1.088494,1.111245,1.135745,1.161119,1.188244,1.216244,1.246869,1.278369,1.311619,1.347493,1.383368,1.422743,1.462118,1.500618,1.540868,1.581118,1.620492,1.659867,1.700117,1.738617,1.773617,1.806867,1.838366,1.863741,1.889991,1.909241,1.922366,1.937241,1.946866,1.951241,1.952116,1.947741,1.939866,1.928491,1.911866,1.894366,1.875116,1.855866,1.833116,1.810366,1.787616,1.762242,1.737742,1.714992,1.691367,1.671242,1.652867,1.635367,1.620492,1.606493,1.595118,1.587243,1.581117,1.578492,1.578492,1.585492,1.594243,1.609993,1.629243,1.655493,1.685242,1.720241,1.763992,1.816491,1.874241,1.942491,2.021241,2.10349,2.19799,2.30299,2.418489,2.539238,2.675738,2.817487,2.967986,3.132486,3.300485,3.477234,3.659233,3.842983,4.024982,4.20873,4.38898,4.560479,4.726729,4.880728,5.015477,5.134477,5.241226,5.316476,5.377726,5.421475,5.449475,5.454725,5.447726,5.426725,5.391726,5.346226,5.295476,5.237726,5.188726,5.134477,5.081977,5.039978,4.997977,4.962977,4.934976,4.920977,4.913978,4.917478,4.934977,4.959478,5.004978,5.050476,5.116977,5.186976,5.277976,5.379475,5.491475,5.620975,5.760973,5.911473,6.075972,6.254471,6.439972,6.63947,6.849468,7.076968,7.311468,7.563466,7.822464,8.102462,8.392962,8.683461,9.005459,9.327459,9.663456,10.013455,10.373953,10.741451,11.11595,11.504448,11.892948,12.295444,12.694443,13.068942,13.48894,13.901938,14.328936,14.748933,15.175932,,2.5,25,0,0
0.241498,0.236248,0.226623,0.221811,0.214374,0.207811,0.203217,0.198405,0.194686,0.19053,0.189327,0.185061,0.182983,0.182436,0.180249,0.178936,0.177624,0.178389,0.177952,0.177296,0.177842,0.177296,0.178608,0.180577,0.181671,0.183092,0.186264,0.188999,0.192171,0.193921,0.199061,0.202233,0.207592,0.212405,0.217655,0.223561,0.230561,0.237342,0.244123,0.252108,0.26053,0.269498,0.280217,0.292029,0.303842,0.316857,0.331295,0.347154,0.364435,0.383795,0.405232,0.427982,0.454341,0.482122,0.512966,0.546325,0.582638,0.622012,0.666528,0.713996,0.766277,0.823152,0.885714,0.953089,1.026589,1.106651,1.1924,1.284931,1.386212,1.491868,1.605617,1.726804,1.853241,1.985803,2.124928,2.267552,2.412801,2.564175,2.716862,2.868237,3.019611,3.170985,3.31536,3.455359,3.589234,3.713483,3.827232,3.932232,4.024107,4.099356,4.161481,4.207856,4.237606,4.251605,4.250731,4.236731,4.212231,4.175481,4.128231,4.072232,4.007481,3.935732,3.860483,3.779982,3.695983,3.611984,3.526233,3.435234,3.338984,3.242735,3.139486,3.032736,2.922486,2.812237,2.701988,2.589988,2.481488,2.369489,2.262739,2.15949,2.05624,1.959991,1.868991,1.784992,1.707992,1.636242,1.567992,1.506742,1.448993,1.396493,1.350994,1.307244,1.268744,1.235494,1.205744,1.175994,1.153245,1.130495,1.109495,1.091995,1.074495,1.062245,1.051745,1.039495,1.032495,1.023745,1.016745,1.009745,1.004495,1.000995,0.995745,0.993995,0.992245,0.992245,0.993995,0.993995,0.995745,0.999245,1.002745,1.009745,1.014995,1.023745,1.034245,1.042995,1.053495,1.067495,1.079745,1.093745,1.109495,1.128745,1.146245,1.167244,1.188244,1.212744,1.237244,1.263494,1.289744,1.322994,1.354493,1.385993,1.420993,1.459493,1.496243,1.532993,1.571493,1.611742,1.650242,1.690492,1.728992,1.769242,1.807741,1.842741,1.875991,1.907491,1.935491,1.961741,1.98449,2.005491,2.02124,2.029991,2.03874,2.03874,2.03699,2.031741,2.017741,2.00724,1.993241,1.977491,1.956491,1.937241,1.916241,1.891741,1.868991,1.847991,1.823492,1.805992,1.788492,1.769242,1.755242,1.739492,1.725492,1.713242,1.707992,1.704492,1.699242,1.702742,1.707992,1.716742,1.728992,1.744742,1.769242,1.795491,1.833991,1.872491,1.921491,1.975741,2.03874,2.11049,2.189239,2.273239,2.372989,2.474488,2.593488,2.715988,2.850737,2.992486,3.142985,3.302235,3.468484,3.639983,3.814982,3.995232,4.170231,4.350481,4.523729,4.686479,4.842228,4.985727,5.116976,5.230726,5.337476,5.421475,5.491475,5.543975,5.578975,5.599974,5.603475,5.599974,5.578975,5.557976,5.526474,5.491475,5.456475,5.414476,5.375976,5.333975,5.298976,5.270976,5.239477,5.225476,5.214975,5.214976,5.218477,5.239477,5.256976,5.291976,5.330477,5.386476,5.449475,5.519475,5.603475,5.697974,5.802974,5.907974,6.026973,6.159972,6.29997,6.45397,6.611471,6.786468,6.968469,7.167968,7.370966,7.587966,7.818964,8.053464,8.301963,8.55746,8.830459,9.103459,9.386957,9.680957,9.978456,10.279453,10.587452,10.905951,11.220949,11.553448,11.882447,12.186944,,2.5,25,0,0
0.281748,0.272998,0.264248,0.254623,0.246748,0.239748,0.235373,0.230998,0.224873,0.221374,0.217874,0.215249,0.212186,0.209561,0.205624,0.204749,0.204311,0.202561,0.201686,0.202561,0.201249,0.201249,0.201249,0.202124,0.203436,0.205624,0.209124,0.209561,0.21328,0.217327,0.220717,0.224545,0.229358,0.234936,0.241389,0.247295,0.253748,0.261514,0.269936,0.278904,0.287983,0.298592,0.310295,0.322545,0.335998,0.350873,0.366951,0.384232,0.404138,0.425904,0.450513,0.476654,0.505747,0.537794,0.573341,0.611512,0.65384,0.699778,0.751184,0.808715,0.868652,0.935152,1.00887,1.087838,1.173588,1.265244,1.365212,1.472837,1.586805,1.707117,1.833991,1.967866,2.105678,2.247427,2.392239,2.539675,2.687113,2.833237,2.975861,3.114111,3.246235,3.365235,3.473734,3.569109,3.651358,3.716983,3.765108,3.797482,3.814108,3.809733,3.786108,3.748483,3.696858,3.628609,3.549859,3.469359,3.382734,3.291735,3.197235,3.104485,3.013486,2.924236,2.838487,2.757987,2.680988,2.610113,2.540113,2.466614,2.393989,2.318739,2.240865,2.158615,2.074615,1.987116,1.901366,1.815616,1.728117,1.641492,1.557493,1.476118,1.399993,1.329119,1.260869,1.203119,1.147995,1.098995,1.05437,1.01412,0.978245,0.946745,0.918745,0.894246,0.87412,0.857496,0.843496,0.831246,0.819871,0.811996,0.804121,0.799746,0.793621,0.793621,0.7931835,0.792746,0.792746,0.793621,0.796246,0.797996,0.801496,0.805871,0.811996,0.818996,0.825121,0.832996,0.841746,0.851371,0.860995,0.871495,0.884621,0.900371,0.91437,0.93362,0.95112,0.97212,0.99312,1.014995,1.039495,1.065745,1.094619,1.12437,1.155869,1.190869,1.226744,1.264369,1.302869,1.343118,1.386869,1.430618,1.474368,1.520743,1.564493,1.609117,1.649367,1.688742,1.726367,1.759617,1.789366,1.815617,1.836617,1.854117,1.862866,1.867241,1.866367,1.861991,1.851491,1.837491,1.824367,1.807741,1.786741,1.764867,1.739492,1.714992,1.688742,1.662492,1.637118,1.616117,1.594242,1.574117,1.553992,1.537367,1.521618,1.509368,1.500618,1.493617,1.491868,1.494493,1.499743,1.511992,1.525118,1.547868,1.573243,1.606493,1.645867,1.693992,1.749992,1.817366,1.890866,1.976616,2.071991,2.17699,2.297739,2.432489,2.581238,2.740488,2.915487,3.106236,3.303985,3.513984,3.736233,3.968982,4.206981,4.44498,4.688229,4.926228,5.155477,5.368976,5.564975,5.741724,5.899224,6.021722,6.117972,6.187972,6.226472,6.229971,6.207221,6.158222,6.089972,6.000722,5.899224,5.790724,5.690974,5.582474,5.484476,5.396975,5.316476,5.249975,5.200976,5.165976,5.151976,5.158976,5.183477,5.225476,5.284975,5.361975,5.452975,5.564975,5.690974,5.834474,5.998973,6.177472,6.373471,6.58697,6.814469,7.052468,7.307968,7.584466,7.881964,8.189962,8.511962,8.85846,9.208459,9.568957,9.946955,10.342453,10.748452,11.157951,11.591949,12.036446,12.487943,12.949942,13.41194,13.901939,14.370933,14.867934,15.36493,15.868929,16.379926,16.883924,17.394922,17.891918,18.402918,18.906916,19.396912,19.88691,20.383908,20.880908,21.356904,21.818902,22.2879,22.742898,,2.5,25,0,0
0.239748,0.234498,0.230998,0.220499,0.217874,0.210874,0.205624,0.206499,0.195999,0.193374,0.188999,0.186374,0.182874,0.182874,0.179374,0.179374,0.176749,0.176749,0.174124,0.175874,0.172811,0.174999,0.171936,0.174561,0.174124,0.174124,0.175874,0.174999,0.177624,0.178936,0.181124,0.182874,0.187905,0.189217,0.193155,0.197311,0.20103,0.205295,0.209999,0.215139,0.221045,0.226405,0.23428,0.242811,0.250358,0.257576,0.266764,0.277483,0.28842,0.301217,0.315545,0.331076,0.349232,0.366295,0.387185,0.409826,0.435966,0.464185,0.492732,0.527294,0.56645,0.608887,0.653075,0.703934,0.761574,0.82359,0.889214,0.962058,1.044307,1.134651,1.227619,1.326275,1.435431,1.553993,1.675617,1.799429,1.932428,2.077678,2.221177,2.361176,2.505988,2.654737,2.799112,2.931237,3.058111,3.186735,3.30486,3.403734,3.486859,3.562109,3.624233,3.661858,3.678483,3.686358,3.681983,3.659233,3.618983,3.573484,3.521859,3.456234,3.381859,3.30486,3.22961,3.150861,3.070361,2.989861,2.915487,2.837612,2.753612,2.669613,2.587363,2.500738,2.408864,2.315239,2.225989,2.134115,2.039615,1.945116,1.852366,1.761367,1.673867,1.590742,1.511993,1.442868,1.374618,1.311619,1.256494,1.203994,1.156744,1.113869,1.072745,1.039495,1.00887,0.98262,0.95812,0.937995,0.921371,0.90387,0.88987,0.876745,0.866245,0.858371,0.852246,0.846121,0.843496,0.837371,0.834745,0.831246,0.832996,0.832121,0.832996,0.834745,0.837371,0.842621,0.84787,0.850496,0.856621,0.866246,0.874996,0.883745,0.895995,0.91087,0.92487,0.939745,0.957245,0.972995,0.99662,1.01587,1.037745,1.06487,1.09287,1.121745,1.148869,1.181244,1.216244,1.255619,1.291494,1.329119,1.369368,1.415743,1.461243,1.500618,1.544368,1.587243,1.629242,1.666867,1.700117,1.739492,1.770992,1.795491,1.816491,1.834866,1.846241,1.847116,1.846241,1.844491,1.841866,1.826991,1.806867,1.788492,1.770117,1.745617,1.720242,1.693117,1.665992,1.644117,1.616117,1.591617,1.569743,1.546993,1.524242,1.503243,1.490993,1.476118,1.465618,1.457743,1.455118,1.457743,1.461243,1.469993,1.482243,1.500618,1.526868,1.559243,1.593368,1.642367,1.698367,1.758742,1.824366,1.903116,1.99324,2.09824,2.20499,2.329239,2.470989,2.621488,2.775487,2.939986,3.121985,3.314484,3.505234,3.699483,3.900732,4.112481,4.30673,4.49748,4.665479,4.845728,4.994477,5.115227,5.218476,5.333975,5.400475,5.430225,5.435475,5.431975,5.412726,5.360225,5.295476,5.230726,5.172977,5.099478,5.018977,4.954228,4.899978,4.849228,4.798478,4.768728,4.751228,4.749479,4.758229,4.775728,4.810728,4.868478,4.924477,5.001478,5.095977,5.200977,5.337476,5.477475,5.620975,5.799473,5.988472,6.177472,6.387471,6.62897,6.894968,7.171467,7.437466,7.741965,8.067463,8.399963,8.71496,9.071958,9.456957,9.838456,10.251455,10.650453,11.077451,11.546448,11.962946,12.431945,12.900942,13.394441,13.866938,14.342937,14.853933,15.385931,15.889929,16.372925,16.862922,17.387922,17.891918,18.381916,18.878914,19.382914,19.87291,20.341908,20.775906,21.265906,,2.5,25,0,0
0.186811,0.183311,0.174124,0.165811,0.159686,0.154655,0.146999,0.143499,0.138905,0.135843,0.131905,0.12928,0.124796,0.122936,0.122171,0.119983,0.117358,0.116921,0.114296,0.113749,0.11364,0.110796,0.110905,0.110358,0.108827,0.11003,0.109046,0.108608,0.109265,0.10839,0.107733,0.107733,0.108062,0.10847175,0.109046,0.109046,0.109593,0.11014,0.110577,0.111124,0.112765,0.11364,0.114733,0.116702,0.117686,0.119327,0.121624,0.123046,0.125561,0.127858,0.130702,0.134311,0.137483,0.141202,0.145468,0.150061,0.154655,0.159686,0.164827,0.170514,0.177514,0.184186,0.191624,0.19917,0.206936,0.215686,0.224545,0.233842,0.243905,0.254514,0.265233,0.276498,0.287436,0.299467,0.311279,0.324186,0.336982,0.351529,0.366404,0.382373,0.399545,0.417919,0.438701,0.461779,0.487372,0.517013,0.55245,0.593575,0.640387,0.695512,0.76059,0.835402,0.922902,1.021776,1.135963,1.265025,1.407431,1.561649,1.728117,1.903116,2.082928,2.264052,2.441676,2.611863,2.7663,2.904112,3.019611,3.106236,3.162235,3.18761,3.18061,3.144736,3.080861,2.994236,2.891861,2.775487,2.647738,2.509488,2.369489,2.226864,2.08599,1.950366,1.819116,1.700117,1.586367,1.480493,1.381618,1.288869,1.204869,1.12612,1.05437,0.98962,0.932745,0.880246,0.833871,0.790121,0.749871,0.715746,0.681622,0.653622,0.626497,0.602872,0.582747,0.562622,0.543372,0.525872,0.510997,0.495247,0.481247,0.468123,0.456747,0.443623,0.433998,0.422623,0.414748,0.405123,0.397248,0.389373,0.383248,0.377998,0.373623,0.367498,0.365748,0.361373,0.358748,0.356998,0.352623,0.351748,0.349998,0.349123,0.349123,0.348248,0.348248,0.347373,0.347373,0.348248,0.346498,0.349123,0.348248,0.352623,0.352623,0.354373,0.356123,0.356123,0.357873,0.359623,0.360498,0.363123,0.365748,0.368373,0.370123,0.370998,0.373623,0.376248,0.378873,0.378873,0.382373,0.384123,0.384998,0.385873,0.387623,0.388498,0.387623,0.388498,0.389373,0.390248,0.391123,0.389373,0.391998,0.392873,0.394623,0.394623,0.396373,0.398998,0.402498,0.403373,0.407748,0.411248,0.417373,0.419123,0.425248,0.432248,0.436623,0.444497,0.450622,0.459372,0.468997,0.477747,0.487372,0.499622,0.510997,0.524122,0.537247,0.552997,0.569622,0.587997,0.608122,0.629122,0.650122,0.673747,0.699121,0.727121,0.756871,0.788371,0.821621,0.857496,0.894246,0.93187,0.97212,1.013245,1.05437,1.09812,1.14187,1.185619,1.228494,1.271369,1.313369,1.354493,1.399119,1.441118,1.485743,1.531243,1.580243,1.628367,1.682617,1.737742,1.797242,1.862866,1.932866,2.008115,2.08949,2.179615,2.274989,2.376489,2.483239,2.600488,2.724737,2.855987,2.997736,3.149111,3.309235,3.479859,3.658358,3.848233,4.049482,4.261231,4.48348,4.719729,4.968227,5.225477,5.493225,5.773223,6.063722,6.369971,6.68322,7.012218,7.349967,7.698216,8.060463,8.427962,8.812961,9.208459,9.607457,10.023955,10.450953,10.891952,11.339949,11.794948,12.263945,12.739944,13.212441,13.688439,14.174937,14.664934,15.158432,15.655428,16.162928,16.659925,17.142922,17.62592,,10,1,0,0
0.215686,0.207374,0.196874,0.187686,0.180686,0.174999,0.167999,0.163405,0.159249,0.154874,0.151811,0.14678,0.145139,0.143389,0.140983,0.140218,0.135843,0.135186,0.133874,0.131905,0.131249,0.130374,0.129936,0.128624,0.129608,0.127093,0.126655,0.127311,0.126546,0.125561,0.125452,0.125671,0.125671,0.127311,0.126983,0.128077,0.127858,0.128733,0.129061,0.130374,0.130811,0.132233,0.133327,0.135624,0.137265,0.138905,0.141311,0.143171,0.145796,0.14853,0.152139,0.155858,0.159577,0.163952,0.168655,0.174124,0.179046,0.184405,0.190639,0.197749,0.205405,0.212733,0.221592,0.229795,0.238655,0.247623,0.25692,0.266983,0.277701,0.288201,0.299029,0.310076,0.321123,0.332936,0.344201,0.355795,0.367935,0.381388,0.395388,0.410263,0.426779,0.444279,0.464076,0.486607,0.512419,0.54206,0.577497,0.619606,0.6697,0.72734,0.794277,0.874339,0.965776,1.070338,1.189775,1.324306,1.472618,1.632742,1.801179,1.978366,2.159927,2.339739,2.512113,2.6753,2.821862,2.947424,3.048048,3.11936,3.160486,3.168361,3.147361,3.097486,3.023111,2.925987,2.816612,2.694113,2.564613,2.426364,2.285489,2.14549,2.008991,1.876866,1.750867,1.634492,1.525118,1.423618,1.329994,1.239869,1.159369,1.08587,1.016745,0.955495,0.900371,0.851371,0.804996,0.764746,0.727121,0.693872,0.661497,0.635247,0.609872,0.586247,0.566122,0.548622,0.531122,0.514497,0.499622,0.484747,0.471622,0.458498,0.447997,0.436622,0.426998,0.418248,0.409498,0.402498,0.394623,0.388498,0.378873,0.375373,0.372748,0.368373,0.365748,0.363123,0.359623,0.356998,0.355248,0.352623,0.351748,0.350873,0.349998,0.349998,0.349998,0.349123,0.349998,0.350873,0.349998,0.351748,0.352623,0.354373,0.354373,0.356998,0.358748,0.359623,0.361373,0.362248,0.363998,0.365748,0.370123,0.370123,0.372748,0.374498,0.377123,0.378873,0.380623,0.382373,0.383248,0.386748,0.386748,0.387623,0.389373,0.389373,0.390248,0.390248,0.390248,0.391123,0.391998,0.391998,0.393748,0.395498,0.395498,0.397248,0.399873,0.401623,0.403373,0.406873,0.409498,0.413873,0.418248,0.422623,0.428748,0.434873,0.439247,0.447123,0.454122,0.463748,0.473372,0.481247,0.492622,0.504872,0.517122,0.529372,0.545997,0.562622,0.580122,0.598497,0.620372,0.640497,0.664997,0.690371,0.717496,0.747246,0.779621,0.812871,0.848746,0.884621,0.92487,0.964245,1.00537,1.04912,1.09112,1.137494,1.181244,1.224994,1.271369,1.313369,1.357993,1.399993,1.446368,1.490993,1.538243,1.588117,1.638867,1.694867,1.752617,1.814742,1.881241,1.952991,2.029115,2.113115,2.20499,2.302989,2.407114,2.517363,2.637238,2.764112,2.897111,3.038861,3.193735,3.356484,3.524484,3.707358,3.896357,4.096731,4.30148,4.525479,4.758228,5.003227,5.255226,5.519475,5.794224,6.077723,6.375221,6.68147,6.992969,7.321967,7.657966,8.000964,8.356212,8.718461,9.092959,9.467457,9.862955,10.265454,10.667953,11.08795,11.518447,11.948946,12.382944,12.827442,13.27194,13.716438,14.160936,14.612435,15.060432,15.508431,15.973928,16.414927,16.855924,17.303924,,10,1,0,0
0.197749,0.189874,0.178499,0.168436,0.164936,0.157936,0.150718,0.146124,0.141311,0.13803,0.133874,0.130155,0.127968,0.12403,0.123483,0.120202,0.119655,0.118343,0.115499,0.113749,0.11364,0.112218,0.11014,0.110468,0.109702,0.107952,0.107843,0.10828,0.107624,0.107077,0.107296,0.106093,0.106421,0.106968,0.108171,0.107515,0.107952,0.107624,0.108171,0.108499,0.109593,0.109374,0.111343,0.112327,0.112765,0.113858,0.115499,0.116265,0.117796,0.119983,0.121952,0.12403,0.12764,0.129499,0.13278,0.136608,0.139124,0.142514,0.147108,0.151155,0.156077,0.160999,0.166358,0.171389,0.176639,0.182874,0.187686,0.193702,0.200592,0.206389,0.213827,0.220827,0.227061,0.23417,0.241498,0.249045,0.256373,0.265998,0.274639,0.285467,0.297608,0.310732,0.325936,0.345295,0.366404,0.391888,0.422841,0.460685,0.504544,0.558138,0.620372,0.693762,0.779949,0.878277,0.989839,1.11912,1.262838,1.417712,1.586805,1.763992,1.947303,2.132365,2.315677,2.487176,2.645988,2.787737,2.904112,2.992486,3.051111,3.076486,3.070361,3.033611,2.967986,2.880487,2.778112,2.659988,2.531363,2.396614,2.258365,2.116615,1.979241,1.846241,1.716742,1.598617,1.486618,1.382493,1.285369,1.195244,1.111245,1.03512,0.965995,0.901245,0.843496,0.792746,0.747246,0.704371,0.665871,0.630872,0.599372,0.571372,0.546872,0.523247,0.503122,0.483872,0.467247,0.450622,0.436623,0.421748,0.408623,0.396373,0.384998,0.374498,0.364873,0.356123,0.346498,0.340373,0.333373,0.326373,0.320248,0.315873,0.311498,0.307123,0.303623,0.300123,0.297498,0.296623,0.293123,0.291373,0.289623,0.289623,0.288748,0.287873,0.287873,0.286123,0.286998,0.286123,0.285248,0.286123,0.286998,0.287873,0.289623,0.290498,0.289623,0.291373,0.292248,0.293123,0.293998,0.295748,0.297498,0.299248,0.300123,0.302748,0.303623,0.305373,0.307998,0.308873,0.310623,0.314123,0.315873,0.317623,0.321123,0.322873,0.326373,0.328123,0.330748,0.333373,0.337748,0.338623,0.342123,0.346498,0.349998,0.351748,0.355248,0.359623,0.363998,0.367498,0.374498,0.377998,0.383248,0.388498,0.394623,0.400748,0.406873,0.411248,0.416498,0.426998,0.433122,0.440998,0.452373,0.458498,0.468997,0.480372,0.490872,0.503997,0.517122,0.530247,0.545122,0.562622,0.578372,0.595872,0.615122,0.636997,0.658872,0.683371,0.709621,0.734996,0.763871,0.792746,0.825121,0.856621,0.89162,0.92837,0.96687,1.007995,1.04737,1.09112,1.136619,1.180369,1.229369,1.280994,1.336993,1.394743,1.456868,1.523368,1.593367,1.671242,1.752617,1.836617,1.931116,2.032616,2.14024,2.255739,2.380864,2.512113,2.650363,2.799112,2.955736,3.119361,3.298735,3.485109,3.681108,3.892857,4.114231,4.345231,4.591979,4.849228,5.118727,5.403976,5.704974,6.012972,6.331471,6.66572,7.012218,7.367466,7.741965,8.119964,8.513712,8.92146,9.334458,9.764955,10.198955,10.650452,11.11245,11.584948,12.064446,12.550943,13.054942,13.555439,14.066437,14.580934,15.102432,15.61343,16.138428,16.624926,17.142922,17.660918,18.171918,18.689916,19.193912,19.69791,,10,1,0,0
0.194249,0.188124,0.178499,0.167124,0.161436,0.156186,0.149624,0.145468,0.142186,0.136061,0.131686,0.130155,0.127093,0.125124,0.120858,0.119983,0.11878,0.117577,0.114952,0.11364,0.112655,0.111999,0.110249,0.109155,0.107843,0.10839,0.10839,0.10828,0.107515,0.10664,0.107405,0.105983,0.105874,0.10633875,0.10653,0.106968,0.107624,0.107843,0.10839,0.109046,0.109374,0.109812,0.111671,0.112108,0.113312,0.114624,0.116265,0.117468,0.119108,0.121405,0.123593,0.126436,0.129499,0.132452,0.135296,0.139671,0.14328,0.147218,0.151593,0.156077,0.161436,0.166905,0.17303,0.178827,0.184733,0.190858,0.196327,0.203217,0.209561,0.216233,0.223889,0.23067,0.237014,0.244123,0.251342,0.258233,0.266108,0.275405,0.284701,0.29542,0.308108,0.32167,0.33731,0.357107,0.379748,0.406654,0.440232,0.480263,0.527513,0.584278,0.651215,0.729309,0.821949,0.925964,1.044089,1.180588,1.329337,1.48968,1.664898,1.844491,2.02824,2.214177,2.392676,2.556301,2.707238,2.837174,2.936924,3.010423,3.051986,3.060736,3.037986,2.987236,2.906737,2.810487,2.699362,2.575988,2.443864,2.307364,2.16824,2.029116,1.892616,1.762242,1.637117,1.523368,1.414868,1.315119,1.222369,1.135744,1.055245,0.98262,0.91612,0.854871,0.799746,0.752496,0.708746,0.668497,0.630872,0.599372,0.568747,0.541622,0.518872,0.496997,0.477747,0.461122,0.444497,0.427873,0.415623,0.400748,0.387623,0.377123,0.367498,0.355248,0.348248,0.341248,0.332498,0.326373,0.320248,0.314123,0.307998,0.303623,0.300123,0.296623,0.293998,0.291373,0.289623,0.287873,0.285248,0.284373,0.283498,0.282623,0.28240425,0.281748,0.281748,0.2813105,0.280873,0.280873,0.281748,0.281748,0.282623,0.283498,0.284373,0.286123,0.286998,0.287873,0.288748,0.289623,0.289623,0.293123,0.293998,0.295748,0.297498,0.300998,0.300123,0.302748,0.304498,0.307123,0.308873,0.311498,0.315873,0.316748,0.319373,0.323748,0.323748,0.328123,0.330748,0.332498,0.336873,0.339498,0.342998,0.346498,0.349998,0.354373,0.357873,0.362248,0.366623,0.370123,0.377998,0.380623,0.386748,0.391998,0.397248,0.404248,0.410373,0.417373,0.424373,0.433997,0.441873,0.449747,0.458497,0.469872,0.480372,0.489997,0.503122,0.518872,0.531997,0.549497,0.565247,0.581872,0.601122,0.622122,0.643122,0.664121,0.690372,0.716621,0.743746,0.773496,0.803246,0.836496,0.870621,0.906496,0.94587,0.983495,1.02462,1.06662,1.111245,1.158494,1.207494,1.257369,1.310744,1.367619,1.427118,1.493618,1.562742,1.634492,1.716742,1.802491,1.889116,1.987991,2.095615,2.20674,2.326614,2.456989,2.593488,2.737863,2.897111,3.058986,3.226985,3.415109,3.609358,3.812358,4.030231,4.262981,4.499229,4.756478,5.024227,5.293726,5.587724,5.899224,6.208972,6.53622,6.886219,7.232717,7.587966,7.976464,8.356213,8.739461,9.162959,9.575957,9.985456,10.440453,10.884951,11.329449,11.801947,12.277945,12.746942,13.236941,13.744439,14.227437,14.731434,15.245931,15.746431,16.211928,16.736925,17.226922,17.709918,18.22792,18.717916,19.186914,19.69791,20.18091,,10,1,0,0
0.258998,0.251998,0.239748,0.231873,0.224873,0.217874,0.211749,0.204749,0.201249,0.195124,0.190749,0.187249,0.184624,0.180249,0.178061,0.176749,0.174561,0.171061,0.170186,0.168874,0.166686,0.165811,0.164499,0.163186,0.162311,0.161436,0.161436,0.160124,0.159686,0.160561,0.159686,0.159249,0.159686,0.15946775,0.159468,0.159468,0.159905,0.159905,0.159905,0.161218,0.161327,0.162311,0.162858,0.163624,0.164936,0.165921,0.167124,0.168436,0.169749,0.171608,0.173686,0.175983,0.178936,0.181671,0.184296,0.187905,0.191296,0.195124,0.19917,0.204092,0.209452,0.215358,0.221592,0.227827,0.234389,0.241498,0.249483,0.257576,0.266764,0.275623,0.285248,0.295529,0.306139,0.316201,0.327248,0.338951,0.350982,0.363998,0.37767,0.391888,0.407529,0.423935,0.441763,0.461341,0.48431,0.509903,0.539653,0.573997,0.614137,0.661934,0.717715,0.782793,0.859027,0.949151,1.053932,1.174682,1.309431,1.460149,1.626399,1.801616,1.984928,2.172177,2.359864,2.539238,2.704175,2.852049,2.975423,3.068611,3.12636,3.151735,3.145611,3.104486,3.034486,2.939111,2.829737,2.704613,2.567238,2.423739,2.275864,2.130615,1.986241,1.849741,1.719367,1.601243,1.490118,1.387743,1.294119,1.207494,1.12962,1.05787,0.99487,0.936245,0.886371,0.841746,0.800621,0.764746,0.732371,0.701746,0.675497,0.650996,0.629997,0.609872,0.591497,0.576622,0.560872,0.545997,0.533747,0.520622,0.508372,0.497872,0.488247,0.478622,0.471622,0.463747,0.455873,0.450622,0.444497,0.440122,0.435747,0.430498,0.426997,0.426998,0.423498,0.420873,0.419123,0.418248,0.416498,0.415623,0.414748,0.415623,0.415623,0.415623,0.414748,0.415623,0.414748,0.416498,0.416498,0.416498,0.418248,0.419123,0.419998,0.419998,0.421748,0.422623,0.423497,0.423498,0.423498,0.425248,0.426123,0.426123,0.427873,0.426998,0.427873,0.427873,0.428748,0.428748,0.430497,0.433122,0.432248,0.433998,0.435747,0.437498,0.439247,0.439248,0.441873,0.443623,0.447123,0.449748,0.452373,0.455872,0.458497,0.463747,0.465497,0.471622,0.475997,0.481247,0.487372,0.494372,0.502247,0.508372,0.517122,0.526747,0.536372,0.546872,0.559997,0.571372,0.586247,0.601122,0.616872,0.635246,0.654497,0.676371,0.699121,0.722746,0.748996,0.777871,0.809371,0.839996,0.872371,0.90737,0.941495,0.979995,1.018495,1.05612,1.097245,1.135745,1.175119,1.213619,1.252994,1.294994,1.335244,1.377244,1.422743,1.468243,1.514617,1.564492,1.616117,1.672117,1.730742,1.793742,1.864616,1.937241,2.018616,2.104365,2.195365,2.295114,2.400114,2.513863,2.636363,2.768487,2.910237,3.058111,3.21386,3.380985,3.559484,3.744983,3.939232,4.149231,4.369731,4.600729,4.838728,5.092477,5.358475,5.631475,5.918473,6.215972,6.527471,6.854719,7.183717,7.526716,7.885464,8.242464,8.620461,9.001959,9.390457,9.792956,10.202454,10.625953,11.04245,11.479949,11.920946,12.354945,12.799443,13.25794,13.716439,14.185436,14.643934,15.109432,15.588928,16.043928,16.498925,16.960922,17.41592,17.87092,18.311918,18.759914,19.193914,19.63491,20.054912,20.467908,,10,1,0,0
0.255498,0.246748,0.237998,0.229249,0.223999,0.217874,0.210874,0.206499,0.201249,0.198624,0.193374,0.190749,0.187249,0.185499,0.181999,0.180686,0.178499,0.177186,0.174124,0.172811,0.172374,0.171499,0.169749,0.168436,0.167124,0.167124,0.166686,0.166249,0.164936,0.164936,0.164061,0.163843,0.164061,0.16428,0.16428,0.16428,0.164499,0.164499,0.16428,0.164499,0.165593,0.166249,0.166686,0.167561,0.168327,0.168983,0.169749,0.170952,0.171936,0.173358,0.174999,0.176967,0.179155,0.181561,0.183858,0.186046,0.188999,0.192171,0.195342,0.199717,0.203655,0.208139,0.212952,0.217983,0.22378,0.229139,0.235045,0.241936,0.25003,0.257139,0.264905,0.273545,0.282514,0.291811,0.301326,0.311936,0.322764,0.334904,0.347154,0.360498,0.375154,0.390685,0.407201,0.425466,0.447013,0.47031,0.497107,0.52806,0.563169,0.604731,0.65209,0.706231,0.770762,0.843496,0.929245,1.027026,1.136619,1.259775,1.396493,1.541086,1.693117,1.852804,2.014678,2.173927,2.324864,2.466613,2.592613,2.695863,2.7733,2.826237,2.851612,2.848112,2.814862,2.762362,2.693237,2.603113,2.498113,2.386114,2.26449,2.139365,2.01424,1.889991,1.771867,1.660742,1.553992,1.455118,1.362368,1.275744,1.196994,1.12437,1.05962,0.999245,0.946745,0.899495,0.857496,0.818121,0.783121,0.751621,0.723621,0.697372,0.673747,0.654497,0.636122,0.618622,0.601122,0.587122,0.572247,0.560872,0.547747,0.536372,0.525872,0.516247,0.508372,0.498747,0.489997,0.483872,0.475997,0.469872,0.464622,0.460247,0.455873,0.453248,0.448872,0.446248,0.444497,0.441873,0.438373,0.437498,0.436623,0.435747,0.435747,0.434873,0.433998,0.433998,0.432248,0.433122,0.432248,0.433123,0.433123,0.434873,0.434873,0.435747,0.434873,0.436623,0.437498,0.437498,0.438154,0.438372,0.439248,0.440998,0.440998,0.440998,0.440998,0.442748,0.442747,0.44340375,0.443623,0.444497,0.446248,0.445372,0.447123,0.447997,0.447997,0.448873,0.450623,0.452372,0.453248,0.455872,0.457623,0.460247,0.462872,0.463747,0.468123,0.469872,0.474247,0.478622,0.483872,0.488247,0.493497,0.497872,0.503997,0.510997,0.517122,0.525872,0.534622,0.544247,0.554747,0.566997,0.577497,0.590622,0.604622,0.622122,0.637872,0.655372,0.677246,0.698246,0.721871,0.745496,0.771746,0.799746,0.828621,0.859246,0.892495,0.925745,0.960745,0.995745,1.030745,1.069245,1.10512,1.143619,1.178619,1.219744,1.259994,1.298494,1.340493,1.379868,1.425368,1.469118,1.515493,1.564492,1.620492,1.678242,1.737742,1.803367,1.874241,1.948616,2.02649,2.11399,2.207615,2.309989,2.419364,2.533988,2.658237,2.790362,2.928612,3.075611,3.233985,3.402859,3.580483,3.764233,3.965482,4.175481,4.39423,4.621729,4.866728,5.120477,5.386476,5.662975,5.951724,6.259722,6.57122,6.889719,7.220467,7.566966,7.922214,8.284462,8.66596,9.054459,9.449958,9.852457,10.258454,10.688951,11.115949,11.549947,11.994445,12.452944,12.914943,13.37694,13.838937,14.300935,14.769934,15.235431,15.707932,16.169928,16.645924,17.114922,17.569922,18.03192,18.479916,18.934914,,10,1,0,0
0.206499,0.196874,0.185499,0.173249,0.166686,0.157499,0.15028,0.14328,0.136936,0.131686,0.128515,0.122171,0.119436,0.117468,0.114405,0.111671,0.109265,0.107624,0.105765,0.103905,0.103468,0.102155,0.100843,0.101171,0.10128,0.10128,0.100624,0.101062,0.102265,0.102265,0.102812,0.104343,0.105327,0.105546,0.108171,0.109702,0.112655,0.11353,0.116374,0.119546,0.122171,0.126327,0.129718,0.134421,0.139124,0.144483,0.149952,0.156843,0.163952,0.171499,0.180467,0.189874,0.20103,0.212186,0.224545,0.237561,0.252327,0.26753,0.284373,0.302639,0.321889,0.34256,0.363888,0.386529,0.410263,0.435091,0.460576,0.487263,0.514825,0.544028,0.572575,0.602325,0.633278,0.664122,0.695403,0.728215,0.762777,0.799965,0.839558,0.88287,0.930777,0.984151,1.044964,1.113651,1.195244,1.289963,1.401525,1.530805,1.685679,1.864179,2.07024,2.303864,2.572051,2.873049,3.20336,3.562983,3.949732,4.356605,4.777478,5.200101,5.6271,6.032222,6.417221,6.76197,7.064718,7.321967,7.517966,7.643965,7.698215,7.685965,7.603715,7.453216,7.248467,6.996469,6.716469,6.401471,6.068972,5.724224,5.374226,5.024227,4.684728,4.35923,4.047731,3.762483,3.491234,3.242735,3.008236,2.791237,2.591739,2.409739,2.24174,2.08949,1.954741,1.832241,1.720242,1.618742,1.527743,1.441993,1.366743,1.294994,1.233744,1.174244,1.123495,1.076245,1.030745,0.990495,0.948495,0.911745,0.876745,0.845246,0.815496,0.785746,0.759496,0.734996,0.712247,0.691246,0.670247,0.652747,0.635247,0.621247,0.608997,0.594997,0.584497,0.575747,0.566997,0.556497,0.549497,0.544247,0.537247,0.531997,0.528497,0.526747,0.521497,0.517997,0.514497,0.512747,0.510997,0.510997,0.507497,0.507497,0.507497,0.505747,0.503997,0.505747,0.505748,0.502247,0.502247,0.502247,0.502247,0.502247,0.502247,0.502247,0.502247,0.500497,0.500497,0.498747,0.496997,0.495247,0.495248,0.493498,0.491747,0.488248,0.486497,0.484747,0.482998,0.479497,0.477747,0.477747,0.47599725,0.474248,0.474247,0.474247,0.474247,0.475997,0.477747,0.479497,0.484747,0.486497,0.489997,0.496997,0.500498,0.507497,0.514497,0.524997,0.535497,0.544247,0.559997,0.572247,0.586247,0.603747,0.621247,0.642247,0.663247,0.689496,0.717496,0.747246,0.778746,0.815496,0.852246,0.894246,0.939746,0.986995,1.042995,1.097245,1.156744,1.217994,1.280994,1.345743,1.413994,1.482243,1.546993,1.611742,1.678242,1.737742,1.795491,1.847991,1.896991,1.942491,1.98624,2.02474,2.06674,2.10699,2.14549,2.18749,2.234739,2.283739,2.337989,2.399239,2.467488,2.546238,2.633738,2.729988,2.836737,2.952236,3.078236,3.212986,3.363485,3.524484,3.695983,3.883232,4.084481,4.299731,4.523729,4.765228,5.020727,5.293726,5.573724,5.876473,6.191472,6.52047,6.859969,7.213468,7.587965,7.962463,8.357963,8.76046,9.180458,9.614457,10.051955,10.499953,10.968951,11.437948,11.924447,12.407444,12.918443,13.42594,13.947438,14.482935,15.018433,15.560928,16.092926,16.624924,17.163924,17.70292,18.22792,18.752916,19.27791,19.795914,20.29991,20.796906,,25,2.5,0,0
0.182874,0.174124,0.162749,0.151811,0.143936,0.134311,0.127749,0.12403,0.115718,0.113311,0.106749,0.103249,0.100733,0.098108944,0.095265208,0.092968336,0.090780848,0.088374608,0.087390232,0.085968376,0.08564024,0.083234008,0.082905888,0.082687134,0.082359008,0.082249632,0.082140264,0.082140264,0.08257776,0.082140264,0.083124632,0.083671504,0.084109,0.08531212,0.086843368,0.088593352,0.0892496,0.0909996,0.09253084,0.094499584,0.096905832,0.099858928,0.10303,0.106421,0.11003,0.113968,0.118343,0.123046,0.128296,0.133983,0.141093,0.148311,0.156405,0.165046,0.174889,0.184952,0.196108,0.208358,0.221045,0.235483,0.250358,0.266655,0.284264,0.302967,0.321998,0.342451,0.363998,0.386967,0.410701,0.435748,0.461997,0.488904,0.516685,0.545341,0.5752,0.606919,0.639294,0.674512,0.711809,0.75184,0.795371,0.843714,0.897527,0.958558,1.027901,1.108182,1.201807,1.312275,1.439806,1.58593,1.757429,1.953866,2.177865,2.428989,2.709862,3.020486,3.35386,3.707358,4.077481,4.45723,4.838728,5.208852,5.56585,5.897473,6.191472,6.44522,6.651719,6.800469,6.887969,6.910719,6.873969,6.77772,6.62547,6.429471,6.203722,5.946473,5.666475,5.372476,5.071477,4.766978,4.46598,4.177231,3.897233,3.638233,3.391484,3.162235,2.946987,2.743988,2.556738,2.385239,2.227739,2.08074,1.951241,1.833991,1.725492,1.623992,1.534743,1.454243,1.378993,1.310744,1.249494,1.193494,1.144494,1.097245,1.055245,1.013245,0.976495,0.937995,0.906496,0.873246,0.845246,0.818996,0.792746,0.769996,0.747246,0.726246,0.706997,0.687746,0.670247,0.657997,0.642247,0.633497,0.621247,0.608997,0.601997,0.591497,0.584497,0.577497,0.570497,0.566997,0.561747,0.556497,0.552997,0.547747,0.544247,0.542497,0.538997,0.537247,0.535497,0.533747,0.531997,0.530247,0.530247,0.526747,0.524997,0.524997,0.523247,0.521497,0.523247,0.519747,0.519747,0.519747,0.517997,0.517997,0.516247,0.512748,0.512747,0.510997,0.509247,0.509247,0.507497,0.503997,0.500498,0.496997,0.495248,0.493497,0.491747,0.489997,0.488247,0.486497,0.484747,0.482997,0.482998,0.482998,0.482997,0.484747,0.486497,0.488248,0.491747,0.495248,0.498747,0.503997,0.507497,0.514497,0.521497,0.531997,0.538997,0.551247,0.561747,0.573997,0.589747,0.607247,0.624747,0.645747,0.668497,0.692997,0.717496,0.747246,0.780496,0.815496,0.852246,0.892495,0.937995,0.986995,1.037745,1.093745,1.147995,1.207494,1.268744,1.329994,1.389494,1.450743,1.511992,1.569743,1.623992,1.674742,1.721992,1.765742,1.804241,1.839241,1.875991,1.909241,1.945991,1.979241,2.015991,2.05624,2.09999,2.15074,2.20674,2.269739,2.341489,2.421989,2.507739,2.603988,2.708987,2.829737,2.953986,3.090486,3.242735,3.405485,3.576984,3.764233,3.967232,4.178981,4.40473,4.646229,4.905227,5.174726,5.463475,5.762724,6.075972,6.408471,6.75147,7.106719,7.475966,7.860964,8.259962,8.669461,9.096458,9.530457,9.985455,10.447452,10.926951,11.409948,11.917446,12.428444,12.960441,13.502939,14.034937,14.580933,15.137433,15.700931,16.253927,16.806924,17.366922,17.933918,18.479916,19.018916,19.564912,20.09691,,25,2.5,0,0
0.192499,0.182874,0.173249,0.165374,0.156624,0.148749,0.142624,0.137374,0.13103,0.127311,0.125999,0.121405,0.118671,0.116374,0.113749,0.111452,0.110468,0.108937,0.107187,0.106093,0.105765,0.104343,0.103249,0.104233,0.101937,0.103249,0.10314,0.102265,0.10303,0.103905,0.103358,0.104671,0.105983,0.106312,0.107952,0.109374,0.111343,0.112983,0.115171,0.11703,0.118671,0.122827,0.125671,0.128843,0.133218,0.137374,0.14153,0.147327,0.152577,0.158155,0.165921,0.173796,0.181671,0.191077,0.201358,0.21153,0.223889,0.236686,0.249483,0.264686,0.280764,0.297826,0.315654,0.335123,0.355576,0.377123,0.400201,0.424044,0.449091,0.476763,0.505091,0.533528,0.565028,0.597403,0.630325,0.665872,0.702621,0.742871,0.787277,0.834746,0.885933,0.944777,1.009964,1.082588,1.166807,1.26415,1.375493,1.504118,1.655055,1.825241,2.021678,2.24699,2.498113,2.777675,3.086986,3.426484,3.785232,4.165856,4.562229,4.960352,5.361976,5.748724,6.114473,6.452221,6.754969,7.008719,7.213468,7.362217,7.447966,7.470716,7.432216,7.332467,7.176717,6.975468,6.74272,6.47497,6.184471,5.876474,5.556225,5.237726,4.915727,4.605979,4.30673,4.026732,3.762482,3.517484,3.286485,3.067736,2.866486,2.682737,2.511239,2.353739,2.21724,2.08774,1.972241,1.863741,1.769242,1.679992,1.599492,1.525992,1.457743,1.398243,1.343993,1.293244,1.244244,1.198744,1.156744,1.116495,1.079745,1.042995,1.009745,0.978245,0.948496,0.922245,0.895995,0.871495,0.848746,0.827746,0.808496,0.789246,0.773496,0.759496,0.745496,0.731496,0.722746,0.710497,0.701746,0.694746,0.684246,0.677246,0.671996,0.664997,0.661496,0.654497,0.650997,0.645747,0.643996,0.642246,0.636997,0.636997,0.633497,0.631747,0.629997,0.629997,0.628247,0.624747,0.622996,0.622997,0.619497,0.619497,0.619497,0.615997,0.615997,0.614247,0.612497,0.608997,0.608997,0.605496,0.605497,0.601997,0.600247,0.598497,0.593247,0.591497,0.586247,0.586247,0.580997,0.580997,0.577497,0.573997,0.573997,0.5718095,0.570497,0.568747,0.566997,0.568747,0.570497,0.570497,0.573997,0.573997,0.579247,0.580996,0.587997,0.591497,0.596747,0.603747,0.612497,0.621247,0.631747,0.642247,0.656246,0.668496,0.684246,0.703496,0.722746,0.743746,0.768246,0.796246,0.822496,0.853995,0.888995,0.922246,0.960745,1.006245,1.049995,1.097245,1.151494,1.202244,1.258244,1.314244,1.371993,1.429743,1.489243,1.546993,1.601242,1.657242,1.707992,1.753492,1.800742,1.837491,1.879491,1.917991,1.954741,1.99149,2.026491,2.06324,2.09999,2.14024,2.18574,2.23299,2.285489,2.344989,2.411489,2.479739,2.553238,2.637237,2.724738,2.822737,2.929487,3.043236,3.169235,3.300485,3.440484,3.594484,3.758983,3.930482,4.114231,4.31198,4.51848,4.735478,4.964728,5.204476,5.454725,5.713724,5.988473,6.264971,6.56247,6.866968,7.181967,7.507466,7.846964,8.196962,8.553961,8.928459,9.309958,9.698457,10.111454,10.520953,10.94445,11.378449,11.815947,12.256944,12.711943,13.159941,13.618439,14.080437,14.545934,14.979934,15.455931,15.91793,,25,2.5,0,0
0.213499,0.202124,0.189874,0.181999,0.173249,0.165374,0.157936,0.153124,0.148093,0.142186,0.139124,0.132999,0.13114,0.12753,0.124905,0.123811,0.121186,0.120093,0.119765,0.11889,0.116265,0.11528,0.114624,0.114515,0.11364,0.114624,0.114077,0.114624,0.115718,0.11539,0.115171,0.116921,0.118561,0.119983,0.12228,0.123811,0.125343,0.12753,0.13103,0.132999,0.13628,0.140327,0.144483,0.148639,0.153889,0.158811,0.164499,0.171608,0.178717,0.186046,0.195671,0.205514,0.216233,0.228264,0.240623,0.253967,0.269608,0.28492,0.301654,0.320576,0.340045,0.36017,0.383029,0.406326,0.43006,0.455763,0.482779,0.509357,0.538669,0.569513,0.600684,0.633169,0.667184,0.700871,0.736309,0.774809,0.813527,0.857277,0.904745,0.956152,1.013683,1.078651,1.150401,1.233744,1.331087,1.443087,1.573242,1.727679,1.904866,2.107865,2.343677,2.6088,2.904549,3.235298,3.591858,3.979482,4.389855,4.815978,5.249976,5.687474,6.114473,6.51697,6.894969,7.227467,7.509215,7.740215,7.906464,8.002714,8.030714,7.992214,7.880214,7.706966,7.477716,7.199467,6.898469,6.57122,6.222971,5.865973,5.510725,5.155477,4.812478,4.483479,4.171981,3.886732,3.618983,3.370485,3.141236,2.927737,2.731738,2.551488,2.388739,2.23649,2.10174,1.980991,1.870741,1.769242,1.676492,1.590742,1.515493,1.443743,1.380743,1.322994,1.268744,1.219744,1.170745,1.128744,1.084995,1.044745,1.009745,0.972995,0.939745,0.911745,0.881996,0.857496,0.829496,0.808496,0.787496,0.766496,0.747246,0.733246,0.717497,0.703496,0.692996,0.682497,0.670247,0.663247,0.654497,0.645747,0.640497,0.635246,0.628247,0.624747,0.621247,0.617746,0.615997,0.610747,0.608997,0.605497,0.603747,0.603747,0.603747,0.603747,0.6015595,0.600247,0.598497,0.596747,0.594997,0.594997,0.594997,0.593247,0.593247,0.589747,0.589747,0.587997,0.586247,0.580997,0.582747,0.580997,0.580997,0.577497,0.573997,0.572247,0.568747,0.566997,0.563497,0.561747,0.559997,0.556497,0.556497,0.552997,0.551247,0.552997,0.551247,0.552997,0.552997,0.552997,0.556497,0.559997,0.565247,0.566997,0.573997,0.579247,0.582747,0.591497,0.600247,0.608997,0.621247,0.633497,0.645747,0.659746,0.675497,0.694746,0.713996,0.734996,0.761246,0.787496,0.817246,0.848746,0.881996,0.920495,0.958995,1.004495,1.053495,1.098995,1.154994,1.210994,1.268744,1.329994,1.392993,1.457743,1.520743,1.585492,1.650242,1.713242,1.774491,1.830492,1.886491,1.933741,1.98449,2.02474,2.06849,2.11224,2.15249,2.19274,2.23649,2.281989,2.325739,2.376488,2.430739,2.493738,2.563738,2.638987,2.719488,2.810487,2.908486,3.009986,3.127235,3.249735,3.384484,3.527984,3.681983,3.844732,4.023231,4.20873,4.40648,4.61823,4.838728,5.069727,5.316476,5.575475,5.843224,6.119722,6.411971,6.712969,7.020969,7.346466,7.675466,8.018463,8.368463,8.728961,9.099958,9.488458,9.876957,10.279453,10.688952,11.11245,11.542947,11.983945,12.428445,12.876441,13.33844,13.796938,14.258936,14.692934,15.161933,15.63793,16.099929,16.575924,17.030922,17.513922,,25,2.5,0,0
0.295748,0.234498,0.230998,0.217874,0.217874,0.211749,0.197749,0.195999,0.176749,0.175874,0.194249,0.222249,0.172374,0.156624,0.129061,0.155311,0.150936,0.147874,0.147436,0.158374,0.153999,0.158374,0.144811,0.153561,0.151374,0.147436,0.146124,0.150936,0.143499,0.150936,0.144811,0.143499,0.157499,0.151155,0.156843,0.147655,0.148093,0.149624,0.14948725,0.15028,0.149952,0.153452,0.152139,0.155639,0.159249,0.162311,0.163624,0.167014,0.170842,0.169202,0.172811,0.180139,0.184733,0.188561,0.194577,0.198842,0.204311,0.209561,0.22028,0.231108,0.238983,0.245873,0.259655,0.269061,0.283061,0.294545,0.308873,0.326482,0.341029,0.35831,0.378763,0.399654,0.420435,0.442529,0.464185,0.490872,0.518872,0.546981,0.578263,0.612825,0.649356,0.689496,0.731168,0.779184,0.836058,0.896433,0.963808,1.04212,1.136838,1.242057,1.359306,1.497118,1.660742,1.847116,2.05274,2.283302,2.548426,2.83455,3.143423,3.455359,3.789608,4.136981,4.480855,4.798478,5.100352,5.39435,5.652474,5.831848,5.977973,6.089973,6.140723,6.124972,6.058473,5.955223,5.816973,5.613975,5.403976,5.171227,4.912227,4.646229,4.37498,4.107232,3.844732,3.601484,3.365235,3.162235,2.952236,2.752737,2.581238,2.423739,2.281989,2.15249,2.028241,1.931991,1.835741,1.741241,1.664242,1.602992,1.539993,1.478743,1.424493,1.377244,1.342243,1.298494,1.261744,1.217994,1.177744,1.153244,1.125244,1.093745,1.067495,1.041245,1.025495,0.988745,0.974745,0.953745,0.929245,0.913495,0.892495,0.883745,0.866246,0.864496,0.853996,0.839996,0.824246,0.817246,0.815496,0.801496,0.794496,0.789246,0.782246,0.776996,0.775246,0.773496,0.759496,0.755996,0.757746,0.745496,0.748997,0.745496,0.736747,0.734996,0.745496,0.731496,0.720996,0.729746,0.717496,0.719246,0.708746,0.712247,0.698246,0.722746,0.703496,0.692996,0.689496,0.684246,0.670247,0.689496,0.671997,0.668496,0.677246,0.654496,0.661497,0.659746,0.659746,0.663247,0.666746,0.650997,0.654496,0.657997,0.663247,0.661497,0.66455925,0.666746,0.666747,0.675497,0.678996,0.682497,0.685996,0.699997,0.689496,0.717496,0.705246,0.733246,0.713996,0.740246,0.775246,0.785746,0.797996,0.815496,0.832996,0.873246,0.899496,0.923996,0.962495,1.000995,1.042995,1.088494,1.154994,1.175994,1.221494,1.254744,1.326494,1.387744,1.413993,1.473493,1.504993,1.564493,1.606492,1.643242,1.700992,1.739492,1.779741,1.814741,1.849741,1.888241,1.896991,1.956491,1.996741,2.04924,2.09824,2.12974,2.21024,2.259239,2.316989,2.371239,2.421989,2.530488,2.638988,2.733488,2.808737,2.880487,3.018737,3.134235,3.254985,3.415984,3.552484,3.723983,3.830733,4.007481,4.194731,4.41523,4.600729,4.812478,5.029477,5.244727,5.503725,5.780223,6.033972,6.404972,6.69722,7.010468,7.307968,7.720966,8.053463,8.312464,8.571463,8.87946,9.236459,9.589956,9.995956,10.335454,10.772951,11.23145,11.490449,11.931446,12.487944,12.701444,13.20194,13.628938,14.104935,14.255436,14.839932,15.147931,15.693931,16.141926,16.435928,16.673924,17.233922,17.828918,,25,2.5,0,0
0.297498,0.288748,0.276498,0.265123,0.258123,0.251123,0.242373,0.237123,0.230998,0.224873,0.221374,0.218311,0.212624,0.209561,0.207811,0.204749,0.202124,0.199499,0.199499,0.197749,0.195124,0.194249,0.192061,0.192499,0.191733,0.191186,0.191186,0.19053,0.189874,0.189874,0.189436,0.189436,0.189436,0.190967,0.190967,0.191624,0.192171,0.192608,0.193921,0.194577,0.196108,0.198514,0.199936,0.202014,0.204311,0.206827,0.209233,0.211967,0.215467,0.219295,0.224217,0.228592,0.23428,0.240623,0.246202,0.253311,0.260639,0.269061,0.277592,0.287983,0.299139,0.311389,0.324076,0.337748,0.352404,0.368373,0.385873,0.403701,0.423716,0.445154,0.467904,0.492075,0.516685,0.544794,0.573341,0.604075,0.637106,0.673309,0.712793,0.754574,0.798871,0.847871,0.903214,0.963808,1.030964,1.107088,1.194807,1.295431,1.408962,1.539118,1.686992,1.860241,2.055803,2.275864,2.525238,2.808299,3.11411,3.441359,3.795733,4.167606,4.548229,4.927977,5.303351,5.66735,6.010348,6.313971,6.57647,6.796969,6.957969,7.059468,7.097967,7.078718,6.998219,6.863469,6.68497,6.46622,6.215972,5.934223,5.633225,5.325226,5.015477,4.707479,4.41173,4.131731,3.869232,3.622483,3.389734,3.174485,2.976736,2.794737,2.628488,2.479739,2.348489,2.227739,2.11749,2.015991,1.926741,1.842742,1.767491,1.699242,1.634492,1.578492,1.529493,1.480493,1.434993,1.391243,1.349244,1.310744,1.273994,1.238994,1.205744,1.172494,1.144494,1.116495,1.091995,1.065745,1.039495,1.020245,0.999245,0.981745,0.964245,0.946745,0.932745,0.920495,0.908246,0.897746,0.887246,0.874996,0.866245,0.859246,0.853996,0.845246,0.836495,0.831246,0.825996,0.820746,0.813746,0.810246,0.804996,0.803246,0.799746,0.792746,0.790996,0.785746,0.782246,0.780496,0.775246,0.773496,0.769996,0.766496,0.762996,0.759496,0.755996,0.752496,0.747246,0.745496,0.740246,0.736746,0.733246,0.731496,0.726246,0.720996,0.717496,0.713996,0.708746,0.706996,0.705246,0.705246,0.701746,0.701746,0.701746,0.699997,0.699997,0.699997,0.701746,0.705247,0.708746,0.712246,0.717497,0.720996,0.727996,0.734996,0.741996,0.750746,0.761246,0.775246,0.787496,0.801496,0.817246,0.834746,0.853995,0.876745,0.901245,0.927495,0.957245,0.990495,1.021995,1.058744,1.100745,1.139244,1.186494,1.233744,1.284494,1.335244,1.389493,1.443743,1.499743,1.555742,1.611743,1.667742,1.720242,1.772742,1.819991,1.868991,1.914491,1.956491,1.998491,2.03699,2.07374,2.11399,2.150741,2.19099,2.234739,2.280239,2.32574,2.372989,2.430738,2.488489,2.551488,2.623238,2.701987,2.784237,2.875237,2.966236,3.069485,3.181485,3.296985,3.421234,3.557734,3.702983,3.853482,4.014482,4.182481,4.36098,4.54998,4.747729,4.955978,5.172977,5.402226,5.640224,5.883473,6.135471,6.397971,6.670969,6.943968,7.227467,7.524966,7.832965,8.133963,8.452462,8.777961,9.10696,9.446458,9.785956,10.142955,10.506952,10.874451,11.24195,11.616448,11.997946,12.375946,12.757442,13.138941,13.530938,13.922938,14.328936,14.713934,15.105932,15.49093,15.882928,,25,2.5,0,0
0.209999,0.205624,0.193374,0.185499,0.180249,0.171936,0.168217,0.160999,0.157061,0.151374,0.14853,0.144702,0.141639,0.137374,0.134858,0.135077,0.131905,0.131249,0.129827,0.12939,0.128515,0.127858,0.12753,0.127749,0.12928,0.129499,0.130811,0.132124,0.133765,0.135952,0.137702,0.140874,0.143499,0.146999,0.150499,0.154436,0.158374,0.163186,0.168108,0.173577,0.179702,0.186483,0.193702,0.202014,0.210436,0.22028,0.23078,0.242045,0.254733,0.268405,0.284264,0.301108,0.320029,0.339826,0.362248,0.386529,0.413107,0.442529,0.473919,0.508591,0.547638,0.5892,0.634262,0.683371,0.736309,0.792965,0.854652,0.920495,0.991807,1.066839,1.145369,1.227838,1.314025,1.401743,1.49143,1.582868,1.675617,1.769679,1.861991,1.952116,2.040053,2.123178,2.200177,2.271052,2.337114,2.394426,2.445176,2.487613,2.524363,2.552363,2.572488,2.584738,2.593488,2.596113,2.595238,2.595238,2.595238,2.595238,2.595238,2.597863,2.603113,2.609238,2.616238,2.624113,2.630238,2.636363,2.637238,2.629363,2.612738,2.585613,2.544488,2.493738,2.431614,2.358114,2.279364,2.193615,2.102615,2.00724,1.910116,1.811242,1.715867,1.623117,1.533868,1.451618,1.376368,1.303744,1.237244,1.175994,1.118245,1.06837,1.021995,0.98087,0.94412,0.913496,0.884621,0.858371,0.837371,0.815496,0.798871,0.783121,0.769121,0.757746,0.748996,0.741121,0.734121,0.725371,0.721872,0.716621,0.711371,0.708746,0.706121,0.706122,0.704371,0.705246,0.703496,0.704371,0.706996,0.708746,0.713121,0.717496,0.723622,0.729746,0.736746,0.745496,0.755121,0.763871,0.774371,0.785746,0.797996,0.812871,0.825996,0.842621,0.859246,0.876745,0.89512,0.914371,0.93362,0.955495,0.97737,1.00187,1.025495,1.049995,1.07362,1.097245,1.121744,1.14537,1.168995,1.192619,1.213619,1.235494,1.253869,1.271369,1.286244,1.296744,1.308119,1.313369,1.319494,1.322119,1.322119,1.320368,1.315119,1.306369,1.296744,1.284494,1.272244,1.259994,1.245119,1.231119,1.216244,1.201369,1.186494,1.171619,1.157619,1.143619,1.133119,1.122619,1.11387,1.10512,1.09812,1.093745,1.08937,1.08762,1.086745,1.090244,1.095495,1.104245,1.11562,1.132244,1.149744,1.17162,1.197869,1.229369,1.266119,1.308119,1.355369,1.409618,1.469993,1.536492,1.609117,1.689617,1.777116,1.872491,1.974866,2.08599,2.202365,2.324864,2.449113,2.582113,2.715112,2.848112,2.981986,3.109735,3.233985,3.352985,3.457984,3.557734,3.638234,3.708233,3.762482,3.804482,3.837733,3.853482,3.860483,3.862232,3.858732,3.841233,3.825483,3.806233,3.792233,3.779982,3.771233,3.771233,3.778232,3.788733,3.807983,3.835983,3.870982,3.918232,3.977732,4.045982,4.126481,4.213981,4.313731,4.42748,4.546479,4.679479,4.824728,4.983977,5.151976,5.332225,5.524725,5.724224,5.937723,6.158222,6.38747,6.632471,6.887969,7.157467,7.433967,7.724465,8.025464,8.329962,8.651962,8.99146,9.334458,9.684456,10.051954,10.426452,10.81495,11.199949,11.595447,12.001446,12.410945,12.820443,13.24394,13.670939,14.101437,14.531937,14.958932,15.39293,,5,15,0,0
0.219186,0.211311,0.199499,0.192061,0.185061,0.179592,0.172592,0.165155,0.160561,0.157171,0.152796,0.148639,0.146124,0.142405,0.138905,0.138686,0.136499,0.133546,0.132671,0.13103,0.130702,0.12939,0.128296,0.12939,0.128515,0.12928,0.130921,0.130265,0.130921,0.132233,0.133874,0.13628,0.138249,0.140874,0.144046,0.146671,0.149843,0.153889,0.157499,0.161655,0.16603,0.17128,0.177186,0.183092,0.189764,0.197092,0.205077,0.214045,0.223014,0.233952,0.245983,0.258561,0.272998,0.288311,0.305592,0.323748,0.343873,0.366732,0.391123,0.418685,0.448435,0.480919,0.516138,0.554856,0.597841,0.64334,0.693106,0.746152,0.804777,0.866902,0.932308,1.001433,1.075589,1.152151,1.231338,1.31315,1.396056,1.48268,1.569305,1.65593,1.740804,1.825679,1.905741,1.98274,2.055803,2.124053,2.186177,2.243489,2.295114,2.338864,2.375176,2.403614,2.427239,2.445614,2.457864,2.468363,2.477113,2.484988,2.491113,2.496363,2.504238,2.511238,2.521738,2.530488,2.540113,2.552363,2.561988,2.565488,2.561113,2.550613,2.529613,2.498988,2.455239,2.402739,2.343239,2.274989,2.198865,2.116615,2.029115,1.938116,1.847116,1.756117,1.666867,1.583742,1.503243,1.427993,1.356244,1.287994,1.225869,1.168119,1.116495,1.067495,1.02637,0.98787,0.953745,0.923995,0.895996,0.870621,0.849621,0.830371,0.813746,0.799746,0.787496,0.777871,0.767371,0.760371,0.750746,0.745496,0.739371,0.734996,0.730621,0.727996,0.727121,0.724497,0.723621,0.723621,0.722746,0.723621,0.726246,0.729746,0.734121,0.740246,0.745496,0.751621,0.760371,0.767371,0.776121,0.785746,0.795371,0.808496,0.820746,0.835621,0.84962,0.866246,0.881996,0.899495,0.91787,0.936246,0.957245,0.978245,1.000995,1.023745,1.048245,1.070995,1.095495,1.11912,1.142744,1.168119,1.192619,1.216244,1.236369,1.259119,1.277494,1.294119,1.311619,1.322119,1.335244,1.344868,1.350994,1.356244,1.357118,1.355369,1.351868,1.344869,1.336118,1.326494,1.317744,1.306369,1.293244,1.280994,1.266119,1.252994,1.239869,1.224994,1.213619,1.202244,1.190869,1.182119,1.173369,1.165494,1.158494,1.15062,1.149744,1.14537,1.147995,1.150619,1.155869,1.16462,1.174244,1.188244,1.207494,1.227619,1.254744,1.284494,1.322119,1.361493,1.405243,1.457743,1.514618,1.577617,1.646742,1.721992,1.805991,1.896116,1.992366,2.09649,2.20674,2.320489,2.439489,2.561113,2.684488,2.810487,2.934736,3.051986,3.163986,3.270734,3.366984,3.452734,3.526233,3.594484,3.646983,3.687233,3.718733,3.741483,3.753732,3.760733,3.757232,3.753733,3.748483,3.744983,3.743233,3.743233,3.746733,3.751983,3.762482,3.781733,3.804482,3.839482,3.879732,3.932232,3.995231,4.061731,4.142231,4.23498,4.33123,4.44673,4.570979,4.703978,4.850978,5.008477,5.176476,5.356726,5.552725,5.753974,5.967474,6.194973,6.436472,6.691969,6.950969,7.230967,7.524966,7.822465,8.137462,8.466462,8.805961,9.159459,9.526957,9.908456,10.300454,10.699452,11.101951,11.507948,11.934947,12.368944,12.795943,13.236941,13.684938,14.125935,14.587935,15.028934,,5,15,0,0
0.249373,0.237998,0.227498,0.218311,0.208686,0.200811,0.192499,0.186155,0.180467,0.175655,0.171061,0.167124,0.163077,0.158593,0.156296,0.156186,0.152358,0.151702,0.151921,0.149843,0.150608,0.14853,0.149952,0.150936,0.151046,0.154436,0.156186,0.158483,0.161546,0.164499,0.168436,0.173577,0.177405,0.183639,0.189217,0.19578,0.203983,0.21142,0.219186,0.228702,0.239202,0.249483,0.26228,0.276389,0.290936,0.306139,0.324514,0.343545,0.364764,0.388935,0.41442,0.442638,0.474247,0.507935,0.544138,0.585591,0.629231,0.676043,0.727778,0.783996,0.843277,0.909339,0.97912,1.05262,1.131807,1.215369,1.302869,1.393431,1.490993,1.588118,1.689617,1.791116,1.892616,1.992366,2.09124,2.184865,2.273239,2.359864,2.439051,2.508614,2.570738,2.624988,2.666988,2.700237,2.725612,2.738737,2.745737,2.748362,2.743987,2.733488,2.720363,2.702862,2.686237,2.672237,2.659113,2.650363,2.651237,2.657363,2.666988,2.684487,2.704612,2.726487,2.750112,2.768487,2.783362,2.793862,2.792112,2.776362,2.746612,2.702863,2.641613,2.567238,2.482363,2.385239,2.28724,2.18224,2.075491,1.965241,1.858491,1.753492,1.652867,1.557493,1.468243,1.385993,1.312494,1.243369,1.182119,1.12437,1.072745,1.02812,0.98612,0.950245,0.918745,0.892495,0.868871,0.848746,0.829496,0.815496,0.801496,0.789246,0.779621,0.774371,0.767371,0.762996,0.759496,0.755996,0.753371,0.754246,0.751621,0.752496,0.753371,0.755121,0.757746,0.762121,0.765621,0.770871,0.776996,0.783996,0.790996,0.800621,0.810246,0.821621,0.833871,0.846121,0.86012,0.875871,0.88987,0.906496,0.92312,0.943245,0.962495,0.98262,1.00537,1.027245,1.05087,1.07537,1.09987,1.125244,1.153244,1.181244,1.207494,1.236369,1.264369,1.287119,1.315119,1.338743,1.361494,1.383368,1.404368,1.421868,1.437618,1.450743,1.458618,1.465618,1.470868,1.469993,1.469118,1.468243,1.461243,1.454243,1.444618,1.433243,1.418368,1.405243,1.388618,1.373743,1.359744,1.343118,1.328244,1.314244,1.300244,1.285369,1.273994,1.260869,1.251244,1.243369,1.237244,1.231994,1.230244,1.229369,1.229369,1.232869,1.239869,1.249494,1.262619,1.280994,1.301993,1.327368,1.360618,1.396493,1.437618,1.485743,1.539993,1.602992,1.673867,1.749117,1.834866,1.928491,2.032615,2.139365,2.258364,2.384363,2.518239,2.656487,2.801737,2.952237,3.104486,3.258485,3.407235,3.550734,3.688983,3.818482,3.939232,4.047732,4.136981,4.213981,4.271731,4.31373,4.33648,4.35048,4.35398,4.34873,4.33823,4.32423,4.30498,4.289231,4.276981,4.27173,4.271731,4.285731,4.30848,4.34348,4.392479,4.451979,4.52023,4.604229,4.702229,4.807229,4.936728,5.074977,5.227226,5.396975,5.577224,5.771474,5.981472,6.201972,6.436472,6.688469,6.957969,7.230966,7.510965,7.822464,8.130464,8.459463,8.79896,9.138459,9.502457,9.876955,10.251453,10.643452,11.04595,11.458948,11.885946,12.316445,12.760944,13.212441,13.670937,14.111938,14.580933,15.056932,15.532929,16.008927,16.484926,16.967924,17.44392,17.92692,18.409916,18.878914,19.340914,19.81691,,5,15,0,0
0.230998,0.220499,0.208249,0.201686,0.194249,0.185936,0.178061,0.172374,0.16778,0.160233,0.156405,0.153561,0.146999,0.145905,0.143389,0.140436,0.138796,0.137265,0.136171,0.133983,0.135624,0.133655,0.13453,0.134202,0.133655,0.134093,0.135843,0.137374,0.138358,0.140983,0.143389,0.146561,0.150061,0.152577,0.157499,0.162311,0.167014,0.172046,0.178389,0.184733,0.191077,0.199499,0.208249,0.216999,0.227061,0.238655,0.25003,0.263592,0.27803,0.29367,0.311717,0.331076,0.351748,0.374498,0.399982,0.42667,0.455872,0.488794,0.523138,0.560981,0.602981,0.646622,0.692559,0.744402,0.798433,0.855089,0.916558,0.980433,1.046276,1.116495,1.188244,1.260213,1.33415,1.406118,1.476993,1.54743,1.613055,1.676055,1.736429,1.791554,1.839679,1.882991,1.920616,1.948616,1.971366,1.988865,2.000241,2.007678,2.011616,2.011178,2.006366,2.001553,1.996303,1.988865,1.98449,1.984491,1.98624,1.99499,2.006366,2.021241,2.039616,2.062365,2.085115,2.10699,2.128865,2.146365,2.15599,2.15949,2.151615,2.13149,2.10174,2.058865,2.00374,1.942491,1.875116,1.800742,1.723742,1.644117,1.561867,1.481368,1.402618,1.325619,1.252119,1.188244,1.12437,1.06837,1.01587,0.965995,0.922245,0.88287,0.847871,0.815496,0.788371,0.763871,0.743746,0.725371,0.709621,0.695621,0.683371,0.672872,0.664122,0.657997,0.653621,0.648372,0.644871,0.643122,0.639622,0.637872,0.637872,0.636997,0.636122,0.637872,0.640497,0.643122,0.646622,0.650996,0.653622,0.658872,0.664997,0.671121,0.679872,0.689496,0.698246,0.708746,0.720996,0.732371,0.743746,0.758621,0.773496,0.787496,0.804996,0.821621,0.839996,0.859246,0.878495,0.899496,0.92137,0.943245,0.965995,0.98962,1.01412,1.037745,1.060495,1.08587,1.10687,1.12612,1.147994,1.167244,1.184744,1.201369,1.213619,1.224119,1.233744,1.239869,1.242494,1.243369,1.245119,1.243369,1.239869,1.233744,1.226744,1.217994,1.207494,1.196994,1.182119,1.172494,1.161119,1.147994,1.13837,1.126995,1.116495,1.105995,1.09637,1.086745,1.08237,1.074495,1.07187,1.069245,1.067495,1.06837,1.070995,1.076245,1.08237,1.09112,1.106869,1.121745,1.14187,1.168119,1.196994,1.230244,1.269619,1.314243,1.363244,1.422743,1.488368,1.559243,1.638867,1.727242,1.821741,1.923241,2.03349,2.153365,2.278489,2.412364,2.548863,2.689738,2.835861,2.980236,3.121986,3.263735,3.393235,3.515734,3.631234,3.729233,3.814982,3.886732,3.939232,3.974232,4.000482,4.009232,4.005732,4.000482,3.988231,3.968982,3.947982,3.930482,3.914732,3.898982,3.897233,3.904232,3.918231,3.944482,3.981232,4.028482,4.087981,4.157981,4.23848,4.33298,4.44323,4.565729,4.698729,4.847478,5.004977,5.179977,5.368975,5.566724,5.776725,6.009472,6.250971,6.49947,6.772469,7.045469,7.332467,7.629964,7.944964,8.263464,8.599461,8.94246,9.299458,9.663456,10.041454,10.429954,10.828952,11.234949,11.647947,12.071446,12.505443,12.942941,13.38744,13.835439,14.258934,14.706935,15.161931,15.609928,16.050929,16.505928,16.953924,17.394922,17.828922,18.276918,,5,15,0,0
0.323748,0.320248,0.307998,0.296623,0.288748,0.280873,0.269498,0.266873,0.261623,0.253748,0.248061,0.242811,0.238873,0.234936,0.232311,0.230561,0.226623,0.224873,0.223124,0.218749,0.218311,0.216124,0.216124,0.216124,0.2154675,0.21503,0.214592,0.21503,0.215686,0.215686,0.217217,0.219077,0.221155,0.222795,0.225311,0.227717,0.230014,0.233514,0.236467,0.240295,0.243905,0.248827,0.254623,0.259326,0.264905,0.271248,0.278358,0.285686,0.293779,0.302967,0.313904,0.325389,0.337748,0.352185,0.366623,0.383467,0.401404,0.421857,0.444388,0.468888,0.49645,0.526528,0.559997,0.595872,0.635247,0.678559,0.726356,0.778637,0.834964,0.895996,0.962714,1.033151,1.107745,1.186713,1.270931,1.358868,1.448774,1.541743,1.63843,1.735117,1.830929,1.925428,2.017741,2.10699,2.190115,2.267114,2.338427,2.404489,2.459614,2.504238,2.540113,2.568988,2.589113,2.600488,2.604863,2.609238,2.610113,2.608363,2.606613,2.604863,2.605738,2.606613,2.610988,2.617988,2.624988,2.631988,2.632863,2.629363,2.615363,2.589988,2.553238,2.503363,2.441238,2.367739,2.286365,2.19624,2.102615,2.002866,1.900491,1.800742,1.701867,1.607367,1.517243,1.436743,1.358868,1.289744,1.224119,1.165494,1.11387,1.06487,1.021995,0.98437,0.953745,0.92487,0.901245,0.877621,0.858371,0.842621,0.826871,0.814621,0.803246,0.795371,0.787496,0.781371,0.776996,0.769996,0.767371,0.764746,0.762996,0.760371,0.759496,0.761246,0.763871,0.765621,0.768246,0.770871,0.776121,0.781371,0.787496,0.797996,0.805871,0.816371,0.826871,0.837371,0.849621,0.864496,0.878496,0.892495,0.909121,0.929245,0.948495,0.967745,0.986995,1.00887,1.02987,1.05437,1.07712,1.102495,1.127869,1.153244,1.177745,1.203119,1.228494,1.251244,1.271369,1.290619,1.308994,1.324744,1.338744,1.350994,1.358868,1.362369,1.364119,1.362368,1.358869,1.353619,1.344869,1.336118,1.325619,1.313368,1.299369,1.285369,1.271369,1.254744,1.238994,1.226744,1.213619,1.202244,1.189994,1.177744,1.16637,1.157619,1.149744,1.143619,1.14012,1.139244,1.13837,1.140119,1.143619,1.151494,1.164619,1.175119,1.193494,1.215369,1.243369,1.274869,1.308994,1.350994,1.400868,1.454243,1.515493,1.584617,1.662492,1.747366,1.840116,1.939866,2.045741,2.162115,2.281114,2.407989,2.538363,2.672237,2.806112,2.938236,3.065986,3.190235,3.307484,3.410734,3.503484,3.587483,3.653983,3.708232,3.746733,3.776483,3.786983,3.785232,3.776483,3.760733,3.737982,3.709983,3.688983,3.666233,3.646983,3.629484,3.618984,3.615483,3.620733,3.634733,3.659233,3.697733,3.743233,3.799233,3.867482,3.944482,4.035482,4.133482,4.24548,4.36448,4.502729,4.653229,4.810728,4.980478,5.160727,5.360226,5.561475,5.778474,6.011222,6.261472,6.52047,6.786469,7.066468,7.356967,7.657966,7.969463,8.298463,8.630961,8.977459,9.334458,9.698455,10.076454,10.461454,10.84645,11.245449,11.658447,12.085446,12.508943,12.935941,13.373441,13.814437,14.258936,14.699935,15.133932,15.58893,16.029927,16.463927,16.904924,17.352922,17.793922,18.220916,18.633914,,5,15,0,0
0.327248,0.316748,0.309748,0.297498,0.285248,0.279123,0.272998,0.265123,0.257248,0.252873,0.250248,0.243248,0.239311,0.235373,0.231873,0.229248,0.227498,0.224436,0.222249,0.220499,0.218311,0.218311,0.216124,0.216999,0.215249,0.216342,0.216124,0.215905,0.217217,0.218967,0.219186,0.221374,0.223889,0.227061,0.22892,0.231983,0.234936,0.238436,0.242373,0.246311,0.251233,0.256811,0.26228,0.269061,0.275186,0.282733,0.290608,0.299358,0.309201,0.31992,0.33217,0.344967,0.359842,0.376248,0.39331,0.412123,0.433451,0.456857,0.482341,0.510122,0.541622,0.576075,0.612606,0.653075,0.697262,0.746262,0.798652,0.854433,0.917433,0.983933,1.054807,1.129401,1.207932,1.291494,1.377462,1.466493,1.557055,1.651992,1.746929,1.841429,1.933741,2.025178,2.112678,2.194927,2.271489,2.343677,2.410614,2.468801,2.517363,2.560238,2.592613,2.617988,2.635488,2.646863,2.655613,2.660863,2.663488,2.665238,2.669613,2.672238,2.675737,2.681862,2.690613,2.698488,2.708113,2.714237,2.718613,2.714237,2.696738,2.669613,2.631113,2.579488,2.513863,2.437739,2.356364,2.265365,2.16824,2.066741,1.963491,1.861991,1.760492,1.665117,1.573242,1.490118,1.411368,1.338744,1.273994,1.211869,1.156744,1.10862,1.062245,1.02462,0.99137,0.962495,0.936245,0.913495,0.894246,0.875871,0.860121,0.846995,0.835621,0.826871,0.819871,0.812871,0.808496,0.802371,0.798871,0.796246,0.792746,0.792746,0.791871,0.792746,0.795371,0.796246,0.798871,0.801496,0.805871,0.811996,0.818121,0.825121,0.834746,0.844371,0.854871,0.865371,0.878496,0.892496,0.905621,0.91962,0.93712,0.955495,0.97387,0.993995,1.01412,1.035995,1.056995,1.079745,1.10337,1.128744,1.154994,1.179494,1.204869,1.229369,1.253869,1.276619,1.299369,1.320369,1.338743,1.357118,1.371994,1.385118,1.394743,1.400868,1.404368,1.405243,1.402618,1.399993,1.394743,1.385993,1.378993,1.366743,1.353618,1.340494,1.328244,1.312493,1.297619,1.284494,1.271369,1.259994,1.248619,1.236369,1.225869,1.215369,1.207494,1.200494,1.196119,1.193494,1.192619,1.193494,1.197869,1.203994,1.212744,1.223244,1.237244,1.259119,1.282744,1.310744,1.344869,1.382494,1.427118,1.475243,1.530368,1.595117,1.665992,1.746492,1.832241,1.925866,2.027365,2.13674,2.250489,2.372114,2.497238,2.630238,2.763237,2.894486,3.027487,3.156986,3.281235,3.391484,3.496484,3.592733,3.674983,3.744983,3.799233,3.841233,3.870982,3.886732,3.888482,3.884982,3.876232,3.856982,3.844732,3.830732,3.818483,3.806233,3.797482,3.799232,3.806233,3.825483,3.848232,3.886732,3.939232,4.000482,4.066981,4.143982,4.238481,4.34173,4.45548,4.577979,4.721478,4.871978,5.032977,5.206226,5.393475,5.591225,5.797724,6.021722,6.254471,6.50297,6.76897,7.034969,7.314967,7.605466,7.906464,8.221463,8.539962,8.868959,9.218959,9.572458,9.922455,10.286454,10.664453,11.045951,11.423948,11.819447,12.221945,12.631443,13.040941,13.450441,13.870438,14.279936,14.692934,15.098934,15.525931,15.931929,16.337928,16.757923,17.156924,17.56292,17.961918,18.339918,,5,15,0,0
0.251123,0.240623,0.225748,0.212624,0.202124,0.189874,0.181342,0.173686,0.165374,0.160343,0.154655,0.147764,0.143827,0.139671,0.137374,0.132999,0.131358,0.130155,0.130046,0.130046,0.129827,0.128733,0.12939,0.132671,0.13464,0.137921,0.142186,0.14503,0.150608,0.156186,0.162421,0.170514,0.178717,0.186811,0.197092,0.207702,0.21853,0.231873,0.245217,0.261405,0.277483,0.296951,0.317076,0.340154,0.364763,0.39156,0.421091,0.453576,0.489779,0.528716,0.572028,0.619715,0.671887,0.727121,0.78859,0.855308,0.926839,1.004495,1.088713,1.180151,1.277275,1.380525,1.489681,1.606492,1.730304,1.858054,1.992803,2.131928,2.277177,2.422426,2.571175,2.719488,2.867362,3.009986,3.14736,3.28211,3.40811,3.526234,3.635608,3.734483,3.821107,3.891982,3.952357,3.997857,4.032857,4.052981,4.063481,4.067856,4.064356,4.050356,4.031107,4.010107,3.989107,3.967232,3.947982,3.939232,3.942732,3.949732,3.963732,3.986482,4.019732,4.051231,4.087981,4.121231,4.152731,4.173731,4.182481,4.171981,4.140481,4.086231,4.005732,3.907732,3.790482,3.652233,3.505234,3.349485,3.188485,3.020486,2.850737,2.686237,2.526988,2.371239,2.225989,2.09649,1.975741,1.863741,1.758742,1.665992,1.581993,1.506743,1.438493,1.378993,1.328244,1.282744,1.244244,1.209244,1.181244,1.153244,1.130495,1.112994,1.097245,1.084995,1.074495,1.067495,1.060495,1.055245,1.049995,1.048245,1.046495,1.044745,1.046495,1.048245,1.051745,1.055245,1.060495,1.065745,1.074495,1.083244,1.093745,1.104245,1.118245,1.133995,1.149744,1.167244,1.186494,1.207494,1.228494,1.251244,1.275744,1.307244,1.333494,1.364994,1.396493,1.431494,1.466493,1.503243,1.539993,1.581993,1.622242,1.664242,1.707992,1.749992,1.790241,1.830491,1.874241,1.909241,1.942491,1.977491,2.00899,2.03524,2.05799,2.07374,2.08774,2.09474,2.09649,2.094741,2.09299,2.08424,2.071991,2.05799,2.03874,2.01599,1.993241,1.96699,1.940741,1.916241,1.893491,1.865491,1.840991,1.816491,1.791992,1.769242,1.748241,1.728992,1.711491,1.695742,1.683492,1.674742,1.664242,1.658992,1.657242,1.657242,1.662492,1.672992,1.688742,1.709742,1.735992,1.767492,1.807741,1.854992,1.909241,1.97224,2.04574,2.13149,2.22424,2.327489,2.444739,2.572488,2.707238,2.857737,3.022236,3.195485,3.379234,3.575234,3.778232,3.986482,4.199981,4.41348,4.62698,4.835228,5.031227,5.216727,5.389976,5.547475,5.675224,5.781973,5.864223,5.914973,5.942972,5.942974,5.928974,5.897473,5.844973,5.778474,5.704975,5.627975,5.543975,5.470475,5.400475,5.340976,5.288477,5.249976,5.228977,5.211476,5.214975,5.228977,5.260476,5.309475,5.372476,5.456474,5.554475,5.666475,5.792473,5.935973,6.093473,6.268471,6.460971,6.663969,6.884469,7.125967,7.374466,7.633465,7.913464,8.200463,8.508463,8.823461,9.155959,9.502458,9.852455,10.212955,10.590953,10.982951,11.38195,11.784447,12.200944,12.638444,13.082939,13.53094,13.978937,14.440933,14.895931,15.343928,15.812931,16.274927,16.729924,17.184924,17.64692,18.08092,18.521918,18.962912,,7.5,22.5,0,0
0.256373,0.245873,0.233623,0.224436,0.210436,0.202999,0.191624,0.184624,0.177405,0.17303,0.165811,0.160343,0.154874,0.152796,0.146999,0.144702,0.142077,0.140218,0.138905,0.137046,0.135405,0.13453,0.135186,0.135515,0.137265,0.13814,0.139561,0.14164,0.144483,0.148749,0.151483,0.15553,0.161874,0.166796,0.173139,0.180249,0.186921,0.195889,0.204311,0.213936,0.224545,0.236139,0.248936,0.263264,0.278795,0.295529,0.314232,0.334029,0.356451,0.380732,0.407857,0.43706,0.469982,0.505529,0.544138,0.586356,0.632512,0.682934,0.736965,0.79734,0.862308,0.932745,1.007995,1.089807,1.177088,1.270056,1.370025,1.47393,1.58593,1.701867,1.823054,1.948178,2.075928,2.205427,2.335802,2.465739,2.593925,2.721237,2.843737,2.960986,3.072111,3.174486,3.26636,3.349485,3.422109,3.482484,3.533234,3.574359,3.607608,3.628608,3.639108,3.642608,3.640858,3.634734,3.625983,3.618983,3.616358,3.615483,3.617234,3.623358,3.638233,3.656608,3.676733,3.700358,3.723983,3.749357,3.765983,3.769482,3.760733,3.737983,3.694233,3.632984,3.550734,3.454484,3.344234,3.221735,3.088736,2.950486,2.805237,2.658238,2.512988,2.369489,2.231239,2.10699,1.987991,1.877741,1.774491,1.678242,1.590742,1.511993,1.438493,1.375493,1.319494,1.268744,1.224994,1.186494,1.151495,1.119995,1.093745,1.072744,1.049995,1.035995,1.021995,1.011495,1.000995,0.990495,0.981745,0.978245,0.971245,0.967745,0.965995,0.965995,0.965996,0.965995,0.967745,0.969495,0.971245,0.976495,0.983495,0.990495,0.999245,1.009745,1.021994,1.034245,1.049995,1.063995,1.079745,1.097245,1.114745,1.137494,1.158494,1.182994,1.207494,1.233744,1.259994,1.289744,1.317744,1.350994,1.384243,1.419243,1.452493,1.487493,1.522493,1.559243,1.592492,1.625742,1.658992,1.692242,1.721992,1.749992,1.776242,1.798992,1.816491,1.830491,1.839241,1.846241,1.849741,1.851491,1.849741,1.842741,1.833991,1.819991,1.804241,1.786742,1.765741,1.746492,1.727242,1.706242,1.685242,1.662492,1.643242,1.622242,1.601243,1.581993,1.566242,1.552243,1.539993,1.529493,1.520743,1.511993,1.508493,1.506743,1.506743,1.510243,1.518993,1.534743,1.550493,1.574993,1.601242,1.636242,1.678242,1.725492,1.781492,1.847991,1.923241,2.00724,2.099991,2.20149,2.313489,2.435989,2.575988,2.721237,2.876987,3.046736,3.226985,3.415984,3.608483,3.806233,4.009232,4.212231,4.40648,4.604229,4.787978,4.959477,5.113477,5.251726,5.368975,5.456475,5.521225,5.563224,5.589475,5.587724,5.568475,5.533475,5.486226,5.424976,5.360226,5.286726,5.216726,5.150227,5.092477,5.045226,5.001477,4.964728,4.941978,4.933227,4.933228,4.948978,4.983978,5.025977,5.085476,5.155476,5.246477,5.344475,5.463475,5.589474,5.736474,5.893972,6.065473,6.254471,6.45047,6.66747,6.891469,7.132967,7.377967,7.640466,7.923964,8.214463,8.508462,8.82346,9.145459,9.481457,9.820955,10.184955,10.555952,10.937451,11.325951,11.731947,12.137945,12.550943,12.963941,13.397941,13.82494,14.251935,14.685935,15.105934,15.553929,15.973928,16.407924,16.834924,,7.5,22.5,0,0
0.339498,0.328998,0.316748,0.304498,0.294873,0.285248,0.272123,0.266436,0.257686,0.249373,0.242811,0.237123,0.231873,0.226624,0.223561,0.220061,0.216999,0.214155,0.212405,0.210655,0.209561,0.208686,0.20803,0.206499,0.207374,0.209124,0.210983,0.211967,0.213936,0.216014,0.218967,0.222686,0.226514,0.23067,0.23592,0.241498,0.247952,0.254405,0.262498,0.270592,0.279889,0.289733,0.300889,0.312701,0.325717,0.339935,0.355904,0.372638,0.391779,0.41267,0.436404,0.461997,0.490654,0.521935,0.555731,0.593356,0.6347,0.680309,0.730731,0.786293,0.845902,0.911527,0.983714,1.061807,1.146463,1.237463,1.336994,1.443306,1.557055,1.677367,1.805992,1.940303,2.078553,2.222052,2.370801,2.520863,2.6718,2.823612,2.972361,3.120236,3.25761,3.387109,3.506109,3.614608,3.709108,3.786983,3.854358,3.907732,3.942732,3.961982,3.966357,3.962857,3.946232,3.920857,3.891107,3.867483,3.842108,3.820232,3.803608,3.793983,3.789608,3.793107,3.800108,3.812357,3.823732,3.832482,3.832483,3.820233,3.786982,3.736233,3.662733,3.569984,3.456235,3.326735,3.188485,3.037986,2.882237,2.724737,2.561988,2.407989,2.25924,2.11749,1.984491,1.865491,1.756992,1.658992,1.567993,1.487492,1.413993,1.350994,1.291494,1.244244,1.202244,1.165494,1.135744,1.107745,1.084994,1.062245,1.046494,1.030745,1.020245,1.009745,1.002745,0.995745,0.990495,0.988745,0.985245,0.981745,0.981745,0.983495,0.986995,0.990495,0.995745,1.002745,1.009745,1.018495,1.028995,1.041245,1.055245,1.070994,1.086745,1.105995,1.126995,1.147995,1.168994,1.195244,1.221494,1.249494,1.279244,1.310744,1.345744,1.380743,1.417493,1.455993,1.492743,1.532993,1.574992,1.616992,1.660742,1.702742,1.744742,1.783241,1.821741,1.856741,1.889991,1.914491,1.937241,1.958241,1.972241,1.979241,1.984491,1.980991,1.970491,1.956491,1.940741,1.921491,1.898741,1.872491,1.849741,1.819991,1.790241,1.760491,1.734242,1.706242,1.676492,1.653742,1.627492,1.606492,1.587242,1.569743,1.553992,1.539993,1.527743,1.522493,1.518993,1.518993,1.524243,1.531242,1.543493,1.562742,1.587243,1.616992,1.651992,1.699242,1.751742,1.814741,1.884742,1.965241,2.057991,2.16124,2.27499,2.400988,2.544489,2.698488,2.866486,3.043236,3.232235,3.435234,3.643484,3.856982,4.072232,4.297981,4.516729,4.723229,4.924478,5.113477,5.279727,5.419726,5.535226,5.631475,5.692725,5.731224,5.738224,5.724224,5.689224,5.622724,5.543975,5.458226,5.365476,5.265726,5.176476,5.094227,5.018977,4.948977,4.892978,4.850978,4.826478,4.821228,4.826479,4.857978,4.906977,4.969978,5.050476,5.141476,5.260476,5.389975,5.529976,5.690975,5.869473,6.061972,6.268472,6.49247,6.726969,6.975468,7.241467,7.524966,7.822465,8.133963,8.466461,8.79896,9.152459,9.512958,9.890955,10.275955,10.671451,11.080951,11.50795,11.945445,12.382945,12.834442,13.29644,13.76894,14.244935,14.727931,15.22493,15.721929,16.218928,16.715925,17.226922,17.737918,18.220918,18.717916,19.221916,19.711912,20.20191,20.684906,21.160904,21.629904,22.0919,22.539898,,7.5,22.5,0,0
0.341248,0.328998,0.316748,0.307998,0.297498,0.286998,0.278686,0.270811,0.264686,0.259436,0.251998,0.248061,0.242373,0.239311,0.234498,0.230123,0.227936,0.225311,0.223342,0.221155,0.219405,0.217874,0.21678,0.216124,0.215467,0.21653375,0.216999,0.217545,0.217655,0.217874,0.219733,0.221702,0.22367,0.226842,0.228811,0.232858,0.235483,0.239639,0.244452,0.248608,0.253311,0.258998,0.265014,0.271905,0.279123,0.287108,0.29542,0.304826,0.315217,0.326373,0.339389,0.353607,0.36892,0.385435,0.40381,0.424154,0.446466,0.470638,0.497325,0.527622,0.560763,0.597294,0.63634,0.68009,0.727887,0.780168,0.835621,0.899058,0.968401,1.04212,1.121744,1.207713,1.299588,1.39715,1.500618,1.60868,1.723742,1.845366,1.968741,2.09474,2.225552,2.356802,2.486301,2.61405,2.741362,2.862987,2.981111,3.092236,3.19636,3.29086,3.373109,3.444859,3.507859,3.559484,3.601483,3.634734,3.661858,3.683733,3.700358,3.710858,3.719608,3.728358,3.734483,3.737983,3.741483,3.746733,3.744108,3.731858,3.708233,3.674983,3.626858,3.562109,3.480734,3.38886,3.28736,3.170985,3.045861,2.916362,2.779862,2.643363,2.507738,2.375614,2.250489,2.134115,2.023866,1.923241,1.829616,1.741241,1.662492,1.591617,1.526868,1.467368,1.417493,1.373743,1.335244,1.299369,1.267869,1.240744,1.214494,1.193494,1.172495,1.155869,1.142744,1.131369,1.119995,1.10862,1.09987,1.09287,1.08587,1.07887,1.076245,1.07362,1.07187,1.070995,1.070995,1.07362,1.07537,1.077119,1.083245,1.09112,1.09987,1.109495,1.12087,1.133119,1.146245,1.159369,1.175119,1.194369,1.212744,1.233744,1.256494,1.280119,1.305494,1.329994,1.355368,1.384243,1.416618,1.446368,1.478743,1.511993,1.546118,1.581117,1.611743,1.644117,1.676492,1.707117,1.733367,1.762242,1.787617,1.809492,1.826116,1.840116,1.849741,1.856741,1.859366,1.856741,1.854117,1.847117,1.837491,1.822617,1.806866,1.791117,1.769242,1.748242,1.727242,1.707117,1.686117,1.665992,1.647617,1.626617,1.608242,1.589867,1.574993,1.561867,1.551368,1.542617,1.535618,1.532118,1.530367,1.531243,1.536493,1.544368,1.556617,1.574118,1.597742,1.625742,1.659867,1.700116,1.744742,1.797241,1.860241,1.931991,2.010741,2.101741,2.20149,2.309989,2.425489,2.553238,2.691487,2.836737,2.987236,3.148235,3.316234,3.485984,3.655733,3.823733,3.989982,4.150981,4.29798,4.439729,4.567479,4.681229,4.777478,4.854478,4.915728,4.959477,4.980477,4.987478,4.976978,4.957727,4.931478,4.894728,4.852728,4.807228,4.758228,4.710979,4.665479,4.626979,4.590229,4.563979,4.546479,4.535979,4.53248,4.534229,4.548228,4.570979,4.60248,4.64098,4.695229,4.758229,4.833479,4.913978,5.001476,5.102977,5.214976,5.340976,5.470476,5.620975,5.778474,5.946474,6.124973,6.303471,6.506471,6.71647,6.926469,7.153967,7.395466,7.643966,7.892465,8.158463,8.434961,8.71496,8.998459,9.292457,9.600457,9.922457,10.237455,10.562952,10.89545,11.23145,11.563947,11.899945,12.242945,12.589442,12.949942,13.292938,13.649937,13.999937,14.349936,14.685933,,7.5,22.5,0,0
0.272998,0.267748,0.253748,0.244561,0.234498,0.226186,0.218967,0.210874,0.205624,0.198624,0.192827,0.188342,0.184624,0.180467,0.177952,0.175764,0.172374,0.170186,0.169968,0.167343,0.165921,0.167671,0.165046,0.165155,0.166468,0.167671,0.167124,0.169093,0.170624,0.172046,0.173905,0.176967,0.179921,0.183202,0.187796,0.191624,0.19578,0.200702,0.206389,0.21142,0.219295,0.225639,0.232858,0.242045,0.25167,0.260858,0.27267,0.284811,0.297717,0.313139,0.330092,0.347482,0.368373,0.390795,0.414201,0.440451,0.470419,0.5017,0.536153,0.576513,0.617637,0.663684,0.714653,0.76934,0.829058,0.894464,0.965776,1.040807,1.125026,1.214057,1.308338,1.410493,1.516805,1.628367,1.746492,1.868554,1.992366,2.12274,2.255302,2.386989,2.519551,2.652988,2.781612,2.905862,3.028361,3.140361,3.24711,3.34861,3.440484,3.520984,3.592734,3.652233,3.701233,3.744108,3.773858,3.799233,3.822857,3.839483,3.851732,3.861357,3.871857,3.876232,3.880607,3.883232,3.878857,3.874483,3.863982,3.839482,3.806233,3.758983,3.695983,3.618984,3.527983,3.421234,3.307484,3.186735,3.058986,2.925986,2.789487,2.654738,2.518238,2.388739,2.26449,2.15074,2.04399,1.944241,1.851491,1.765742,1.686992,1.616992,1.550493,1.492743,1.443743,1.396493,1.357994,1.319493,1.286244,1.258244,1.231994,1.209244,1.188244,1.170744,1.154994,1.144494,1.132245,1.121744,1.109495,1.102495,1.091995,1.084995,1.081495,1.077995,1.072745,1.070995,1.069245,1.067495,1.067495,1.070994,1.070995,1.076245,1.081495,1.088494,1.098995,1.107744,1.116495,1.128745,1.140994,1.154994,1.170744,1.186494,1.202245,1.223244,1.245994,1.265244,1.289743,1.312494,1.338744,1.366743,1.394743,1.426243,1.455993,1.490993,1.518993,1.553992,1.587242,1.618742,1.650242,1.685242,1.716742,1.748242,1.777992,1.805991,1.833991,1.854991,1.875991,1.891741,1.907491,1.921491,1.930241,1.931991,1.931991,1.930241,1.921491,1.909241,1.896991,1.877741,1.863741,1.844491,1.825241,1.802491,1.781492,1.758742,1.737742,1.714992,1.695742,1.678242,1.662492,1.644992,1.630992,1.618743,1.608242,1.597742,1.590743,1.585492,1.583742,1.585492,1.592492,1.597742,1.613493,1.629242,1.650242,1.678242,1.713242,1.753491,1.800742,1.856741,1.917991,1.987991,2.068491,2.15424,2.250489,2.357239,2.472738,2.598738,2.736987,2.883986,3.036236,3.198985,3.370485,3.541984,3.720483,3.902482,4.079231,4.25948,4.42748,4.586729,4.738979,4.873728,4.989228,5.090727,5.181727,5.248225,5.293726,5.325226,5.337476,5.333976,5.314726,5.283226,5.241226,5.200976,5.155476,5.102977,5.055726,5.006727,4.955978,4.913978,4.878978,4.843978,4.822979,4.812478,4.808979,4.812478,4.833478,4.854477,4.889477,4.938477,4.994476,5.060978,5.144978,5.232476,5.333975,5.445975,5.568476,5.701475,5.844973,5.998973,6.163472,6.345472,6.53097,6.733969,6.943969,7.167968,7.402467,7.647466,7.909964,8.175963,8.455961,8.742961,9.04046,9.341457,9.663456,9.981954,10.303953,10.639953,10.979451,11.318949,11.668946,12.025947,12.379444,12.725943,,7.5,22.5,0,0
0.265998,0.256373,0.248498,0.238873,0.230123,0.219186,0.21503,0.207374,0.203217,0.196327,0.190639,0.186702,0.181671,0.178171,0.176202,0.172921,0.170842,0.170077,0.167889,0.165593,0.164608,0.16428,0.1634595,0.162311,0.162639,0.162202,0.164061,0.165155,0.165811,0.166905,0.168874,0.171061,0.173358,0.177077,0.179592,0.183311,0.187686,0.190639,0.195014,0.199717,0.204639,0.210108,0.217327,0.224436,0.231108,0.239967,0.249264,0.258561,0.270155,0.282295,0.294764,0.310404,0.327357,0.34442,0.364545,0.385873,0.409607,0.435091,0.463966,0.495685,0.530138,0.569184,0.610309,0.656028,0.705903,0.759715,0.819871,0.884621,0.955495,1.030964,1.114307,1.202025,1.295213,1.395181,1.500618,1.609555,1.725929,1.845804,1.968741,2.097365,2.226865,2.355489,2.487176,2.615363,2.741362,2.864737,2.982861,3.094861,3.19986,3.29786,3.383609,3.461484,3.529734,3.585734,3.632983,3.674108,3.706483,3.732733,3.754608,3.769483,3.782608,3.790483,3.797482,3.797483,3.798358,3.795733,3.787857,3.772108,3.746733,3.709108,3.659233,3.596234,3.517484,3.428234,3.331984,3.223485,3.108861,2.986361,2.857737,2.728237,2.599613,2.470989,2.347614,2.23299,2.12449,2.02124,1.925866,1.836617,1.754366,1.679117,1.609992,1.546993,1.493618,1.445493,1.400868,1.361493,1.325619,1.293244,1.265244,1.239869,1.217119,1.197869,1.182119,1.168119,1.153245,1.140994,1.128745,1.119994,1.111245,1.10162,1.093745,1.090244,1.084995,1.08062,1.07712,1.07537,1.07362,1.072745,1.07362,1.07537,1.08062,1.08587,1.090245,1.09812,1.105995,1.114745,1.12437,1.13487,1.14712,1.161119,1.176869,1.193494,1.209244,1.229369,1.248619,1.268744,1.291494,1.314244,1.339619,1.365869,1.393869,1.420118,1.449868,1.480493,1.509368,1.539118,1.567993,1.597742,1.630992,1.660742,1.689617,1.717616,1.743867,1.768367,1.790242,1.810366,1.828741,1.844491,1.857616,1.867241,1.870741,1.873366,1.869866,1.863741,1.855866,1.844491,1.833116,1.818242,1.801616,1.782367,1.765741,1.745617,1.726367,1.706242,1.689617,1.672117,1.658992,1.643242,1.627492,1.615242,1.604742,1.593368,1.585492,1.580242,1.576743,1.574993,1.578492,1.583742,1.590742,1.604742,1.620492,1.639742,1.665993,1.699242,1.737742,1.783241,1.832241,1.889991,1.956491,2.02824,2.11049,2.199739,2.29949,2.406239,2.526988,2.654737,2.791238,2.938236,3.092236,3.251485,3.417735,3.590983,3.760733,3.939233,4.110731,4.27348,4.43623,4.586729,4.719729,4.845728,4.959478,5.053977,5.132726,5.195726,5.239476,5.269227,5.279726,5.277976,5.262226,5.244726,5.216726,5.179976,5.146727,5.104726,5.062728,5.022477,4.983978,4.952479,4.927977,4.906977,4.896478,4.892977,4.899977,4.913978,4.934977,4.973477,5.011978,5.064478,5.130976,5.204476,5.288476,5.386476,5.491476,5.606975,5.729475,5.862473,6.012973,6.170472,6.338472,6.51697,6.705971,6.912469,7.122467,7.349967,7.584466,7.832965,8.091963,8.364962,8.637961,8.928459,9.225958,9.530457,9.834956,10.153456,10.475453,10.804452,11.147449,11.490449,11.836946,12.197446,,7.5,22.5,0,0
0.294873,0.279998,0.267748,0.254186,0.241936,0.231436,0.223342,0.213717,0.206499,0.201686,0.194577,0.187686,0.183202,0.179811,0.176092,0.174233,0.172592,0.169421,0.167999,0.168327,0.16895575,0.169639,0.169858,0.170952,0.173467,0.177077,0.180249,0.183858,0.189655,0.194577,0.199936,0.206499,0.214702,0.222577,0.231545,0.241608,0.251561,0.263264,0.275733,0.289186,0.304061,0.320576,0.337857,0.357326,0.379201,0.40217,0.427107,0.455326,0.485513,0.518107,0.55595,0.596528,0.640715,0.689059,0.742215,0.799527,0.862964,0.93187,1.005808,1.087838,1.176869,1.272025,1.375712,1.487493,1.606492,1.733804,1.871616,2.015116,2.169115,2.330989,2.498551,2.671363,2.851612,3.033611,3.21736,3.403734,3.588359,3.772108,3.952357,4.127356,4.29273,4.451105,4.598979,4.729353,4.850977,4.955978,5.048727,5.127477,5.192226,5.239476,5.276226,5.302475,5.314726,5.319976,5.321726,5.323476,5.323476,5.326975,5.335726,5.342726,5.354976,5.367226,5.377726,5.384725,5.384726,5.375975,5.354975,5.312976,5.246477,5.158976,5.046977,4.908728,4.749479,4.572729,4.38898,4.194731,3.993482,3.790483,3.585734,3.387985,3.195485,3.009986,2.838487,2.680988,2.537488,2.400989,2.27849,2.16649,2.06324,1.970491,1.888241,1.812991,1.748241,1.688742,1.639742,1.595992,1.553992,1.517243,1.485743,1.457743,1.433243,1.412244,1.396493,1.382493,1.368493,1.357994,1.347494,1.338743,1.331744,1.326493,1.324743,1.322994,1.322993,1.324743,1.326493,1.331743,1.336994,1.345743,1.354493,1.364993,1.378993,1.394743,1.410494,1.429743,1.450743,1.471743,1.492743,1.517243,1.545243,1.569743,1.602992,1.632743,1.665992,1.702742,1.737742,1.776242,1.816492,1.858491,1.900491,1.94424,1.98974,2.03349,2.08074,2.12799,2.17174,2.213739,2.257489,2.297739,2.33799,2.376488,2.406239,2.437739,2.463989,2.484988,2.500738,2.511238,2.516489,2.519989,2.519988,2.511239,2.497238,2.481488,2.458738,2.435988,2.404489,2.378239,2.348489,2.316989,2.285489,2.252239,2.21899,2.18749,2.15424,2.12449,2.09649,2.07199,2.049241,2.028241,2.008991,1.993241,1.977491,1.966991,1.958241,1.956492,1.959991,1.965241,1.980991,1.99849,2.026491,2.05974,2.096491,2.148991,2.20499,2.273239,2.35374,2.444738,2.544488,2.658238,2.778988,2.915486,3.064236,3.221735,3.398484,3.582233,3.776483,3.982982,4.199981,4.41698,4.640979,4.868478,5.085478,5.305976,5.508975,5.704974,5.879973,6.040974,6.177472,6.285972,6.366472,6.418971,6.457471,6.464471,6.44697,6.408471,6.355972,6.289472,6.205472,6.117972,6.023473,5.935973,5.851974,5.767973,5.690973,5.617474,5.561475,5.512475,5.470475,5.445974,5.435476,5.442474,5.463476,5.498476,5.540474,5.606974,5.676974,5.764474,5.869473,5.988473,6.124972,6.271972,6.429472,6.600971,6.78997,6.989467,7.199468,7.419966,7.661466,7.916965,8.172463,8.455962,8.739461,9.04396,9.358959,9.687956,10.023954,10.377453,10.741453,11.11595,11.50095,11.878947,12.270945,12.676941,13.089943,13.502939,13.922938,14.356934,14.790936,15.224932,15.66593,16.092926,,10,30,0,0
0.316748,0.305373,0.286998,0.273873,0.261623,0.250248,0.23953,0.231655,0.22203,0.216452,0.210327,0.205077,0.199936,0.194686,0.190421,0.189217,0.186264,0.185499,0.183858,0.183967,0.1845415,0.184842,0.185499,0.188233,0.191733,0.194577,0.198077,0.205077,0.209014,0.215139,0.223124,0.230452,0.239311,0.249373,0.260092,0.271467,0.284483,0.297717,0.312482,0.328998,0.347264,0.365967,0.387623,0.411576,0.436513,0.46506,0.496122,0.529372,0.565903,0.607137,0.652418,0.699996,0.754684,0.813746,0.876527,0.946526,1.021776,1.103588,1.192182,1.289525,1.392556,1.504118,1.62443,1.752179,1.887804,2.032178,2.184865,2.342801,2.511676,2.685362,2.862987,3.045861,3.230485,3.41336,3.596234,3.776483,3.948857,4.119481,4.280481,4.430105,4.565729,4.692603,4.801978,4.892977,4.969977,5.032977,5.078477,5.115227,5.137977,5.146726,5.150227,5.144976,5.132727,5.120477,5.109976,5.102976,5.108227,5.115227,5.130977,5.148477,5.176476,5.199226,5.220227,5.235976,5.237727,5.227226,5.202727,5.151976,5.073227,4.973478,4.845728,4.691729,4.523729,4.33648,4.147481,3.949731,3.748483,3.548984,3.349485,3.158735,2.976736,2.805237,2.642487,2.497239,2.362489,2.23999,2.12974,2.02474,1.933741,1.851491,1.776242,1.709742,1.651992,1.604742,1.559243,1.522493,1.485743,1.454243,1.427993,1.406993,1.385993,1.370244,1.357993,1.347493,1.336994,1.329994,1.324743,1.319493,1.315994,1.314243,1.314244,1.317744,1.321244,1.324743,1.331743,1.338744,1.347494,1.359744,1.368493,1.384243,1.401744,1.419243,1.438493,1.457743,1.482243,1.504993,1.529493,1.555743,1.585493,1.616992,1.648493,1.681742,1.716742,1.755242,1.793742,1.832241,1.872491,1.917991,1.958241,2.005491,2.05274,2.09649,2.14199,2.18749,2.22949,2.271489,2.308239,2.348489,2.381739,2.414989,2.441239,2.462238,2.481488,2.491988,2.498988,2.502489,2.500739,2.497238,2.488489,2.476239,2.456989,2.435988,2.411489,2.383488,2.353739,2.323989,2.294239,2.264489,2.23474,2.20324,2.17349,2.141989,2.11574,2.085991,2.06324,2.04399,2.022991,2.00899,1.993241,1.98274,1.975741,1.970491,1.968742,1.972241,1.98274,1.99849,2.02124,2.050991,2.08424,2.12974,2.18574,2.24524,2.315239,2.399239,2.495488,2.598738,2.715987,2.848987,2.988986,3.141236,3.309235,3.487734,3.680233,3.883231,4.093231,4.31198,4.54123,4.766978,4.996227,5.223726,5.442475,5.652474,5.851973,6.030474,6.187972,6.327972,6.43997,6.51697,6.57297,6.59747,6.60447,6.586971,6.551971,6.495971,6.418971,6.338472,6.250971,6.152972,6.061973,5.970974,5.893974,5.823974,5.764473,5.704974,5.666475,5.634974,5.617474,5.610475,5.627975,5.648975,5.694474,5.750473,5.820475,5.904473,6.002472,6.114473,6.236971,6.380471,6.53797,6.702471,6.88797,7.080468,7.286969,7.503965,7.734964,7.976464,8.231963,8.497963,8.777961,9.068459,9.372958,9.684457,10.009954,10.352953,10.702952,11.06345,11.441449,11.801949,12.186944,12.592942,12.99894,13.397939,13.824938,14.237936,14.650932,15.084932,15.51193,15.938929,16.358926,16.806926,,10,30,0,0
0.283498,0.273873,0.254623,0.242373,0.230123,0.216999,0.208905,0.198405,0.19053,0.184296,0.17653,0.170514,0.164827,0.16078,0.157171,0.154108,0.151374,0.148968,0.148749,0.146671,0.145577,0.146452,0.147436,0.149077,0.151264,0.154327,0.158046,0.161983,0.166358,0.172483,0.178608,0.186155,0.19403,0.202999,0.212514,0.223123,0.23417,0.247842,0.261295,0.27628,0.292795,0.310951,0.331076,0.35306,0.376685,0.403263,0.432466,0.463747,0.499294,0.538013,0.580669,0.6277,0.678559,0.734778,0.796027,0.862308,0.934277,1.013026,1.099213,1.1924,1.29215,1.400868,1.51593,1.638867,1.770554,1.909679,2.057553,2.21199,2.373864,2.540988,2.712488,2.885737,3.058986,3.233985,3.407234,3.576108,3.735358,3.892857,4.040731,4.177231,4.298856,4.407355,4.501854,4.577104,4.640104,4.682979,4.716228,4.737228,4.744229,4.744228,4.730229,4.712729,4.688228,4.665479,4.646229,4.630479,4.625229,4.625229,4.635729,4.654979,4.679479,4.709228,4.744229,4.775728,4.803728,4.826478,4.835228,4.824728,4.786229,4.728478,4.644479,4.534229,4.40123,4.247231,4.086231,3.907732,3.722233,3.529734,3.338984,3.148236,2.962736,2.784237,2.616238,2.460489,2.32049,2.18749,2.06499,1.954741,1.853241,1.763992,1.683492,1.608242,1.546993,1.492743,1.445493,1.403493,1.364994,1.333493,1.303744,1.280994,1.258244,1.244244,1.230244,1.219744,1.210994,1.202244,1.195244,1.193494,1.186494,1.184744,1.186494,1.188244,1.189995,1.195244,1.198744,1.207494,1.214494,1.223244,1.233744,1.245994,1.261744,1.277494,1.294994,1.314243,1.335244,1.357994,1.384244,1.408743,1.436743,1.466493,1.499743,1.532993,1.567993,1.604742,1.643242,1.685242,1.725492,1.769242,1.816491,1.861991,1.912741,1.958241,2.00724,2.05449,2.09999,2.14549,2.18749,2.231239,2.26974,2.30299,2.33274,2.360739,2.378238,2.392239,2.400988,2.402739,2.402739,2.399239,2.388739,2.372989,2.355489,2.332739,2.302989,2.274989,2.24174,2.21199,2.18049,2.15074,2.11924,2.08599,2.054491,2.02474,1.993241,1.966991,1.942491,1.917991,1.89874,1.879491,1.865491,1.851491,1.839241,1.835742,1.830491,1.835742,1.844491,1.856741,1.877741,1.905741,1.942492,1.980991,2.03174,2.092989,2.16474,2.24524,2.337989,2.442989,2.558488,2.684487,2.827987,2.981986,3.148236,3.330235,3.524484,3.730983,3.947982,4.171981,4.40473,4.640979,4.877228,5.111727,5.340976,5.563225,5.767974,5.956974,6.124973,6.264971,6.380471,6.46447,6.513472,6.53447,6.53447,6.506471,6.44697,6.376972,6.282472,6.170473,6.058473,5.942974,5.823974,5.711975,5.606974,5.512475,5.424975,5.347977,5.284975,5.235977,5.200975,5.176475,5.172976,5.190476,5.214977,5.256977,5.312975,5.382975,5.473975,5.575474,5.690974,5.823974,5.974473,6.138972,6.317472,6.50997,6.71297,6.933469,7.164467,7.412966,7.675465,7.955465,8.238962,8.55046,8.86546,9.20496,9.547958,9.908454,10.279453,10.667951,11.070452,11.483448,11.903445,12.347944,12.774941,13.21594,13.663939,14.104937,14.573936,15.028934,15.483931,15.931928,16.386924,16.841922,,10,30,0,0
0.307123,0.293998,0.278248,0.265561,0.252873,0.239311,0.233842,0.225748,0.216561,0.20967,0.203655,0.196436,0.190311,0.186264,0.183967,0.18003,0.177296,0.176639,0.175217,0.173467,0.173467,0.173467,0.173905,0.174452,0.177733,0.179264,0.183092,0.186155,0.188889,0.194358,0.198952,0.204858,0.210764,0.218311,0.226733,0.235373,0.244342,0.254076,0.265014,0.276498,0.289514,0.303951,0.320029,0.33731,0.355904,0.376576,0.399107,0.424044,0.450622,0.480919,0.513841,0.549716,0.589966,0.633606,0.680309,0.731278,0.788152,0.849839,0.916777,0.990933,1.071432,1.158494,1.252119,1.353619,1.462556,1.57893,1.704929,1.839679,1.982303,2.132803,2.290739,2.455238,2.624988,2.797362,2.975861,3.156985,3.337234,3.518359,3.697733,3.873607,4.041606,4.200856,4.351355,4.491354,4.619104,4.730228,4.829978,4.917477,4.989228,5.045227,5.087227,5.115227,5.134477,5.141476,5.144977,5.144976,5.144977,5.144976,5.148039,5.150227,5.151976,5.157226,5.165977,5.167727,5.165977,5.160726,5.141476,5.108227,5.046977,4.971728,4.871978,4.749478,4.605979,4.44323,4.27523,4.094981,3.907732,3.716983,3.524484,3.335485,3.151735,2.974986,2.808737,2.658237,2.518239,2.386989,2.26799,2.15774,2.056241,1.96699,1.886491,1.812991,1.749992,1.692242,1.643242,1.599492,1.557493,1.522493,1.489243,1.462993,1.438493,1.417493,1.398243,1.384243,1.370243,1.359744,1.347493,1.336993,1.329994,1.322994,1.319493,1.317744,1.315994,1.315993,1.315994,1.321244,1.322994,1.326493,1.335243,1.343993,1.356244,1.370244,1.385994,1.401743,1.419243,1.436743,1.459493,1.480493,1.504993,1.531242,1.559242,1.590742,1.620493,1.653742,1.688741,1.723742,1.763992,1.800742,1.842742,1.884742,1.928491,1.970491,2.01249,2.05974,2.103491,2.14374,2.185739,2.22599,2.266239,2.30299,2.336239,2.367739,2.390489,2.411489,2.425489,2.437739,2.446489,2.449989,2.449988,2.444739,2.432489,2.416739,2.393989,2.371239,2.34499,2.318739,2.294239,2.264489,2.23474,2.20499,2.17174,2.14024,2.11224,2.08599,2.05974,2.03699,2.015991,1.99674,1.977491,1.96174,1.949491,1.938991,1.933741,1.931991,1.935491,1.944241,1.958241,1.973991,2.00024,2.03174,2.07199,2.12099,2.17874,2.24524,2.320489,2.407988,2.507738,2.614487,2.733487,2.864737,3.015236,3.170985,3.340734,3.526234,3.720483,3.923482,4.135231,4.35573,4.583229,4.810728,5.038227,5.265726,5.480976,5.687473,5.879973,6.054972,6.208972,6.338472,6.443471,6.523971,6.579971,6.61147,6.618471,6.59747,6.555471,6.495971,6.418971,6.334971,6.24047,6.149473,6.051472,5.963973,5.872974,5.788974,5.704975,5.634974,5.575475,5.526475,5.487976,5.466974,5.456475,5.463476,5.477475,5.508975,5.543974,5.596475,5.669975,5.750475,5.848474,5.953472,6.075973,6.205472,6.352471,6.513472,6.67797,6.859968,7.055968,7.265966,7.486466,7.713965,7.951964,8.207463,8.469963,8.74996,9.040458,9.337957,9.649457,9.974956,10.303953,10.650451,10.986451,11.339948,11.710949,12.074947,12.438943,12.809942,13.19494,13.572939,13.950937,14.328936,,10,30,0,0
0.355248,0.342998,0.327248,0.315873,0.302748,0.291373,0.282623,0.271686,0.265561,0.259873,0.251561,0.242373,0.237998,0.230998,0.228373,0.225311,0.220499,0.216561,0.214811,0.212624,0.211092,0.209342,0.208467,0.209124,0.207811,0.209124,0.209342,0.211311,0.213717,0.21503,0.217655,0.221155,0.224764,0.22892,0.23417,0.23953,0.245873,0.252217,0.259217,0.266983,0.275842,0.285686,0.295858,0.307451,0.320248,0.333264,0.347701,0.363779,0.381826,0.401623,0.424044,0.447888,0.474575,0.503997,0.535825,0.571591,0.6102,0.652637,0.700434,0.754027,0.81134,0.873027,0.941933,1.016745,1.09812,1.186713,1.283181,1.388618,1.502586,1.622242,1.750429,1.887366,2.030865,2.181802,2.337989,2.500738,2.668737,2.841987,3.012611,3.18586,3.360859,3.528859,3.690733,3.845607,3.993482,4.133481,4.260355,4.372355,4.473855,4.559604,4.627854,4.678604,4.717978,4.747728,4.763479,4.775728,4.780978,4.784478,4.786228,4.784478,4.784479,4.793228,4.800228,4.810728,4.819477,4.828229,4.829978,4.815978,4.784478,4.737228,4.667229,4.574479,4.45373,4.31373,4.163231,3.998732,3.816732,3.631233,3.438735,3.249735,3.062486,2.883987,2.714237,2.560238,2.414989,2.28199,2.15949,2.04749,1.947741,1.854992,1.776241,1.706241,1.644992,1.590743,1.541742,1.499743,1.462993,1.427993,1.399993,1.375493,1.354493,1.336994,1.321243,1.310744,1.300244,1.287993,1.280994,1.273994,1.268744,1.265244,1.263494,1.263494,1.266994,1.272244,1.275744,1.280994,1.287994,1.298494,1.310744,1.322994,1.338744,1.357994,1.375494,1.396493,1.419243,1.443743,1.471743,1.497993,1.527743,1.562743,1.595992,1.634492,1.671242,1.709742,1.751742,1.795491,1.839241,1.886491,1.933741,1.980991,2.029991,2.07724,2.12274,2.16824,2.210239,2.24874,2.281989,2.315239,2.344989,2.365989,2.379989,2.390489,2.392239,2.392239,2.383489,2.371239,2.355489,2.33799,2.31174,2.287239,2.25574,2.227739,2.19624,2.15949,2.12624,2.09824,2.066741,2.035241,2.00899,1.982741,1.95649,1.931991,1.912741,1.895241,1.881241,1.870741,1.865492,1.861991,1.863741,1.868991,1.879491,1.896992,1.919742,1.95124,1.987991,2.03524,2.09124,2.15599,2.227739,2.315239,2.409739,2.519988,2.640738,2.775487,2.925986,3.090486,3.261986,3.443984,3.643483,3.851733,4.066981,4.287481,4.513229,4.744228,4.968228,5.181726,5.386475,5.578975,5.755724,5.907974,6.037472,6.149473,6.233472,6.285972,6.310472,6.310471,6.289472,6.247472,6.180972,6.100473,6.023473,5.932473,5.834473,5.739975,5.648975,5.561475,5.480975,5.407475,5.351477,5.309475,5.277977,5.260475,5.256977,5.263977,5.284976,5.312976,5.358475,5.424976,5.501975,5.592974,5.697974,5.813474,5.946473,6.089972,6.247472,6.42247,6.61497,6.821469,7.034968,7.262467,7.510966,7.762965,8.032465,8.305462,8.59946,8.900461,9.218957,9.540956,9.887456,10.230455,10.583954,10.95145,11.31545,11.703949,12.102946,12.494942,12.900944,13.313938,13.733939,14.132936,14.538937,14.958932,15.378931,15.78493,16.204925,16.624924,17.030924,17.44392,17.849918,18.241916,,10,30,0,0
0.342998,0.334248,0.320248,0.309748,0.297498,0.288748,0.278248,0.269498,0.262498,0.255061,0.247623,0.243248,0.237123,0.231873,0.228811,0.223999,0.220061,0.217874,0.213936,0.211311,0.210436,0.208686,0.206717,0.205842,0.205624,0.206061,0.20606125,0.20628,0.20628,0.207374,0.208795,0.210545,0.21317,0.216561,0.219295,0.223014,0.226295,0.230452,0.234936,0.239858,0.245983,0.25178,0.25867,0.266217,0.274092,0.282623,0.292248,0.302639,0.314123,0.326592,0.341139,0.35656,0.374498,0.393092,0.413654,0.437169,0.462544,0.490107,0.521169,0.556169,0.594231,0.635903,0.682278,0.732918,0.788699,0.849402,0.916339,0.989839,1.071214,1.159151,1.254306,1.355806,1.464962,1.582867,1.709304,1.840991,1.980553,2.12974,2.285052,2.443426,2.606175,2.7733,2.941737,3.109736,3.27686,3.442234,3.606733,3.763358,3.911232,4.046857,4.173731,4.290981,4.39248,4.479104,4.55523,4.624354,4.677729,4.719728,4.758228,4.787978,4.810728,4.828228,4.843978,4.859728,4.877228,4.891228,4.898227,4.899978,4.891228,4.868478,4.829978,4.775728,4.698729,4.605979,4.49573,4.36623,4.219231,4.058231,3.884983,3.702983,3.520983,3.340735,3.158735,2.992486,2.829737,2.677488,2.535739,2.397489,2.276739,2.16299,2.06149,1.970491,1.889991,1.819991,1.755242,1.699242,1.646742,1.601242,1.562743,1.527743,1.496243,1.469993,1.450743,1.429743,1.412243,1.394744,1.382494,1.370244,1.357994,1.350994,1.342243,1.338743,1.333494,1.329994,1.329994,1.329994,1.329994,1.333494,1.336993,1.345744,1.356244,1.368493,1.378993,1.392993,1.408743,1.424493,1.443743,1.464743,1.490993,1.515493,1.541743,1.571493,1.601242,1.632742,1.665992,1.700992,1.739492,1.781491,1.821741,1.863741,1.909242,1.952991,1.998491,2.04049,2.08774,2.12799,2.16824,2.208489,2.24699,2.28024,2.309989,2.332739,2.351989,2.365989,2.376488,2.376488,2.374739,2.372989,2.360739,2.346739,2.325739,2.301239,2.27849,2.248739,2.21724,2.189239,2.15949,2.13149,2.10174,2.070241,2.042241,2.01599,1.987991,1.96699,1.947741,1.933741,1.917991,1.907491,1.898741,1.896991,1.895241,1.898741,1.905741,1.921491,1.945991,1.97224,2.00899,2.05099,2.103491,2.16299,2.234739,2.313489,2.406239,2.511239,2.623238,2.752738,2.894487,3.044986,3.211235,3.384485,3.573484,3.776483,3.984732,4.192981,4.40998,4.632228,4.849227,5.055726,5.258726,5.452975,5.626225,5.781974,5.925473,6.040972,6.138973,6.198471,6.240471,6.257971,6.254471,6.229972,6.191472,6.138973,6.079473,6.005972,5.928974,5.844973,5.767973,5.690975,5.617474,5.557974,5.508974,5.463476,5.428476,5.400475,5.386476,5.382974,5.386477,5.407475,5.442476,5.494976,5.554474,5.627974,5.708474,5.806474,5.914973,6.040973,6.173973,6.331471,6.499471,6.681469,6.87047,7.073468,7.293968,7.517967,7.755964,8.014964,8.287964,8.571463,8.858461,9.155958,9.477956,9.799957,10.125456,10.471953,10.828952,11.199951,11.574448,11.948947,12.340943,12.73294,13.124942,13.523937,13.929937,14.328938,14.741934,15.140931,15.553929,15.959929,16.372927,16.764925,,10,30,0,0
0.264248,0.251998,0.239748,0.230998,0.222249,0.212624,0.207811,0.200374,0.196436,0.190967,0.185499,0.182655,0.177077,0.175436,0.172155,0.169967,0.168327,0.166468,0.164389,0.161983,0.161108,0.160671,0.159796,0.159358,0.158483,0.158593,0.158811,0.158593,0.158811,0.158046,0.159358,0.160014,0.160233,0.161655,0.163296,0.164936,0.166468,0.168546,0.170077,0.172483,0.174999,0.178061,0.181671,0.185171,0.189546,0.19403,0.197967,0.204092,0.210217,0.216452,0.224327,0.23242,0.241827,0.251998,0.262608,0.274092,0.287436,0.301545,0.316857,0.333701,0.352404,0.371763,0.39342,0.41617,0.440341,0.465716,0.493388,0.522372,0.553216,0.585153,0.618622,0.652528,0.687418,0.722965,0.759715,0.79734,0.835402,0.874777,0.915245,0.957683,1.000339,1.044526,1.091557,1.142744,1.198307,1.258463,1.326494,1.404806,1.494055,1.594242,1.706679,1.838366,1.986241,2.149427,2.328802,2.527863,2.7383,2.953111,3.170986,3.38711,3.592734,3.778233,3.938357,4.067856,4.166731,4.226231,4.243731,4.221856,4.161481,4.067856,3.940982,3.789608,3.619858,3.439609,3.254985,3.065986,2.879611,2.694988,2.515613,2.346739,2.188365,2.039615,1.903116,1.780617,1.668617,1.567117,1.473493,1.388618,1.312493,1.243369,1.181244,1.12437,1.07712,1.03337,0.993995,0.95812,0.92487,0.89512,0.867121,0.842621,0.819871,0.798871,0.781371,0.763871,0.747246,0.731496,0.716621,0.705246,0.691246,0.681622,0.672872,0.664122,0.657122,0.649247,0.643997,0.638747,0.635247,0.631747,0.628247,0.628247,0.627372,0.628247,0.629997,0.630872,0.631747,0.633497,0.636122,0.639621,0.643122,0.645746,0.650996,0.656246,0.659746,0.664122,0.669371,0.673747,0.677246,0.682496,0.687747,0.691247,0.696496,0.698246,0.702621,0.706121,0.706121,0.707871,0.706122,0.708747,0.706996,0.705246,0.702621,0.700871,0.697372,0.692121,0.687747,0.683371,0.678996,0.674621,0.669371,0.664121,0.660621,0.654497,0.650996,0.646622,0.643122,0.639622,0.638747,0.636997,0.636997,0.636122,0.636997,0.637872,0.640497,0.643122,0.647497,0.654496,0.661496,0.669372,0.678997,0.687747,0.700872,0.714871,0.730621,0.748996,0.769121,0.793621,0.818996,0.846996,0.879371,0.915246,0.95287,0.99487,1.04212,1.09287,1.14712,1.204869,1.264369,1.329994,1.396493,1.463868,1.531243,1.603867,1.671242,1.737742,1.799867,1.862866,1.919741,1.967866,2.01424,2.05624,2.09299,2.125365,2.15424,2.18049,2.205865,2.22774,2.250489,2.274989,2.302114,2.330114,2.364239,2.404489,2.449988,2.497238,2.554988,2.617988,2.691488,2.770237,2.857737,2.957487,3.065985,3.184985,3.309235,3.443984,3.592733,3.748483,3.914732,4.091481,4.28223,4.48698,4.698729,4.920978,5.155477,5.403976,5.659474,5.930723,6.214222,6.51697,6.824969,7.141718,7.472466,7.811965,8.161964,8.522461,8.89346,9.271458,9.670456,10.072955,10.475452,10.898951,11.322449,11.752946,12.186945,12.634943,13.089941,13.548439,14.006936,14.465435,14.930932,15.39993,15.854928,16.309928,16.778926,17.219922,17.66792,18.129918,18.570916,18.997916,19.424912,19.844912,,15,5,0,0
0.251998,0.239748,0.230998,0.221374,0.212624,0.204749,0.197749,0.192061,0.185936,0.179811,0.176749,0.169749,0.167343,0.166249,0.159905,0.157718,0.157061,0.153999,0.151374,0.150499,0.150499,0.148093,0.147436,0.147655,0.147218,0.146233,0.146999,0.145358,0.145905,0.145686,0.146124,0.147218,0.147655,0.148749,0.149733,0.150718,0.152686,0.153999,0.15553,0.15728,0.159249,0.162202,0.165483,0.168217,0.172155,0.176202,0.179921,0.184405,0.189436,0.195233,0.201795,0.208905,0.216999,0.225748,0.235155,0.245217,0.256811,0.268951,0.282295,0.297389,0.313904,0.331514,0.350435,0.37056,0.392435,0.416279,0.441107,0.467685,0.496341,0.526638,0.558138,0.590731,0.62409,0.658981,0.695293,0.73084,0.768027,0.806746,0.847215,0.887902,0.93012,0.973214,1.019151,1.067276,1.119119,1.173807,1.237244,1.307244,1.383806,1.47043,1.567555,1.679992,1.806429,1.946866,2.103928,2.281114,2.471864,2.673988,2.886174,3.102736,3.321485,3.528859,3.721358,3.895482,4.044231,4.162356,4.241981,4.28223,4.28398,4.247231,4.174606,4.066106,3.931357,3.779108,3.611984,3.432609,3.247985,3.060736,2.871737,2.687113,2.512988,2.347614,2.191865,2.04924,1.917116,1.797241,1.686992,1.582867,1.492743,1.409618,1.334369,1.267869,1.209244,1.156745,1.110369,1.067495,1.02812,0.99312,0.96162,0.930995,0.904746,0.881996,0.860996,0.839996,0.822496,0.804121,0.788371,0.772621,0.758621,0.745496,0.733246,0.723621,0.713996,0.706121,0.697371,0.689496,0.683371,0.678121,0.673746,0.671121,0.668496,0.667622,0.666747,0.667621,0.667622,0.668496,0.670246,0.670246,0.673747,0.675496,0.678997,0.681622,0.685121,0.689496,0.692121,0.695622,0.699997,0.704371,0.706997,0.712246,0.716621,0.719246,0.721872,0.724496,0.727121,0.727121,0.728871,0.729746,0.728871,0.728871,0.727121,0.722746,0.720121,0.716621,0.713996,0.707871,0.703497,0.698246,0.694747,0.688621,0.683372,0.678121,0.673747,0.668497,0.664997,0.661497,0.658872,0.656246,0.655372,0.652747,0.652747,0.653622,0.654497,0.656246,0.659746,0.664121,0.669372,0.674621,0.683371,0.691246,0.701747,0.713121,0.727122,0.741121,0.760371,0.780496,0.802371,0.827746,0.853996,0.88637,0.918745,0.95637,0.99837,1.044745,1.091995,1.14537,1.201369,1.260869,1.322119,1.385118,1.449868,1.515493,1.581993,1.647617,1.707992,1.768366,1.825241,1.875116,1.922366,1.96524,2.004615,2.039616,2.070241,2.09824,2.125365,2.149865,2.172615,2.19449,2.22074,2.24699,2.279364,2.311739,2.351114,2.395739,2.442989,2.497238,2.560238,2.628488,2.705487,2.791238,2.887487,2.990737,3.102736,3.219985,3.349484,3.489483,3.639983,3.800983,3.970732,4.156231,4.35048,4.556979,4.772228,4.997977,5.239476,5.496725,5.760974,6.044473,6.340222,6.64297,6.959719,7.285217,7.622967,7.979963,8.340462,8.71146,9.092959,9.498958,9.904955,10.321453,10.737951,11.178951,11.616448,12.060945,12.515944,12.991942,13.46444,13.929937,14.402436,14.874933,15.34393,15.826928,16.281928,16.757925,17.226924,17.70292,18.15792,18.598914,19.046914,19.487912,,15,5,0,0
0.216124,0.202999,0.191624,0.182436,0.171499,0.160999,0.154436,0.148093,0.14328,0.135296,0.131577,0.127311,0.12239,0.118233,0.116155,0.113093,0.109593,0.108827,0.107187,0.105437,0.103796,0.104124,0.102921,0.102155,0.101171,0.10128,0.10169025,0.102155,0.102155,0.102921,0.103796,0.104452,0.10664,0.10828,0.110249,0.112327,0.115499,0.11889,0.121405,0.124468,0.128515,0.13278,0.137374,0.142624,0.148421,0.154874,0.161983,0.169749,0.177952,0.187249,0.198186,0.209999,0.222467,0.236467,0.25167,0.26753,0.285358,0.30417,0.325389,0.348357,0.372529,0.399654,0.427544,0.457732,0.489779,0.523466,0.559778,0.597075,0.637106,0.678559,0.720559,0.763434,0.807402,0.852027,0.896652,0.94062,0.984808,1.030307,1.074495,1.118901,1.163307,1.2099,1.255619,1.303306,1.354056,1.409618,1.47218,1.543055,1.623992,1.717617,1.823929,1.946866,2.087303,2.250489,2.433801,2.638113,2.863862,3.107111,3.365234,3.629483,3.899857,4.165856,4.41873,4.648854,4.852728,5.025977,5.158101,5.238601,5.272725,5.256976,5.193976,5.083727,4.933227,4.754728,4.553479,4.336481,4.103731,3.869232,3.627733,3.389734,3.160485,2.939986,2.729987,2.540988,2.364239,2.19799,2.04399,1.902241,1.774492,1.657242,1.550493,1.454243,1.368493,1.291494,1.219744,1.158494,1.100745,1.049995,1.002745,0.962495,0.922246,0.888995,0.859246,0.831246,0.804996,0.782246,0.759496,0.736746,0.719246,0.699996,0.685996,0.668496,0.657997,0.645747,0.633497,0.624747,0.614247,0.607247,0.600247,0.596747,0.593247,0.589747,0.587997,0.587997,0.586247,0.586247,0.589747,0.587997,0.591497,0.594997,0.598497,0.601997,0.607247,0.612497,0.615997,0.621247,0.626497,0.633497,0.636997,0.643996,0.650997,0.656247,0.661497,0.666746,0.671997,0.675497,0.678997,0.684246,0.687746,0.689496,0.691247,0.692996,0.692996,0.691247,0.689496,0.685997,0.682496,0.678997,0.675497,0.668497,0.664997,0.656246,0.650997,0.643997,0.635246,0.629997,0.622997,0.617747,0.612497,0.607247,0.601997,0.598497,0.596747,0.594997,0.593247,0.594997,0.594997,0.596747,0.600247,0.605497,0.608997,0.617747,0.624747,0.635246,0.647497,0.661497,0.675497,0.691247,0.710496,0.731496,0.755996,0.783996,0.813746,0.846996,0.885496,0.923995,0.967745,1.016745,1.069245,1.126994,1.188244,1.254744,1.326494,1.401744,1.478743,1.560992,1.644992,1.727242,1.814741,1.900491,1.980991,2.05799,2.12974,2.19974,2.26099,2.309989,2.357239,2.395739,2.428989,2.453489,2.477989,2.497238,2.519988,2.540989,2.561988,2.588237,2.619738,2.658238,2.700238,2.752737,2.817487,2.889237,2.969737,3.064236,3.163986,3.275985,3.400235,3.536734,3.687233,3.844732,4.019732,4.20873,4.40473,4.616479,4.842228,5.078477,5.333976,5.603475,5.881724,6.179222,6.483721,6.805719,7.136468,7.482966,7.846964,8.217963,8.602962,9.005461,9.414959,9.831456,10.265453,10.713452,11.168451,11.637448,12.109945,12.596444,13.10044,13.604438,14.118937,14.636935,15.151432,15.679928,16.204929,16.736927,17.254922,17.77992,18.290918,18.808918,19.305912,19.809912,,15,5,0,0
0.217874,0.209124,0.197749,0.184186,0.171499,0.162311,0.154874,0.147436,0.141093,0.136608,0.12928,0.123265,0.118452,0.115827,0.11178,0.108608,0.10664,0.10478,0.102265,0.102483,0.099530808,0.098765184,0.097671448,0.09734332,0.097999568,0.097562072,0.09734332,0.097780816,0.098218312,0.09887456,0.100296,0.101827,0.104015,0.106202,0.107843,0.111124,0.113858,0.11703,0.120202,0.123921,0.128186,0.133546,0.139015,0.144921,0.151593,0.158921,0.166577,0.175327,0.184842,0.195999,0.207702,0.221264,0.235483,0.251342,0.268186,0.286123,0.306358,0.328123,0.351092,0.376248,0.404029,0.433123,0.463857,0.496888,0.530903,0.567106,0.605169,0.64334,0.683918,0.724715,0.766496,0.807621,0.849402,0.889871,0.929902,0.968183,1.006245,1.043651,1.080838,1.116057,1.151713,1.188025,1.224338,1.263494,1.305056,1.352743,1.409181,1.473493,1.549618,1.63843,1.741242,1.861991,2.003303,2.166052,2.348489,2.554988,2.782925,3.027486,3.28561,3.555109,3.826357,4.094106,4.346105,4.577979,4.781853,4.954228,5.082852,5.162477,5.194852,5.176476,5.107352,4.992727,4.842228,4.660229,4.45723,4.238481,4.005731,3.769483,3.529734,3.291735,3.062486,2.843737,2.635488,2.446489,2.269739,2.10524,1.954741,1.814741,1.686992,1.571493,1.466493,1.370243,1.286244,1.209244,1.140994,1.079745,1.025495,0.972995,0.927495,0.887246,0.852246,0.818996,0.790996,0.762996,0.740246,0.717496,0.698246,0.677246,0.659747,0.642247,0.628247,0.615997,0.603747,0.593247,0.582747,0.573997,0.566997,0.559997,0.554747,0.551247,0.549497,0.547747,0.547747,0.545997,0.545997,0.547747,0.549497,0.551247,0.554747,0.558247,0.561747,0.565247,0.572247,0.575747,0.579247,0.586247,0.591497,0.594997,0.601997,0.608997,0.614247,0.619497,0.624747,0.629997,0.633497,0.636997,0.642247,0.645746,0.647496,0.650997,0.652747,0.650997,0.652747,0.650997,0.649247,0.647496,0.643996,0.640497,0.636997,0.633497,0.628247,0.621247,0.615997,0.612497,0.605497,0.600247,0.596747,0.591497,0.587997,0.586247,0.584497,0.580997,0.580997,0.579247,0.580997,0.582747,0.584497,0.589747,0.596747,0.601997,0.610747,0.619497,0.629997,0.643996,0.656246,0.671996,0.689496,0.708746,0.733246,0.757746,0.785746,0.815496,0.852246,0.890746,0.929245,0.979995,1.030745,1.086745,1.146244,1.210994,1.282744,1.359743,1.440243,1.524242,1.613492,1.704492,1.798991,1.893491,1.98624,2.07899,2.16474,2.24699,2.323989,2.392239,2.453489,2.504238,2.546238,2.581238,2.609238,2.633738,2.654738,2.673987,2.694988,2.714237,2.740487,2.771987,2.806987,2.854237,2.908487,2.976736,3.051986,3.142986,3.242735,3.356484,3.480735,3.620733,3.771233,3.935732,4.121231,4.31723,4.525479,4.749478,4.989227,5.248226,5.512475,5.799474,6.109223,6.431221,6.76372,7.115467,7.479467,7.857465,8.252963,8.665961,9.085959,9.530456,9.988955,10.447453,10.926951,11.413449,11.913946,12.431944,12.960441,13.49594,14.045438,14.591434,15.161929,15.735928,16.316928,16.890922,17.47192,18.03892,18.612918,19.179912,19.74691,20.306908,20.859906,21.405906,21.9379,22.462898,,15,5,0,0
0.224873,0.214374,0.202124,0.190311,0.181561,0.170624,0.163405,0.15728,0.148749,0.143499,0.138577,0.134093,0.12939,0.123921,0.121843,0.11878,0.115499,0.11528,0.112765,0.111015,0.10839,0.108827,0.107952,0.107706,0.106968,0.107077,0.107296,0.107542,0.107952,0.107843,0.109265,0.11003,0.111561,0.113312,0.116374,0.118343,0.120421,0.124468,0.126327,0.130046,0.134749,0.138249,0.143061,0.149296,0.155311,0.161108,0.169093,0.176639,0.184405,0.194577,0.205514,0.216452,0.229795,0.243686,0.258014,0.274639,0.293123,0.311717,0.333373,0.356123,0.380623,0.40731,0.436294,0.466263,0.498419,0.532981,0.569513,0.606481,0.647497,0.68884,0.729965,0.77459,0.818558,0.863183,0.908683,0.953089,0.996401,1.041901,1.086745,1.130057,1.174026,1.219525,1.264369,1.310306,1.361494,1.414431,1.475243,1.544805,1.62268,1.712367,1.817804,1.937678,2.074178,2.231677,2.408864,2.605738,2.824924,3.058986,3.303985,3.561234,3.818483,4.066981,4.305855,4.522854,4.707479,4.861478,4.976977,5.044352,5.065352,5.041727,4.968228,4.856228,4.708354,4.528104,4.333855,4.123856,3.902482,3.675858,3.448359,3.22436,3.006486,2.799112,2.601363,2.421114,2.25399,2.09824,1.954741,1.821742,1.700992,1.589867,1.488368,1.397368,1.316869,1.245119,1.178619,1.119119,1.06487,1.01762,0.97387,0.934495,0.898621,0.867995,0.839996,0.812871,0.789246,0.767371,0.746371,0.727121,0.709621,0.693871,0.677246,0.665872,0.652747,0.642247,0.632621,0.624747,0.617747,0.609872,0.605497,0.601122,0.598497,0.595872,0.594122,0.594997,0.59565325,0.596747,0.596747,0.597622,0.600247,0.603747,0.606372,0.609872,0.615997,0.619497,0.622122,0.628247,0.630872,0.636122,0.641371,0.646622,0.651871,0.657122,0.662372,0.664122,0.668496,0.671997,0.673746,0.677246,0.680747,0.682497,0.684246,0.682496,0.683371,0.682496,0.681621,0.678997,0.675497,0.675496,0.671997,0.667622,0.664996,0.659747,0.653622,0.650996,0.644872,0.640497,0.636997,0.634372,0.629997,0.627372,0.624747,0.622997,0.621247,0.622122,0.622997,0.623871,0.628247,0.630872,0.636997,0.642247,0.650997,0.657997,0.667622,0.678122,0.692121,0.706121,0.723621,0.742871,0.763871,0.787496,0.812871,0.842621,0.875871,0.911746,0.951995,0.997495,1.04387,1.098119,1.156744,1.219744,1.286244,1.360618,1.437618,1.518992,1.607368,1.697492,1.791992,1.885616,1.981866,2.07549,2.167365,2.258364,2.340614,2.421989,2.494613,2.556738,2.613613,2.663488,2.702862,2.738737,2.772862,2.805237,2.834987,2.864737,2.903237,2.939987,2.983736,3.032736,3.090486,3.163986,3.240985,3.335484,3.435234,3.550734,3.676733,3.814982,3.967231,4.129981,4.31198,4.50623,4.712729,4.936728,5.174727,5.426725,5.694474,5.979723,6.278972,6.597471,6.933469,7.278216,7.640466,8.018464,8.410462,8.816459,9.236458,9.666956,10.114955,10.569953,11.04245,11.525449,12.022446,12.536944,13.051442,13.583439,14.129436,14.668434,15.23193,15.763928,16.330928,16.904924,17.464922,18.031918,18.612916,19.165912,19.71891,20.27891,20.831908,21.370906,21.902902,22.434898,,15,5,0,0
0.204749,0.197749,0.186374,0.178499,0.170624,0.160561,0.155311,0.148093,0.14503,0.141421,0.134311,0.130811,0.127093,0.126546,0.122171,0.120093,0.118343,0.116593,0.116593,0.113421,0.113202,0.111671,0.109812,0.110468,0.109702,0.109155,0.109593,0.110687,0.109702,0.110796,0.111999,0.111452,0.113421,0.115608,0.116702,0.118015,0.119874,0.12228,0.124468,0.127311,0.130046,0.133327,0.137811,0.141421,0.145249,0.150499,0.155968,0.161546,0.16778,0.175327,0.183202,0.191733,0.201795,0.211858,0.223123,0.23592,0.248936,0.263155,0.279123,0.296623,0.31467,0.335342,0.357326,0.379748,0.404904,0.431591,0.458826,0.488575,0.521278,0.553216,0.588762,0.625294,0.662262,0.699996,0.739152,0.778527,0.818777,0.861433,0.903652,0.946964,0.991589,1.036432,1.083245,1.13312,1.1854,1.240525,1.303525,1.371118,1.447243,1.532993,1.630992,1.740367,1.864179,2.005053,2.15949,2.332739,2.521738,2.720362,2.930361,3.147361,3.362609,3.567358,3.765108,3.940107,4.090606,4.214856,4.304106,4.35398,4.36973,4.34698,4.283981,4.190356,4.067856,3.921732,3.762483,3.591858,3.410734,3.22611,3.041486,2.857737,2.679238,2.509488,2.346739,2.19799,2.058865,1.931116,1.810366,1.699242,1.597743,1.504118,1.418368,1.340494,1.271369,1.210119,1.153244,1.10162,1.053495,1.01237,0.97212,0.937995,0.905621,0.876745,0.851371,0.828621,0.807621,0.784871,0.765621,0.748121,0.731496,0.714871,0.701746,0.688621,0.677246,0.668497,0.657122,0.649247,0.641371,0.633497,0.628247,0.623872,0.620372,0.617747,0.615997,0.614247,0.614247,0.614247,0.613372,0.613372,0.615122,0.619497,0.620372,0.622997,0.627372,0.630872,0.633496,0.636997,0.641372,0.644872,0.650121,0.654496,0.659746,0.664121,0.668497,0.671996,0.675497,0.678997,0.681622,0.684247,0.688622,0.689496,0.691247,0.692121,0.692121,0.691246,0.690372,0.686871,0.685996,0.682496,0.679871,0.676372,0.671121,0.667621,0.661497,0.657122,0.650121,0.644871,0.640497,0.636122,0.630872,0.626497,0.622997,0.619497,0.616872,0.615122,0.613372,0.613372,0.614247,0.615122,0.616872,0.622122,0.625622,0.630872,0.636997,0.644872,0.654497,0.666746,0.678997,0.692997,0.707871,0.728871,0.747246,0.771746,0.797996,0.825996,0.859246,0.89512,0.932745,0.976495,1.02462,1.074495,1.126995,1.186494,1.249494,1.315994,1.388618,1.462118,1.538243,1.616992,1.696617,1.774492,1.850616,1.928491,1.999366,2.067615,2.13149,2.188365,2.23824,2.284614,2.323114,2.355489,2.388739,2.417614,2.445613,2.473613,2.502489,2.529613,2.562863,2.602238,2.644237,2.694988,2.754487,2.819237,2.892736,2.974987,3.067735,3.163985,3.272484,3.393234,3.522734,3.662733,3.816733,3.977731,4.154481,4.34348,4.541229,4.754728,4.980477,5.221976,5.470475,5.738224,6.011222,6.303472,6.60622,6.919468,7.243217,7.584465,7.934463,8.298462,8.669461,9.057959,9.449957,9.866455,10.282954,10.720452,11.161449,11.619947,12.078446,12.547445,13.033941,13.513439,13.999938,14.493435,14.983434,15.44893,15.945928,16.449925,16.925926,17.429922,17.91992,18.402918,,15,5,0,0
0.259873,0.249373,0.237998,0.226186,0.215686,0.206936,0.198186,0.191186,0.183967,0.179811,0.174452,0.169311,0.164171,0.16078,0.156514,0.152577,0.149624,0.147874,0.145905,0.144046,0.143608,0.141421,0.140108,0.140327,0.139999,0.138686,0.138905,0.138577,0.138577,0.139343,0.13989,0.140218,0.141311,0.143171,0.144374,0.14678,0.148311,0.150171,0.152686,0.155311,0.158702,0.162202,0.166249,0.170077,0.175436,0.180577,0.186374,0.192389,0.19917,0.207045,0.215467,0.224983,0.235373,0.246858,0.259217,0.272561,0.286779,0.302748,0.320248,0.339826,0.36006,0.38292,0.40731,0.433888,0.461888,0.491857,0.524997,0.559997,0.597731,0.637106,0.679762,0.724496,0.77109,0.819652,0.871058,0.924652,0.980433,1.038401,1.098338,1.161338,1.225869,1.293025,1.361712,1.433681,1.510243,1.590305,1.676492,1.769242,1.871179,1.982303,2.102615,2.236927,2.386114,2.553676,2.7383,2.943487,3.16836,3.412484,3.669733,3.937482,4.213106,4.489604,4.761729,5.017227,5.252601,5.465225,5.641974,5.780223,5.867723,5.916724,5.916723,5.867723,5.773224,5.641974,5.486225,5.297226,5.085477,4.857978,4.619979,4.37498,4.128231,3.890232,3.657483,3.440484,3.232236,3.036236,2.854236,2.680988,2.523488,2.376489,2.243489,2.12099,2.012491,1.912741,1.821741,1.741242,1.664242,1.597742,1.532993,1.478743,1.427993,1.380743,1.340494,1.301994,1.266994,1.231994,1.200494,1.170744,1.142744,1.118245,1.095495,1.072745,1.053495,1.034245,1.018495,1.000995,0.985245,0.972995,0.958995,0.948495,0.941496,0.932745,0.925745,0.920495,0.915245,0.909996,0.906496,0.902995,0.902995,0.902995,0.902995,0.904746,0.906496,0.908245,0.908245,0.911745,0.915245,0.918745,0.923995,0.929245,0.932745,0.937995,0.943245,0.946745,0.951995,0.957245,0.962495,0.965995,0.971245,0.976495,0.979995,0.981745,0.983495,0.985245,0.985245,0.985245,0.985245,0.981745,0.981745,0.978245,0.972995,0.969495,0.962495,0.955495,0.946745,0.941495,0.932745,0.925745,0.918745,0.909995,0.902995,0.895995,0.887246,0.881996,0.876745,0.873246,0.869746,0.866246,0.862746,0.862746,0.862746,0.862746,0.866245,0.869746,0.874996,0.878495,0.887246,0.895995,0.906496,0.920495,0.932745,0.951995,0.971245,0.993995,1.021995,1.049995,1.079745,1.116494,1.156744,1.200494,1.247744,1.300244,1.359743,1.419244,1.487493,1.555743,1.634492,1.714992,1.795491,1.879491,1.968741,2.05799,2.14724,2.232989,2.316989,2.397489,2.474489,2.540988,2.605738,2.661737,2.714237,2.759737,2.796487,2.831487,2.859487,2.883987,2.906737,2.929486,2.950487,2.978486,3.006486,3.037986,3.074736,3.114986,3.160486,3.212985,3.272485,3.340734,3.415984,3.498234,3.589234,3.690733,3.797483,3.916482,4.042482,4.178981,4.32598,4.48348,4.653229,4.831728,5.020727,5.216726,5.428475,5.648975,5.881724,6.121471,6.376972,6.639469,6.915968,7.202969,7.493466,7.797965,8.116463,8.441961,8.774461,9.117459,9.470958,9.838456,10.205953,10.583953,10.965451,11.357449,11.749447,12.148447,12.554445,12.977942,13.38744,13.803938,14.202935,14.629933,,22.5,7.5,0,0
0.263373,0.251998,0.240623,0.225748,0.216999,0.210874,0.200374,0.195999,0.188124,0.180467,0.174889,0.170296,0.16603,0.162421,0.159468,0.156624,0.153999,0.151046,0.149186,0.147655,0.144483,0.143389,0.141421,0.140436,0.139452,0.139015,0.139561,0.138468,0.138905,0.138905,0.138249,0.138358,0.139999,0.140874,0.14164,0.142952,0.144264,0.145577,0.147218,0.149733,0.151483,0.154436,0.157061,0.160999,0.163514,0.167452,0.171717,0.17653,0.181889,0.18703,0.193483,0.200155,0.208577,0.216452,0.225748,0.235045,0.24642,0.258014,0.270592,0.284483,0.300014,0.317404,0.335232,0.354373,0.375373,0.398013,0.422841,0.449201,0.477201,0.507497,0.539872,0.573888,0.609325,0.647715,0.688403,0.729965,0.773496,0.820965,0.870402,0.922902,0.975401,1.030526,1.08937,1.151276,1.21515,1.282963,1.356462,1.435431,1.520743,1.611305,1.711492,1.822616,1.942491,2.075053,2.223365,2.390051,2.569425,2.7628,2.969736,3.191111,3.417734,3.645233,3.870982,4.094981,4.30498,4.49223,4.654104,4.789728,4.890353,4.950728,4.970852,4.955103,4.904353,4.817729,4.703978,4.565729,4.40823,4.229731,4.040731,3.844732,3.648733,3.452734,3.258485,3.078236,2.904987,2.742237,2.586488,2.441239,2.306489,2.18224,2.06499,1.959991,1.870741,1.783241,1.704492,1.634492,1.569742,1.513742,1.455993,1.408743,1.364993,1.324744,1.289744,1.256494,1.224994,1.196994,1.168994,1.144495,1.119994,1.097245,1.076245,1.056995,1.037745,1.023745,1.006245,0.990496,0.978245,0.965995,0.953745,0.944995,0.936246,0.925745,0.920495,0.915245,0.908245,0.902996,0.901245,0.897746,0.894246,0.894246,0.894246,0.894246,0.894246,0.894246,0.895995,0.899496,0.899496,0.902995,0.906496,0.909995,0.911746,0.916996,0.920495,0.923995,0.929245,0.932745,0.932745,0.939745,0.944995,0.948495,0.950245,0.951995,0.955495,0.957245,0.957245,0.958995,0.958995,0.958995,0.957245,0.953745,0.951995,0.948495,0.944995,0.937995,0.932745,0.927495,0.920495,0.916995,0.908245,0.902996,0.895995,0.888995,0.883745,0.878495,0.873246,0.873246,0.867996,0.864496,0.860995,0.859246,0.860996,0.859246,0.862746,0.864496,0.867996,0.874996,0.881996,0.888995,0.897745,0.911746,0.925745,0.939745,0.957245,0.981745,1.006245,1.032495,1.062245,1.097245,1.135745,1.175995,1.221494,1.272244,1.326494,1.387743,1.452493,1.520743,1.594243,1.672992,1.755242,1.839241,1.924991,2.01774,2.10524,2.19624,2.28374,2.369489,2.449988,2.526988,2.596988,2.663488,2.728237,2.778987,2.829736,2.873487,2.915487,2.948736,2.983737,3.013486,3.046736,3.081736,3.116736,3.156985,3.198985,3.244485,3.291735,3.344235,3.403734,3.471984,3.547234,3.624234,3.713483,3.807982,3.909482,4.016231,4.129981,4.25773,4.39248,4.53248,4.682978,4.842228,5.010227,5.181726,5.367226,5.556225,5.762724,5.972723,6.191471,6.418971,6.65697,6.901969,7.150468,7.409467,7.682464,7.958965,8.242464,8.536461,8.844461,9.152459,9.467457,9.782455,10.114956,10.454452,10.793952,11.13345,11.483448,11.850947,12.214945,12.578945,12.949942,13.327939,,22.5,7.5,0,0
0.287873,0.275623,0.264248,0.252873,0.239748,0.228373,0.219624,0.212186,0.20453,0.200374,0.194467,0.19053,0.183967,0.179921,0.176092,0.173467,0.172046,0.169639,0.166249,0.165264,0.163843,0.161327,0.16253,0.160999,0.160452,0.161327,0.159905,0.160452,0.161436,0.161874,0.162311,0.164389,0.166686,0.168108,0.171717,0.173467,0.176092,0.18003,0.183749,0.186921,0.192061,0.19753,0.20278,0.209233,0.216124,0.222795,0.230998,0.240514,0.249811,0.261295,0.273217,0.286779,0.301436,0.317951,0.334686,0.353389,0.374717,0.397466,0.420873,0.448654,0.477638,0.508372,0.542716,0.579466,0.617747,0.660622,0.705793,0.75184,0.803465,0.857933,0.914808,0.974526,1.037307,1.102495,1.169213,1.23965,1.309869,1.383806,1.462118,1.540868,1.621367,1.707554,1.795929,1.886929,1.985803,2.08949,2.20324,2.328364,2.465301,2.614925,2.781612,2.969736,3.17536,3.406359,3.659233,3.935732,4.234105,4.552604,4.882478,5.219352,5.559725,5.885223,6.196721,6.485471,6.735719,6.947469,7.117218,7.230967,7.283467,7.288717,7.227468,7.113718,6.949219,6.742719,6.508221,6.247472,5.962223,5.661224,5.358476,5.052227,4.749479,4.457229,4.178981,3.919982,3.676733,3.450984,3.237485,3.041486,2.861237,2.694988,2.542738,2.402739,2.281989,2.16824,2.066741,1.973991,1.889991,1.812991,1.742992,1.678242,1.620492,1.569743,1.520743,1.478743,1.438493,1.398243,1.364993,1.329994,1.296744,1.266994,1.238994,1.216244,1.191744,1.170744,1.149744,1.132244,1.114745,1.098995,1.084995,1.072745,1.063995,1.055245,1.049995,1.041245,1.035995,1.034245,1.030745,1.027245,1.027245,1.025495,1.027245,1.030745,1.032495,1.035995,1.041245,1.044745,1.046494,1.051745,1.060495,1.063995,1.072745,1.079745,1.084995,1.090245,1.095494,1.102495,1.104245,1.111245,1.118245,1.119994,1.125244,1.126994,1.128745,1.130495,1.128744,1.126995,1.125244,1.125244,1.121745,1.114744,1.109495,1.102494,1.091995,1.083244,1.069245,1.060495,1.051745,1.041245,1.030745,1.021995,1.011495,1.002745,0.993995,0.985245,0.976495,0.971245,0.967745,0.964245,0.962495,0.960745,0.960745,0.958995,0.958995,0.965995,0.967745,0.976495,0.985245,0.995745,1.009745,1.023745,1.041245,1.060495,1.083244,1.109495,1.140995,1.174244,1.210994,1.251244,1.298494,1.345744,1.398243,1.457743,1.522493,1.590743,1.665992,1.741241,1.826991,1.914491,2.005491,2.09649,2.19099,2.28724,2.378239,2.470989,2.560238,2.640738,2.719488,2.789487,2.850737,2.903237,2.952236,2.995986,3.030986,3.060735,3.085236,3.104486,3.125486,3.142986,3.160485,3.181485,3.207735,3.237485,3.270735,3.309235,3.349484,3.398484,3.454484,3.513985,3.585733,3.667983,3.753733,3.851732,3.956731,4.068731,4.189481,4.32423,4.465979,4.61648,4.782729,4.959478,5.139726,5.332225,5.535224,5.743473,5.967473,6.198473,6.436471,6.68847,6.950969,7.216967,7.496967,7.794464,8.095463,8.399962,8.728962,9.050959,9.390458,9.740456,10.090454,10.454453,10.825451,11.196449,11.570948,11.948945,12.326944,12.718942,13.114443,13.481938,13.873936,14.272937,,22.5,7.5,0,0
0.251123,0.235373,0.222249,0.210436,0.192936,0.185936,0.174999,0.163405,0.156405,0.151374,0.140764,0.137155,0.133218,0.12589,0.121733,0.121077,0.115827,0.112874,0.112874,0.108827,0.106093,0.105546,0.10478,0.102374,0.103796,0.104999,0.10453425,0.104562,0.10478,0.103687,0.105655,0.107843,0.108608,0.110687,0.114405,0.115608,0.118671,0.122718,0.124796,0.12928,0.134749,0.138249,0.143608,0.149843,0.156952,0.162311,0.171171,0.180249,0.188452,0.200264,0.211858,0.223342,0.238327,0.253311,0.269826,0.287983,0.308326,0.329654,0.352623,0.379092,0.406435,0.436513,0.468997,0.502904,0.540419,0.579466,0.621575,0.666528,0.712028,0.761246,0.812215,0.864714,0.918745,0.974308,1.031401,1.087182,1.145588,1.20465,1.261525,1.324087,1.383368,1.443306,1.509805,1.575867,1.64368,1.720679,1.804679,1.896116,2.001553,2.12274,2.252677,2.407551,2.586926,2.778987,2.998611,3.254985,3.520984,3.807983,4.125606,4.442355,4.759103,5.089852,5.395225,5.666474,5.930723,6.151223,6.310471,6.436471,6.50647,6.502971,6.455721,6.359471,6.194972,6.005973,5.792473,5.540475,5.276226,5.004978,4.719729,4.43973,4.164981,3.891982,3.638234,3.400234,3.176235,2.969736,2.775487,2.591739,2.430739,2.27674,2.13149,2.005491,1.891741,1.786741,1.695742,1.611742,1.529493,1.461243,1.399993,1.338744,1.287994,1.244244,1.200494,1.161994,1.125244,1.093745,1.060495,1.035995,1.007995,0.979995,0.960745,0.939745,0.920495,0.902995,0.888995,0.874996,0.860996,0.850496,0.839996,0.832996,0.827746,0.820746,0.818996,0.815496,0.813746,0.813746,0.815496,0.811996,0.813746,0.818996,0.822496,0.824246,0.831246,0.834745,0.838246,0.843496,0.850496,0.855746,0.862746,0.869746,0.874996,0.883745,0.888995,0.894246,0.897746,0.902995,0.908246,0.911745,0.915245,0.918745,0.918745,0.922245,0.923995,0.922245,0.920495,0.916996,0.915245,0.909995,0.906495,0.899496,0.892496,0.885495,0.876745,0.869746,0.860996,0.850496,0.843496,0.834745,0.829496,0.820746,0.813746,0.810246,0.801496,0.799746,0.796246,0.794496,0.794496,0.796246,0.797996,0.803246,0.806746,0.813746,0.822496,0.832996,0.843496,0.857496,0.874996,0.894246,0.913495,0.936246,0.964245,0.995745,1.028995,1.069245,1.111245,1.156744,1.209244,1.268744,1.331743,1.401743,1.475243,1.555743,1.643242,1.739492,1.837491,1.935491,2.04924,2.15949,2.26624,2.383489,2.493739,2.598738,2.700238,2.799987,2.876987,2.950486,3.018736,3.062486,3.099236,3.130735,3.149986,3.158735,3.176236,3.176235,3.176235,3.183236,3.190235,3.195486,3.214735,3.242735,3.270734,3.317985,3.375735,3.435234,3.508733,3.597984,3.690733,3.795733,3.923482,4.059982,4.201731,4.36798,4.546479,4.728478,4.933227,5.158976,5.377726,5.631475,5.900972,6.166972,6.45397,6.772469,7.080468,7.409466,7.766465,8.119963,8.480462,8.882959,9.281959,9.677457,10.114954,10.562952,10.99695,11.469449,11.959445,12.424944,12.928942,13.453939,13.943938,14.440935,14.986932,15.504931,16.022928,16.582927,17.093926,17.611918,18.16492,18.682918,19.179912,19.718912,,22.5,7.5,0,0
0.302748,0.292248,0.278248,0.266873,0.255498,0.245873,0.238873,0.231873,0.224873,0.217874,0.210874,0.208249,0.201249,0.197311,0.195561,0.191624,0.189436,0.185061,0.183311,0.182874,0.179374,0.178061,0.175436,0.175874,0.176311,0.174999,0.174124,0.173686,0.172811,0.172592,0.172811,0.172811,0.174342,0.17478,0.175655,0.177952,0.179264,0.180249,0.182108,0.183967,0.186155,0.188999,0.19228,0.195342,0.198842,0.20267,0.207045,0.211858,0.216999,0.222905,0.229358,0.237014,0.244998,0.253748,0.263373,0.273436,0.285576,0.298045,0.311936,0.328014,0.344639,0.363123,0.383029,0.404685,0.428529,0.453794,0.481794,0.511872,0.545669,0.580559,0.618184,0.658981,0.702403,0.748012,0.795808,0.846558,0.901027,0.958995,1.018714,1.08237,1.148432,1.217994,1.290619,1.36565,1.446368,1.532555,1.624867,1.721992,1.828741,1.943366,2.068928,2.205865,2.357239,2.525676,2.712925,2.920736,3.144735,3.391484,3.655733,3.932232,4.216606,4.507104,4.795853,5.073227,5.331351,5.564974,5.766224,5.927223,6.037473,6.100473,6.117972,6.081222,5.991973,5.864223,5.703224,5.510725,5.290225,5.048727,4.793228,4.534229,4.27173,4.016231,3.771232,3.541984,3.323235,3.118486,2.929486,2.754487,2.591738,2.444738,2.311739,2.19099,2.08424,1.987991,1.900491,1.821741,1.749992,1.683492,1.623992,1.571493,1.522493,1.478743,1.438493,1.403493,1.368494,1.335244,1.301994,1.273994,1.245994,1.219744,1.196994,1.174244,1.154994,1.133995,1.116494,1.098995,1.084995,1.070995,1.056995,1.044745,1.037745,1.028995,1.021995,1.014995,1.009745,1.006245,1.002745,0.999245,0.995745,0.995745,0.995745,0.997495,0.997495,0.997495,0.997495,0.997495,0.999245,1.000995,1.004495,1.006245,1.007995,1.011495,1.011495,1.014995,1.014995,1.014995,1.014995,1.014995,1.014995,1.013245,1.011495,1.006245,1.000995,0.997495,0.993995,0.986995,0.979995,0.972995,0.965995,0.957245,0.948495,0.941495,0.930995,0.923996,0.913495,0.904746,0.897745,0.890745,0.883745,0.878496,0.869746,0.864496,0.860996,0.857496,0.853996,0.852246,0.853995,0.855746,0.857496,0.860995,0.864496,0.869746,0.878496,0.887245,0.901245,0.915245,0.930995,0.950245,0.972995,0.995745,1.023745,1.058744,1.091995,1.133994,1.177745,1.224994,1.277494,1.333494,1.396493,1.461243,1.531243,1.601243,1.679992,1.756992,1.837491,1.917991,1.996741,2.07549,2.14899,2.22249,2.290739,2.353739,2.411489,2.462238,2.504238,2.544489,2.575988,2.602238,2.623238,2.640738,2.658238,2.673987,2.687988,2.703737,2.717737,2.733487,2.750987,2.773737,2.801737,2.836736,2.871736,2.917237,2.966236,3.018736,3.078235,3.144735,3.218236,3.298735,3.387985,3.484234,3.589234,3.702983,3.820232,3.947982,4.086231,4.23673,4.392479,4.560479,4.733729,4.919228,5.113477,5.311226,5.521225,5.745223,5.972723,6.208972,6.457469,6.71297,6.978968,7.255468,7.528466,7.822464,8.123464,8.427962,8.74296,9.064959,9.400957,9.736956,10.076455,10.419454,10.772951,11.133451,11.490448,11.850947,12.221945,12.596442,12.963941,13.334939,13.712937,14.090936,,22.5,7.5,0,0
0.341248,0.327248,0.313248,0.296623,0.286123,0.276498,0.265123,0.255498,0.244998,0.238873,0.231873,0.225748,0.217874,0.214811,0.207811,0.205624,0.201249,0.198186,0.196436,0.192499,0.189436,0.187686,0.185936,0.185061,0.184624,0.182874,0.181999,0.181999,0.182108,0.182217,0.182217,0.182874,0.183311,0.184186,0.185061,0.187905,0.189327,0.190967,0.193155,0.195233,0.198077,0.201905,0.205405,0.209452,0.213389,0.218749,0.223889,0.229467,0.23592,0.243248,0.251998,0.261076,0.27103,0.282186,0.29367,0.307451,0.321561,0.33742,0.355139,0.375045,0.396482,0.41956,0.444935,0.472826,0.502029,0.533966,0.568856,0.606262,0.647825,0.690809,0.736418,0.786184,0.836496,0.890527,0.946089,1.004714,1.066401,1.129401,1.194807,1.261744,1.331744,1.4024,1.474806,1.549618,1.62968,1.713679,1.803804,1.899178,2.004616,2.120553,2.248302,2.391364,2.552801,2.737863,2.946111,3.181485,3.443109,3.731858,4.047732,4.379355,4.723229,5.075852,5.428475,5.767973,6.079472,6.361221,6.60622,6.793469,6.917719,6.980719,6.982468,6.915969,6.788219,6.60797,6.389221,6.133722,5.846724,5.540475,5.220227,4.903477,4.58498,4.278731,3.986481,3.716983,3.463234,3.228735,3.013487,2.812237,2.630238,2.463988,2.313489,2.17874,2.05974,1.954741,1.856741,1.770992,1.692242,1.622242,1.555743,1.497993,1.447243,1.401744,1.357993,1.317744,1.282744,1.247744,1.216244,1.186494,1.158494,1.133995,1.111245,1.090245,1.070995,1.053495,1.039495,1.023745,1.011495,1.000995,0.988745,0.985245,0.978245,0.974745,0.971245,0.967745,0.967745,0.967745,0.965995,0.965996,0.967745,0.971245,0.974745,0.979995,0.983495,0.988745,0.992245,0.997495,1.000995,1.006245,1.011495,1.016745,1.020245,1.023745,1.028995,1.034245,1.032495,1.034245,1.032495,1.034245,1.032495,1.028995,1.025495,1.018495,1.013245,1.006245,0.997495,0.990495,0.981745,0.974745,0.964245,0.955495,0.944995,0.936246,0.927495,0.916995,0.909995,0.904745,0.897746,0.892496,0.887246,0.883745,0.881996,0.880246,0.876745,0.880246,0.881996,0.887246,0.890746,0.899496,0.909995,0.920495,0.932745,0.946745,0.964245,0.986995,1.009745,1.037745,1.069245,1.102495,1.142744,1.182994,1.231994,1.284494,1.345743,1.412243,1.482243,1.557493,1.639742,1.727242,1.814741,1.910991,2.01074,2.11049,2.208489,2.311739,2.407989,2.502488,2.588238,2.668738,2.740487,2.803488,2.855987,2.903236,2.939986,2.971486,2.994236,3.008237,3.020486,3.029236,3.037986,3.043236,3.058986,3.074736,3.097486,3.118486,3.149986,3.190236,3.235735,3.291735,3.356485,3.435234,3.520984,3.617233,3.720483,3.841233,3.970732,4.108981,4.25773,4.41873,4.598979,4.787978,4.983978,5.199226,5.424976,5.661224,5.907972,6.170471,6.44697,6.744469,7.045468,7.356966,7.685965,8.021963,8.375463,8.728962,9.092959,9.477957,9.869955,10.279454,10.685453,11.105451,11.535948,11.969945,12.407443,12.862443,13.327941,13.796936,14.265937,14.734933,15.210931,15.68693,16.148928,16.624924,17.100924,17.555922,18.02492,18.500916,18.962916,19.424912,19.865912,20.292908,,22.5,7.5,0,0
0.271248,0.259873,0.242373,0.226624,0.213061,0.202561,0.191186,0.183092,0.173905,0.166905,0.161655,0.153999,0.149405,0.142952,0.13978,0.136061,0.133655,0.130046,0.126983,0.126546,0.12414,0.122936,0.121077,0.121624,0.12053,0.119765,0.120749,0.121077,0.12228,0.122936,0.123702,0.126436,0.128077,0.130483,0.134093,0.136718,0.140218,0.143827,0.147874,0.153233,0.157827,0.163733,0.170296,0.176967,0.18528,0.193921,0.202889,0.212514,0.224327,0.236905,0.250358,0.265342,0.282405,0.300779,0.320904,0.342123,0.36531,0.390904,0.41967,0.449966,0.482779,0.518982,0.557591,0.598169,0.6417,0.68884,0.739152,0.791871,0.847433,0.905839,0.968183,1.032276,1.096807,1.164182,1.234619,1.307025,1.378775,1.45293,1.530368,1.609992,1.690054,1.770992,1.857179,1.948616,2.044428,2.145928,2.258364,2.386551,2.527863,2.681863,2.855987,3.057236,3.284735,3.536733,3.814983,4.130856,4.47648,4.840478,5.217601,5.612225,6.016472,6.406721,6.774219,7.120717,7.440966,7.715715,7.927465,8.079713,8.179463,8.214463,8.168964,8.060464,7.897714,7.689465,7.433967,7.143468,6.828469,6.494221,6.144222,5.788973,5.442476,5.104727,4.775729,4.47123,4.184231,3.912982,3.659234,3.422984,3.207735,3.006486,2.822737,2.654737,2.507739,2.372989,2.24874,2.13674,2.03524,1.944241,1.860241,1.783241,1.714992,1.653742,1.599492,1.546993,1.496243,1.452492,1.412244,1.370244,1.335244,1.300244,1.268744,1.242494,1.214494,1.188244,1.165495,1.144494,1.125244,1.107744,1.090245,1.079745,1.065745,1.058745,1.046494,1.041245,1.034245,1.028995,1.025495,1.023745,1.021994,1.021995,1.021995,1.023745,1.025495,1.028995,1.030745,1.034245,1.037745,1.041245,1.044745,1.048245,1.053495,1.058745,1.063995,1.065745,1.070995,1.074495,1.076245,1.077995,1.079745,1.083244,1.083244,1.081495,1.079745,1.076245,1.074495,1.069245,1.063995,1.060495,1.053495,1.046495,1.037745,1.028995,1.018495,1.009745,0.999245,0.990495,0.981745,0.972995,0.962495,0.953745,0.948496,0.939745,0.934495,0.927495,0.923996,0.923996,0.920495,0.920495,0.9226825,0.923995,0.925745,0.930995,0.937995,0.946745,0.958995,0.972995,0.985245,1.004495,1.025495,1.049995,1.074495,1.102495,1.137494,1.175994,1.219744,1.266994,1.315994,1.375494,1.436743,1.504993,1.581993,1.662492,1.751742,1.842742,1.944241,2.05099,2.16299,2.27324,2.386989,2.509488,2.628488,2.742238,2.854237,2.957486,3.058986,3.148236,3.221735,3.286485,3.344235,3.389734,3.422984,3.449234,3.468485,3.480734,3.487734,3.489484,3.492984,3.501734,3.510484,3.520984,3.541984,3.575234,3.608483,3.650483,3.702983,3.765983,3.841232,3.921732,4.017981,4.126481,4.25073,4.37673,4.518479,4.672478,4.842228,5.022477,5.214976,5.421475,5.648974,5.883473,6.124972,6.383971,6.65697,6.950969,7.248468,7.549467,7.881964,8.224962,8.571461,8.931961,9.299458,9.691456,10.090455,10.485952,10.905951,11.33995,11.773948,12.214945,12.666442,13.124942,13.60094,14.034935,14.510935,14.986932,15.46293,15.959927,16.435924,16.918926,17.40192,17.884922,,30,10,0,0
0.271248,0.258123,0.240623,0.229248,0.215686,0.204311,0.194686,0.186811,0.177186,0.170514,0.165483,0.159249,0.15203,0.147108,0.144483,0.140436,0.136936,0.133765,0.131686,0.128624,0.127093,0.126108,0.124577,0.125124,0.12414,0.123811,0.12403,0.12414,0.124358,0.123921,0.125452,0.126983,0.128515,0.129827,0.13289,0.135296,0.138468,0.142624,0.143718,0.148968,0.152796,0.157718,0.162968,0.168983,0.175327,0.181999,0.189655,0.197639,0.206827,0.217327,0.228811,0.241061,0.254405,0.268514,0.285904,0.302639,0.321342,0.342779,0.36531,0.38992,0.41617,0.445044,0.476216,0.509575,0.544466,0.581872,0.622559,0.665543,0.709731,0.758184,0.808496,0.860558,0.913933,0.969058,1.026589,1.086745,1.147338,1.209244,1.273994,1.342244,1.410493,1.480493,1.553118,1.630117,1.712804,1.799429,1.893054,1.998928,2.117053,2.245239,2.386552,2.547988,2.732612,2.937362,3.16136,3.415984,3.696858,3.998732,4.314606,4.642729,4.986603,5.327851,5.6551,5.962223,6.254471,6.51347,6.72522,6.884469,6.991218,7.054218,7.048968,6.984219,6.868719,6.709469,6.515221,6.282471,6.021723,5.745224,5.454725,5.153726,4.854478,4.56223,4.278731,4.014481,3.762483,3.526234,3.305735,3.095735,2.903237,2.728238,2.565488,2.414989,2.28549,2.16649,2.05624,1.956491,1.865491,1.781492,1.706242,1.637992,1.574992,1.518993,1.471743,1.424493,1.378993,1.338743,1.300244,1.265244,1.230244,1.198744,1.168994,1.144494,1.119994,1.097245,1.072745,1.055245,1.035995,1.018495,1.002745,0.988745,0.979995,0.969495,0.958995,0.953746,0.946745,0.941495,0.937995,0.932745,0.930995,0.930995,0.929245,0.930995,0.929245,0.932745,0.934496,0.934495,0.937995,0.939746,0.944995,0.948496,0.951995,0.955495,0.958995,0.962495,0.964245,0.967745,0.971246,0.974745,0.976495,0.978245,0.978245,0.978245,0.978245,0.978245,0.974745,0.972995,0.969495,0.965996,0.962495,0.957245,0.951995,0.944995,0.936246,0.930995,0.922245,0.913495,0.904746,0.899496,0.892496,0.883745,0.874996,0.869746,0.864496,0.859246,0.852246,0.852246,0.850496,0.848746,0.848746,0.846996,0.848746,0.853996,0.857496,0.860996,0.871496,0.880246,0.892495,0.902995,0.918745,0.937995,0.955495,0.981745,1.006245,1.035995,1.074495,1.109495,1.149744,1.198744,1.247744,1.303744,1.363244,1.429743,1.501493,1.580242,1.665992,1.751742,1.849741,1.945991,2.04399,2.14724,2.25224,2.360739,2.463989,2.561988,2.658238,2.750987,2.831487,2.901486,2.966236,3.022236,3.071236,3.107985,3.137736,3.162236,3.181485,3.193735,3.202485,3.212985,3.221735,3.235735,3.253235,3.274235,3.305735,3.335485,3.370485,3.417735,3.477234,3.540234,3.611984,3.694233,3.788733,3.891982,4.003982,4.122981,4.254231,4.40123,4.55523,4.721479,4.898227,5.094227,5.295476,5.501975,5.724224,5.963972,6.208971,6.46797,6.733969,7.010468,7.307967,7.608965,7.909965,8.231963,8.567961,8.91096,9.253958,9.610957,9.985456,10.363454,10.741453,11.12295,11.525449,11.927945,12.337445,12.736442,13.149442,13.576438,13.978939,14.384936,14.811932,15.238933,,30,10,0,0
0.314998,0.300123,0.279123,0.263811,0.248061,0.233623,0.223123,0.214592,0.200811,0.193374,0.18528,0.178717,0.172374,0.167561,0.161327,0.158046,0.153014,0.151702,0.147108,0.14678,0.144921,0.142952,0.142186,0.141749,0.141093,0.140983,0.142405,0.143389,0.144921,0.146343,0.147327,0.149296,0.152905,0.156186,0.16078,0.165483,0.168655,0.17478,0.180686,0.186264,0.193483,0.201905,0.210436,0.219733,0.23067,0.241827,0.253858,0.268514,0.282842,0.299248,0.318717,0.339279,0.361373,0.386092,0.412779,0.441216,0.473263,0.508153,0.544575,0.585591,0.630106,0.677246,0.727559,0.782684,0.840433,0.901902,0.969058,1.037307,1.111682,1.189994,1.268963,1.351868,1.438493,1.525118,1.612617,1.703179,1.794179,1.886054,1.980553,2.07549,2.171302,2.270614,2.370801,2.474489,2.585613,2.703738,2.832362,2.976736,3.13861,3.316235,3.520109,3.752858,4.012732,4.305855,4.636604,4.999727,5.394351,5.820474,6.264971,6.721719,7.187218,7.640465,8.074464,8.476962,8.83921,9.143708,9.392208,9.570708,9.668706,9.693206,9.633707,9.495458,9.285458,9.01421,8.695711,8.335212,7.943214,7.528466,7.097967,6.67097,6.245722,5.834473,5.440725,5.078477,4.735479,4.41873,4.122981,3.848232,3.596233,3.365235,3.153486,2.959236,2.787737,2.631988,2.490239,2.360739,2.245239,2.13849,2.042241,1.954741,1.874241,1.802491,1.739492,1.679992,1.623992,1.573243,1.524243,1.478743,1.438493,1.394743,1.359744,1.328244,1.296744,1.268744,1.244244,1.219744,1.196994,1.181244,1.163744,1.147994,1.137495,1.128745,1.119994,1.112994,1.107745,1.104245,1.104245,1.104244,1.104245,1.105995,1.109494,1.112994,1.118245,1.125244,1.130494,1.137494,1.146244,1.153244,1.161995,1.170744,1.181244,1.189995,1.198744,1.207494,1.212744,1.223243,1.228493,1.235494,1.244244,1.247744,1.252994,1.254744,1.254744,1.254744,1.252994,1.247744,1.244244,1.238994,1.231994,1.219744,1.209244,1.198744,1.181244,1.167244,1.153245,1.139244,1.121744,1.107744,1.093745,1.077994,1.065745,1.051745,1.041244,1.030745,1.023745,1.016745,1.011495,1.009745,1.007995,1.007995,1.009745,1.013245,1.018495,1.027245,1.037745,1.051745,1.067495,1.086745,1.109494,1.133995,1.161994,1.195244,1.233744,1.277493,1.324744,1.378993,1.436743,1.501493,1.571493,1.650242,1.732491,1.823492,1.92324,2.02999,2.14374,2.26274,2.390489,2.519989,2.654737,2.792987,2.925986,3.064236,3.193735,3.316235,3.429984,3.536734,3.624234,3.699483,3.762483,3.804482,3.839483,3.862232,3.872732,3.870982,3.865732,3.849982,3.832482,3.816732,3.799233,3.790482,3.788733,3.792233,3.802733,3.821982,3.853482,3.891982,3.942732,4.003982,4.079232,4.170231,4.273481,4.38198,4.50973,4.64973,4.801977,4.966478,5.144977,5.337475,5.547475,5.767973,6.002473,6.243972,6.506471,6.779469,7.055969,7.353466,7.661465,7.979964,8.308961,8.65196,8.998459,9.376457,9.747455,10.135955,10.538452,10.947952,11.367947,11.805447,12.239445,12.687442,13.14244,13.572939,14.027935,14.489933,14.965932,15.427929,15.889927,16.365927,16.834924,17.296924,,30,10,0,0
0.243248,0.230123,0.216124,0.203874,0.192936,0.181999,0.17303,0.166905,0.159686,0.153671,0.146561,0.142186,0.137046,0.134311,0.129827,0.126436,0.123483,0.121077,0.119436,0.117358,0.116046,0.114077,0.113858,0.112765,0.112655,0.11271,0.112655,0.112765,0.113858,0.114624,0.114843,0.116374,0.11878,0.120421,0.122608,0.125233,0.128186,0.130593,0.13464,0.138358,0.141311,0.147218,0.152686,0.157608,0.164608,0.171717,0.178827,0.18703,0.196983,0.207045,0.21842,0.231436,0.245764,0.26053,0.27792,0.296404,0.316092,0.338732,0.363123,0.389373,0.418576,0.450841,0.484419,0.522263,0.563169,0.606481,0.653403,0.704481,0.75884,0.81659,0.879371,0.945214,1.01412,1.086745,1.163744,1.242056,1.324525,1.411368,1.50018,1.592055,1.687867,1.787616,1.889991,1.997616,2.111803,2.229927,2.359426,2.498551,2.648613,2.813987,2.995111,3.195485,3.415984,3.661858,3.929607,4.224481,4.546479,4.887728,5.246477,5.620975,6.002473,6.376971,6.746219,7.092718,7.414716,7.703465,7.951965,8.146214,8.284462,8.371962,8.391213,8.349213,8.251213,8.095463,7.899464,7.664965,7.395467,7.094468,6.775969,6.441721,6.102222,5.764474,5.430225,5.116977,4.812478,4.52548,4.248981,3.989981,3.748482,3.526234,3.317985,3.125485,2.953986,2.796488,2.654737,2.523489,2.406239,2.297739,2.20149,2.11224,2.031741,1.961741,1.895241,1.837491,1.783242,1.730742,1.683492,1.639742,1.597743,1.559242,1.520743,1.489242,1.459493,1.429743,1.403494,1.377244,1.354494,1.333493,1.314244,1.296743,1.280994,1.268744,1.258243,1.245994,1.238994,1.230244,1.223244,1.217995,1.214494,1.210994,1.210994,1.210994,1.209244,1.210994,1.212744,1.216244,1.217994,1.221494,1.226744,1.231994,1.237244,1.242494,1.247744,1.252994,1.256495,1.263494,1.265244,1.273994,1.277494,1.282743,1.286244,1.289744,1.293244,1.294994,1.293244,1.293244,1.291494,1.291494,1.287994,1.282744,1.275744,1.266994,1.256494,1.247744,1.235494,1.221494,1.210994,1.196994,1.182995,1.170744,1.158495,1.142745,1.128745,1.118244,1.105995,1.097245,1.088494,1.083245,1.074495,1.069244,1.065744,1.063995,1.058744,1.060494,1.062244,1.067495,1.074495,1.081495,1.091994,1.105995,1.119995,1.139245,1.161994,1.188244,1.216244,1.251244,1.287993,1.329993,1.373743,1.427993,1.482243,1.543492,1.611743,1.685242,1.767491,1.851491,1.94424,2.03874,2.14024,2.24699,2.353739,2.465739,2.577737,2.684487,2.787737,2.890987,2.983737,3.067736,3.144735,3.212986,3.268985,3.319735,3.359985,3.391485,3.417735,3.438734,3.454485,3.466735,3.477234,3.491234,3.508734,3.529734,3.548983,3.576984,3.608483,3.646983,3.690733,3.744983,3.809732,3.879733,3.961982,4.056482,4.156232,4.268231,4.39248,4.528979,4.672479,4.836978,5.008478,5.190477,5.389975,5.596474,5.820473,6.051472,6.299971,6.55197,6.824968,7.108468,7.405966,7.713965,8.032464,8.364962,8.707961,9.068459,9.442958,9.824455,10.223454,10.62945,11.045952,11.476448,11.910446,12.340945,12.788944,13.222942,13.670939,14.125935,14.587935,15.063933,15.511932,15.987927,,30,10,0,0
0.395498,0.383248,0.362248,0.348248,0.335123,0.321123,0.310623,0.299686,0.290498,0.281748,0.272998,0.265998,0.262061,0.255498,0.250248,0.244561,0.240186,0.237998,0.233623,0.232311,0.228373,0.227061,0.225967,0.22378,0.221374,0.220717,0.220499,0.219624,0.218749,0.221045,0.219952,0.221264,0.22203,0.223342,0.224545,0.225858,0.228702,0.23067,0.23242,0.235483,0.23942,0.243139,0.247623,0.252108,0.258451,0.263264,0.270045,0.276826,0.284701,0.293451,0.303076,0.314342,0.326482,0.339607,0.353498,0.370123,0.387732,0.406545,0.427107,0.450732,0.476544,0.504654,0.534841,0.567435,0.603309,0.642903,0.685231,0.731168,0.782246,0.835621,0.893589,0.954839,1.020245,1.090245,1.164182,1.240306,1.320806,1.408306,1.496243,1.589867,1.686554,1.787617,1.891741,1.999803,2.113115,2.23299,2.362489,2.497676,2.64205,2.801299,2.971486,3.158736,3.366984,3.599733,3.857857,4.144856,4.45548,4.796729,5.163351,5.543975,5.934223,6.334971,6.735719,7.115468,7.470716,7.799714,8.081464,8.305462,8.461212,8.559212,8.592461,8.548712,8.434962,8.265214,8.046464,7.776965,7.465466,7.125968,6.765469,6.390971,6.014723,5.650725,5.295476,4.962978,4.646229,4.35573,4.077482,3.823733,3.590983,3.379234,3.183235,3.008237,2.852487,2.714237,2.586488,2.472738,2.367739,2.27149,2.185739,2.10874,2.03699,1.975741,1.917991,1.865491,1.816492,1.769242,1.723742,1.683492,1.644992,1.606492,1.574992,1.545243,1.517243,1.489243,1.464742,1.441993,1.420993,1.401744,1.385993,1.371993,1.361494,1.349244,1.340494,1.335243,1.328244,1.322994,1.319494,1.317744,1.315994,1.315993,1.317744,1.319493,1.321243,1.322994,1.326493,1.329994,1.336993,1.340494,1.345744,1.352743,1.359744,1.363243,1.366743,1.371993,1.377244,1.377243,1.380744,1.384243,1.384243,1.384243,1.382493,1.377243,1.371994,1.364994,1.356244,1.349243,1.340494,1.329994,1.319494,1.305494,1.293244,1.280994,1.265244,1.249494,1.237244,1.224995,1.212744,1.202244,1.191744,1.181244,1.170744,1.160244,1.153245,1.146245,1.142744,1.140995,1.140995,1.140994,1.142744,1.144495,1.151494,1.160244,1.167244,1.181244,1.196994,1.217994,1.240744,1.265244,1.294993,1.329994,1.368493,1.410493,1.461243,1.515493,1.574992,1.643243,1.714992,1.791992,1.877741,1.970491,2.064991,2.16824,2.27674,2.386989,2.497238,2.612738,2.724737,2.836736,2.941736,3.041486,3.135985,3.225235,3.298735,3.366985,3.422983,3.464984,3.498233,3.522734,3.538484,3.548984,3.555984,3.559483,3.561234,3.562984,3.564734,3.564734,3.573484,3.585734,3.601484,3.627733,3.657483,3.699483,3.743233,3.793983,3.856982,3.926983,4.002232,4.086231,4.184231,4.29273,4.40998,4.534229,4.670729,4.814228,4.969977,5.134477,5.309475,5.505475,5.704975,5.914973,6.131972,6.355971,6.593969,6.838969,7.094468,7.356967,7.633466,7.916965,8.210963,8.504961,8.819959,9.12796,9.449957,9.782456,10.128954,10.475453,10.82195,11.178951,11.549948,11.913946,12.277944,12.645443,13.03394,13.397937,13.782937,14.167936,14.545936,14.916933,15.29493,15.658928,,30,10,0,0
0.355248,0.341248,0.325498,0.310623,0.296623,0.286123,0.273873,0.263373,0.255498,0.248061,0.241936,0.233186,0.228811,0.223999,0.220936,0.216124,0.213061,0.209999,0.206936,0.203874,0.202561,0.201249,0.198624,0.198624,0.197749,0.197749,0.198624,0.197749,0.199717,0.198842,0.198842,0.200811,0.20267,0.204858,0.207702,0.209889,0.212952,0.215358,0.218967,0.223233,0.227717,0.233077,0.238764,0.24467,0.252327,0.259764,0.267967,0.276826,0.287217,0.29892,0.311936,0.325717,0.34081,0.35831,0.376576,0.396482,0.418357,0.443623,0.470201,0.50006,0.531778,0.567434,0.606044,0.64695,0.691684,0.741012,0.794605,0.850933,0.91262,0.97912,1.05087,1.125682,1.20465,1.289088,1.378337,1.471524,1.567993,1.670805,1.778867,1.891741,2.008553,2.128865,2.256614,2.390926,2.531363,2.679237,2.839362,3.014361,3.19986,3.400235,3.622483,3.868357,4.138731,4.433605,4.758228,5.121352,5.505475,5.906223,6.333222,6.770719,7.208217,7.633466,8.037714,8.417462,8.758711,9.04221,9.262709,9.425458,9.507707,9.514707,9.444707,9.306458,9.103459,8.84271,8.538211,8.196963,7.825965,7.433966,7.024468,6.61847,6.221222,5.834474,5.465225,5.127476,4.807228,4.50973,4.23498,3.981231,3.750232,3.538484,3.345984,3.170985,3.018736,2.878737,2.754487,2.638988,2.535738,2.437739,2.351989,2.273239,2.19974,2.13499,2.073741,2.021241,1.966991,1.917992,1.868991,1.825241,1.783242,1.742991,1.706242,1.672992,1.641492,1.611742,1.585492,1.559243,1.538242,1.515493,1.496243,1.480493,1.468243,1.455993,1.445493,1.434993,1.427993,1.424494,1.419243,1.412243,1.410493,1.410494,1.410493,1.410493,1.410493,1.413993,1.417493,1.417493,1.420993,1.426243,1.429743,1.434993,1.438493,1.441993,1.445493,1.448993,1.448994,1.450743,1.452493,1.452493,1.450743,1.448993,1.443743,1.438493,1.431494,1.420993,1.413994,1.401743,1.391244,1.378993,1.364993,1.352743,1.335244,1.321244,1.305494,1.287994,1.272243,1.258244,1.242494,1.230244,1.216244,1.205745,1.193494,1.182994,1.174244,1.165494,1.160244,1.156744,1.153245,1.153244,1.151494,1.156744,1.161995,1.167245,1.177745,1.189994,1.205744,1.223244,1.245994,1.273994,1.303743,1.336993,1.373743,1.417493,1.468243,1.525992,1.587243,1.653743,1.728992,1.807741,1.895242,1.98624,2.08599,2.19099,2.302989,2.414989,2.533988,2.656488,2.771987,2.889237,3.002986,3.111486,3.214736,3.309235,3.396734,3.471984,3.536733,3.585734,3.629483,3.662733,3.685484,3.699483,3.711732,3.718734,3.725733,3.727483,3.730983,3.739732,3.746733,3.760732,3.778233,3.809732,3.846482,3.888482,3.940982,3.998731,4.068731,4.145731,4.231481,4.32948,4.44323,4.563979,4.696979,4.843978,4.994477,5.162477,5.340977,5.529975,5.736474,5.960473,6.191471,6.43297,6.691969,6.954468,7.230968,7.517966,7.822464,8.130463,8.452462,8.78496,9.131458,9.484957,9.841956,10.212953,10.594451,10.986451,11.388948,11.798448,12.218445,12.638444,13.068941,13.502937,13.929935,14.377936,14.818934,15.252932,15.700931,16.169926,16.617927,17.051924,17.499922,17.94792,,30,10,0,0
0.257248,0.250248,0.243248,0.232748,0.225748,0.220499,0.216124,0.210874,0.207374,0.202561,0.198186,0.195999,0.194249,0.190311,0.190311,0.187686,0.187686,0.186811,0.185499,0.181561,0.181561,0.182874,0.178499,0.181561,0.180467,0.181999,0.182217,0.183092,0.184405,0.185499,0.186374,0.189327,0.190858,0.193483,0.19578,0.199717,0.202561,0.205514,0.209889,0.214264,0.218858,0.223889,0.229248,0.236139,0.242483,0.25003,0.258123,0.266764,0.27628,0.287108,0.299576,0.312701,0.327357,0.343107,0.360717,0.379857,0.400966,0.424373,0.449091,0.476982,0.508044,0.541403,0.577606,0.616981,0.659418,0.705793,0.755559,0.80784,0.864496,0.925089,0.988526,1.053932,1.121307,1.191525,1.263931,1.335025,1.406993,1.479618,1.551368,1.620055,1.684804,1.746929,1.804241,1.856741,1.902241,1.942053,1.977928,2.00724,2.02824,2.043115,2.050553,2.053178,2.048803,2.039615,2.027803,2.01424,1.997616,1.980116,1.963053,1.945991,1.926741,1.910116,1.896116,1.881241,1.867241,1.854992,1.838366,1.821741,1.796366,1.766617,1.731617,1.690492,1.643242,1.589867,1.534743,1.475243,1.413118,1.349244,1.284494,1.221494,1.159369,1.098995,1.04212,0.99137,0.94412,0.901245,0.859246,0.823371,0.789246,0.761246,0.734996,0.711371,0.692996,0.675496,0.661497,0.649247,0.636997,0.628247,0.619497,0.614247,0.608122,0.603747,0.601122,0.599372,0.596747,0.596747,0.595872,0.594997,0.595872,0.596747,0.598497,0.601122,0.604622,0.608122,0.610747,0.615122,0.621247,0.627372,0.634372,0.641372,0.650997,0.661497,0.671121,0.682497,0.693871,0.706996,0.720996,0.735871,0.751621,0.768246,0.786621,0.805871,0.825121,0.845246,0.866246,0.888995,0.91087,0.932745,0.957245,0.979995,1.002745,1.023745,1.042995,1.063995,1.079745,1.09637,1.10862,1.119995,1.131369,1.137494,1.143619,1.146244,1.146244,1.14362,1.139244,1.133994,1.12787,1.121744,1.112994,1.10337,1.09462,1.08412,1.07362,1.06137,1.049995,1.04212,1.032495,1.02462,1.016745,1.00712,1.002745,0.997495,0.993995,0.99312,0.99312,0.995745,1.00187,1.009745,1.01937,1.032495,1.048245,1.067495,1.09112,1.118245,1.152369,1.190869,1.233744,1.282744,1.337868,1.397368,1.466493,1.541742,1.623992,1.714117,1.812116,1.916241,2.022115,2.134115,2.25224,2.372989,2.491113,2.610113,2.728237,2.842862,2.948737,3.044111,3.134236,3.209485,3.275985,3.328485,3.372235,3.410734,3.435234,3.449234,3.457984,3.461484,3.463234,3.457984,3.454485,3.454484,3.461484,3.470234,3.484234,3.508734,3.538484,3.576983,3.624234,3.685483,3.758983,3.846482,3.940982,4.049481,4.168481,4.29973,4.44498,4.602479,4.772229,4.955978,5.155477,5.367226,5.591225,5.832723,6.081222,6.341972,6.621969,6.914219,7.220467,7.542466,7.878465,8.224964,8.581961,8.93896,9.320459,9.708956,10.111454,10.510452,10.93395,11.36095,11.798448,12.232444,12.676942,13.124942,13.58344,14.045438,14.510937,14.986934,15.469932,15.931929,16.393927,16.855924,17.324922,17.779922,18.227918,18.675916,19.123916,19.571914,20.012912,20.439908,20.866908,21.279904,,2.5,12.5,0,0
0.209999,0.202999,0.194249,0.189874,0.179811,0.177186,0.171936,0.166686,0.164936,0.158811,0.155968,0.152468,0.150061,0.14853,0.148968,0.145577,0.144593,0.142624,0.142296,0.140874,0.140436,0.138686,0.139343,0.140218,0.139015,0.141858,0.141311,0.142405,0.143718,0.144483,0.145796,0.147327,0.150171,0.152468,0.155421,0.157827,0.160671,0.164171,0.167343,0.171171,0.175546,0.180467,0.185936,0.191296,0.197967,0.203983,0.21142,0.219952,0.228483,0.237889,0.248717,0.261186,0.273983,0.288092,0.303623,0.320904,0.339389,0.359076,0.38106,0.406216,0.433341,0.461888,0.49306,0.527622,0.563825,0.602544,0.644215,0.690153,0.737621,0.788371,0.840214,0.894902,0.951777,1.009089,1.06662,1.125463,1.182994,1.2414,1.29565,1.347931,1.398243,1.443743,1.483555,1.518118,1.54918,1.57368,1.590742,1.60343,1.611742,1.613492,1.60868,1.599055,1.586367,1.571493,1.553118,1.533868,1.515493,1.497993,1.478743,1.460806,1.445493,1.430618,1.418806,1.406118,1.395618,1.386431,1.376369,1.361931,1.345744,1.326931,1.303744,1.275306,1.243369,1.207057,1.170307,1.129619,1.08587,1.042995,0.997495,0.951558,0.908245,0.864933,0.822933,0.784871,0.749434,0.716184,0.685122,0.657122,0.629559,0.605934,0.584934,0.565247,0.548185,0.534622,0.522372,0.511435,0.50006,0.491747,0.485185,0.478622,0.472497,0.46856,0.465935,0.46331,0.461122,0.458935,0.458497,0.457185,0.45631,0.45631,0.457623,0.459372,0.461122,0.462435,0.464622,0.467247,0.470747,0.473372,0.476435,0.482122,0.48781,0.492622,0.499185,0.506185,0.512747,0.519747,0.528935,0.536372,0.546872,0.557372,0.566122,0.579247,0.591059,0.603747,0.615997,0.629122,0.643122,0.657997,0.673746,0.690809,0.707871,0.724059,0.739371,0.757309,0.774371,0.789683,0.804558,0.821183,0.836933,0.851371,0.863183,0.872371,0.883308,0.892058,0.897745,0.901245,0.906496,0.909121,0.910433,0.909995,0.906933,0.904745,0.901245,0.894683,0.888995,0.885058,0.878933,0.873246,0.865808,0.860558,0.853558,0.847433,0.840871,0.837808,0.833871,0.829933,0.828183,0.825558,0.825558,0.826433,0.827746,0.830371,0.836058,0.842183,0.851371,0.863183,0.877183,0.894246,0.911745,0.933621,0.95987,0.988745,1.023308,1.061807,1.104682,1.154557,1.205744,1.264369,1.327368,1.397368,1.473493,1.553118,1.640617,1.735117,1.833992,1.934616,2.03699,2.142865,2.251365,2.355489,2.458738,2.560238,2.657363,2.742237,2.818362,2.890111,2.951361,3.000361,3.037986,3.070361,3.100111,3.117611,3.132485,3.144735,3.15611,3.16486,3.17361,3.18936,3.211235,3.240985,3.274235,3.316235,3.368735,3.428234,3.498234,3.575233,3.664483,3.769483,3.881482,4.002231,4.136981,4.285731,4.44673,4.612979,4.787978,4.983977,5.193977,5.410975,5.641974,5.888723,6.147722,6.411971,6.69022,6.982468,7.292217,7.612465,7.934465,8.273962,8.634462,8.994959,9.358958,9.743956,10.135955,10.545452,10.951451,11.36795,11.798447,12.235944,12.673443,13.114442,13.555438,14.010437,14.465435,14.909934,15.34393,15.812929,16.260926,16.708923,17.149922,17.61192,,2.5,12.5,0,0
0.236248,0.229248,0.222248,0.213499,0.208249,0.203874,0.199499,0.194249,0.190749,0.187249,0.181999,0.178499,0.175436,0.172811,0.172811,0.170624,0.167124,0.168436,0.166249,0.164499,0.164499,0.163952,0.163624,0.163706,0.163624,0.163624,0.164061,0.16428,0.164499,0.165811,0.166905,0.16778,0.170186,0.172592,0.175655,0.177842,0.180796,0.184077,0.187249,0.190639,0.194796,0.199499,0.20442,0.210217,0.216999,0.222795,0.230342,0.237233,0.246202,0.256045,0.266983,0.27803,0.292686,0.30767,0.322873,0.34092,0.359295,0.381717,0.405888,0.431701,0.460357,0.493388,0.5297,0.567981,0.609325,0.655918,0.706996,0.762777,0.820746,0.884621,0.951995,1.025057,1.098338,1.175776,1.25715,1.340712,1.422743,1.50543,1.588555,1.670367,1.748242,1.816491,1.883866,1.945116,1.996741,2.036115,2.072428,2.101303,2.118803,2.12449,2.12274,2.116178,2.102615,2.080303,2.054053,2.030428,2.004178,1.974866,1.947741,1.922366,1.900053,1.877741,1.861116,1.845366,1.831366,1.820866,1.805117,1.788491,1.764867,1.735117,1.700117,1.656367,1.609117,1.552243,1.491868,1.429743,1.364993,1.295869,1.227619,1.161119,1.098995,1.035995,0.979995,0.926621,0.880245,0.842621,0.794496,0.763871,0.730621,0.705246,0.682497,0.659746,0.645747,0.629997,0.616872,0.606372,0.596747,0.590622,0.585372,0.577497,0.575747,0.575747,0.571372,0.567872,0.570497,0.576622,0.567872,0.571372,0.577497,0.582747,0.580997,0.585372,0.586247,0.605497,0.608997,0.608122,0.617747,0.622997,0.633497,0.645747,0.660622,0.666747,0.683371,0.698246,0.702621,0.727996,0.737621,0.766496,0.784871,0.808496,0.822496,0.848746,0.878496,0.889871,0.92137,0.94237,0.97387,0.985245,1.01937,1.041245,1.056995,1.081495,1.099869,1.122619,1.139245,1.138369,1.140994,1.142744,1.1425255,1.14537,1.140994,1.136619,1.127869,1.115619,1.109495,1.09287,1.08762,1.07012,1.06312,1.046495,1.03687,1.03337,1.02287,1.00887,1.002745,0.98437,0.96162,0.972995,0.97212,0.95812,0.97212,0.95812,0.97737,0.974745,0.98262,0.99312,1.02637,1.03512,1.05437,1.07362,1.105119,1.161994,1.203994,1.244244,1.321244,1.370244,1.442868,1.525993,1.631867,1.708867,1.819117,1.942491,2.044865,2.18399,2.285489,2.417614,2.547988,2.701112,2.817487,2.915486,3.047611,3.163985,3.247985,3.317984,3.382734,3.428234,3.468485,3.480734,3.470234,3.473734,3.482484,3.414235,3.485984,3.389734,3.450984,3.382734,3.400234,3.405484,3.410735,3.380985,3.393234,3.485984,3.573483,3.631234,3.624233,3.786983,3.911232,3.949732,4.184231,4.26998,4.46248,4.651478,4.801978,5.001477,5.209727,5.498475,5.741724,5.983223,6.341972,6.60447,6.924719,7.360466,7.615965,8.007964,8.511962,8.86546,9.225958,9.652957,10.163954,10.555952,11.14045,11.490449,12.060945,12.550944,13.156441,13.429439,14.213436,14.514435,15.329931,15.728928,16.162928,16.778926,17.52092,17.940922,18.689916,19.081912,19.78191,20.38391,20.971906,21.048906,21.776902,22.1269,22.6239,23.078896,23.309896,24.13589,24.723886,25.038888,25.339886,25.836882,,2.5,12.5,0,0
0.209124,0.204749,0.196436,0.189436,0.181999,0.17653,0.17303,0.167999,0.165593,0.159249,0.158702,0.154108,0.152686,0.149296,0.147546,0.145796,0.146124,0.144046,0.141968,0.142296,0.139671,0.141311,0.139671,0.139999,0.140108,0.141421,0.140983,0.142077,0.143061,0.143936,0.145139,0.146343,0.148749,0.150499,0.152249,0.155639,0.158264,0.160889,0.164608,0.167999,0.170842,0.174999,0.18003,0.184514,0.190639,0.196545,0.202233,0.20967,0.217436,0.225092,0.23417,0.244998,0.256811,0.268405,0.282404,0.296951,0.312701,0.331623,0.350326,0.371435,0.395498,0.420982,0.447669,0.478513,0.511216,0.546435,0.584278,0.624856,0.669153,0.715746,0.76409,0.816808,0.870402,0.927277,0.98437,1.043214,1.102276,1.163963,1.2239,1.283181,1.340494,1.394743,1.446806,1.493618,1.53693,1.57543,1.609117,1.637117,1.659867,1.677805,1.688304,1.693992,1.694429,1.690929,1.684367,1.674305,1.663367,1.651555,1.639305,1.624867,1.610867,1.597305,1.584618,1.571493,1.558805,1.546993,1.532555,1.517243,1.497555,1.474805,1.447681,1.417056,1.381618,1.342681,1.301556,1.258682,1.214057,1.165932,1.118245,1.07012,1.021995,0.976058,0.93187,0.890746,0.853121,0.815933,0.782684,0.751621,0.722746,0.695621,0.672434,0.650559,0.632622,0.615559,0.601997,0.589309,0.577059,0.566997,0.557372,0.549497,0.542497,0.537685,0.532872,0.529372,0.526309,0.523247,0.520622,0.518872,0.516685,0.516247,0.515372,0.51581,0.517122,0.517997,0.51931,0.520622,0.52281,0.524997,0.52806,0.531997,0.537247,0.541622,0.547747,0.553434,0.559997,0.568309,0.574434,0.583184,0.592372,0.602434,0.612497,0.623434,0.634372,0.647059,0.660622,0.673309,0.687746,0.701746,0.718809,0.734559,0.750309,0.766496,0.785309,0.801933,0.818996,0.836058,0.851808,0.870621,0.887683,0.90212,0.916558,0.929683,0.94237,0.95287,0.960308,0.969495,0.97562,0.98087,0.983933,0.985683,0.98612,0.98262,0.97912,0.974745,0.969495,0.963808,0.95812,0.951995,0.94412,0.937558,0.929683,0.920495,0.914371,0.90737,0.901683,0.897308,0.892058,0.888995,0.88637,0.884183,0.883746,0.885058,0.886808,0.890745,0.897308,0.905621,0.916558,0.929683,0.943683,0.963808,0.98612,1.01062,1.04037,1.074495,1.11212,1.155869,1.203994,1.255619,1.315119,1.378993,1.448993,1.524242,1.604742,1.693992,1.786741,1.883866,1.984491,2.085115,2.19274,2.295989,2.401864,2.505988,2.607488,2.698488,2.786862,2.866486,2.939111,2.999486,3.049361,3.08961,3.125485,3.153485,3.17011,3.181485,3.190235,3.193735,3.195485,3.195485,3.198985,3.207735,3.216485,3.230485,3.253235,3.279485,3.312735,3.349484,3.396735,3.452734,3.519233,3.590983,3.674983,3.767732,3.867482,3.977732,4.093231,4.22098,4.362731,4.51323,4.672479,4.840479,5.022477,5.209727,5.409225,5.619225,5.841474,6.070722,6.310471,6.56247,6.831968,7.099718,7.381468,7.671965,7.972965,8.284462,8.606463,8.93546,9.274958,9.628457,9.978455,10.335454,10.699452,11.073951,11.451949,11.829948,12.214945,12.620943,13.016441,13.41194,13.810937,14.216935,,2.5,12.5,0,0
0.163186,0.159249,0.152249,0.147436,0.141093,0.13803,0.134093,0.130593,0.127749,0.123155,0.121186,0.11889,0.117796,0.114405,0.113311,0.111452,0.111671,0.110796,0.109593,0.108499,0.109046,0.108499,0.10828,0.10839,0.108937,0.108718,0.1097295,0.110358,0.110905,0.112983,0.113312,0.114624,0.116046,0.11889,0.119874,0.123046,0.12589,0.128843,0.131468,0.135186,0.13803,0.142514,0.147108,0.151921,0.156952,0.163296,0.169202,0.175217,0.183311,0.191405,0.200374,0.211092,0.222467,0.234498,0.247952,0.262826,0.278904,0.296514,0.316748,0.338076,0.36181,0.38806,0.415841,0.446904,0.481029,0.517341,0.556388,0.599262,0.644981,0.693653,0.745715,0.799965,0.857277,0.916995,0.978464,1.040589,1.105338,1.170744,1.234838,1.300025,1.364993,1.426681,1.484868,1.539555,1.589867,1.635367,1.678242,1.715429,1.748242,1.776679,1.797242,1.814741,1.826991,1.832679,1.835304,1.835741,1.833116,1.828304,1.823054,1.814741,1.805554,1.794616,1.784992,1.773617,1.761804,1.752179,1.739054,1.724179,1.707554,1.68568,1.659867,1.630117,1.595992,1.55618,1.51593,1.470431,1.421868,1.371556,1.318181,1.263494,1.209244,1.155432,1.102495,1.053057,1.005808,0.960308,0.916995,0.877183,0.839121,0.803684,0.771746,0.741121,0.715309,0.691684,0.671559,0.652747,0.635247,0.619934,0.605934,0.594122,0.584497,0.576184,0.568747,0.562185,0.556934,0.552122,0.548184,0.544684,0.541185,0.537685,0.53681,0.53506,0.534185,0.534622,0.533747,0.535497,0.53506,0.53681,0.538997,0.541185,0.545122,0.549935,0.554309,0.559997,0.565247,0.571809,0.578372,0.585809,0.593684,0.603309,0.612934,0.623872,0.636122,0.648372,0.661059,0.674621,0.688622,0.705684,0.722746,0.740684,0.762558,0.780496,0.800183,0.819433,0.839996,0.860558,0.881558,0.902996,0.923558,0.943683,0.96337,0.981308,0.997495,1.01412,1.028557,1.038182,1.05087,1.059182,1.065307,1.07012,1.072745,1.07187,1.069245,1.06662,1.05962,1.053495,1.04737,1.037745,1.028995,1.01937,1.00712,0.99662,0.986995,0.976495,0.967745,0.95812,0.95112,0.94237,0.93712,0.930995,0.92662,0.92312,0.920495,0.921371,0.92312,0.92662,0.931871,0.94062,0.95287,0.97562,0.981745,1.00012,1.023745,1.05087,1.08412,1.118245,1.158494,1.202244,1.252119,1.305494,1.364993,1.430618,1.500618,1.578493,1.661617,1.745617,1.838366,1.934616,2.030865,2.132365,2.235615,2.336239,2.435114,2.533988,2.624112,2.711612,2.792112,2.862112,2.920737,2.975861,3.023986,3.062486,3.097486,3.121986,3.139486,3.158735,3.169235,3.177985,3.190236,3.204235,3.218235,3.235735,3.258485,3.281235,3.309235,3.345985,3.386235,3.433484,3.492984,3.557733,3.629483,3.715233,3.807983,3.907733,4.023231,4.143981,4.275231,4.42398,4.57973,4.747728,4.924477,5.113477,5.314726,5.524725,5.750474,5.977972,6.228221,6.487221,6.75322,7.034969,7.328967,7.636965,7.948465,8.284462,8.627462,8.977459,9.337958,9.715957,10.093954,10.485952,10.891952,11.280449,11.696947,12.113446,12.522944,12.946441,13.376941,13.807439,14.227435,14.643936,,2.5,12.5,0,0
0.171499,0.166249,0.160124,0.152686,0.145686,0.140436,0.134311,0.132124,0.128405,0.125124,0.120968,0.117249,0.114952,0.112327,0.111015,0.108499,0.107952,0.106421,0.105874,0.105983,0.104452,0.103358,0.102483,0.103468,0.103577,0.104452,0.105437,0.106312,0.107405,0.108608,0.110687,0.112108,0.114515,0.116811,0.120421,0.123593,0.127093,0.130702,0.13464,0.139015,0.143827,0.149514,0.155968,0.162421,0.16953,0.177842,0.186046,0.195889,0.206061,0.218092,0.23078,0.245108,0.261186,0.27792,0.297061,0.317842,0.340592,0.36531,0.392326,0.422294,0.454779,0.489997,0.528388,0.569075,0.613591,0.661059,0.710496,0.76409,0.820965,0.879808,0.941495,1.004495,1.067932,1.131807,1.196557,1.257588,1.317744,1.375493,1.429306,1.478743,1.523805,1.56143,1.593367,1.61918,1.637117,1.648492,1.654617,1.655492,1.649367,1.638867,1.623992,1.604305,1.583305,1.55968,1.534305,1.511555,1.48968,1.469118,1.45118,1.435431,1.422306,1.410931,1.402181,1.396056,1.391681,1.388618,1.384681,1.378993,1.370243,1.355806,1.337431,1.314681,1.284931,1.250807,1.213182,1.173807,1.130932,1.08412,1.037307,0.98962,0.94237,0.896433,0.851371,0.811559,0.772621,0.736746,0.703497,0.671996,0.643997,0.619497,0.596309,0.575309,0.557372,0.542935,0.528497,0.517122,0.507497,0.497872,0.49131,0.484747,0.47906,0.476435,0.471622,0.47031,0.468997,0.467248,0.467247,0.46691925,0.466372,0.46681,0.467247,0.46856,0.470747,0.472935,0.475122,0.478185,0.481685,0.485623,0.489997,0.495247,0.502247,0.509247,0.51581,0.523685,0.532435,0.542059,0.552122,0.561747,0.572247,0.585372,0.598934,0.614247,0.628247,0.644872,0.661059,0.677684,0.696496,0.716621,0.736309,0.759058,0.779184,0.801058,0.823808,0.846121,0.867558,0.888558,0.90737,0.927495,0.945433,0.962495,0.976933,0.990058,1.001432,1.009745,1.016745,1.020683,1.02287,1.024183,1.02462,1.020683,1.017182,1.010182,1.00362,0.993995,0.983495,0.975183,0.965995,0.95637,0.94587,0.935808,0.927058,0.916995,0.908683,0.900808,0.894246,0.889433,0.885496,0.882871,0.88112,0.880245,0.883746,0.887246,0.894246,0.902995,0.913495,0.930121,0.94762,0.969495,0.99487,1.025495,1.060495,1.098995,1.144494,1.195244,1.253869,1.318619,1.388618,1.468243,1.553118,1.644117,1.744742,1.854116,1.968741,2.088615,2.21724,2.349364,2.483239,2.619738,2.755362,2.884862,3.011736,3.133361,3.240985,3.34161,3.428234,3.496483,3.552484,3.592733,3.613734,3.624234,3.632983,3.624234,3.613734,3.599733,3.580484,3.566483,3.554233,3.547234,3.543734,3.555984,3.576983,3.604983,3.650483,3.701233,3.762483,3.842982,3.930482,4.030231,4.150981,4.278731,4.42223,4.583229,4.756479,4.941978,5.144976,5.365476,5.592975,5.844973,6.114473,6.389221,6.683221,6.996469,7.314966,7.654466,8.011463,8.378962,8.760461,9.166459,9.568957,9.992455,10.436953,10.888452,11.353949,11.836947,12.333944,12.830942,13.34544,13.859937,14.388435,14.923933,15.44193,15.973928,16.512927,17.058922,17.583918,18.13692,18.682914,19.193916,19.73291,20.257908,,2.5,12.5,0,0
0.236248,0.227498,0.216124,0.209124,0.202561,0.194249,0.186592,0.180467,0.173905,0.169092,0.164499,0.161546,0.157061,0.154327,0.153561,0.149952,0.148968,0.149077,0.147436,0.148202,0.149296,0.148968,0.149514,0.151155,0.154655,0.156405,0.160343,0.164718,0.169311,0.174124,0.179374,0.185389,0.192171,0.201139,0.209124,0.216999,0.228702,0.238217,0.250139,0.262936,0.276608,0.29192,0.308764,0.327248,0.347701,0.369248,0.393091,0.419779,0.449091,0.481138,0.516247,0.555294,0.598059,0.644762,0.695403,0.750965,0.811558,0.877839,0.94937,1.027682,1.111901,1.203994,1.3009,1.404806,1.51593,1.63493,1.759179,1.888679,2.025178,2.167365,2.311739,2.457426,2.602675,2.749237,2.891861,3.028361,3.15786,3.282985,3.399359,3.499984,3.586609,3.659233,3.716983,3.757233,3.780857,3.787857,3.783483,3.767733,3.735358,3.692483,3.641733,3.585734,3.523609,3.458859,3.394109,3.337234,3.284735,3.23661,3.19286,3.156985,3.123736,3.093986,3.069486,3.044986,3.021361,2.993361,2.960112,2.918112,2.866487,2.804362,2.728237,2.643362,2.549738,2.449113,2.346739,2.239989,2.13149,2.022991,1.916241,1.812117,1.711491,1.617867,1.527743,1.449868,1.376368,1.307244,1.245994,1.189994,1.139244,1.093745,1.05437,1.01762,0.988745,0.96337,0.941495,0.92312,0.905621,0.89162,0.880246,0.87062,0.862746,0.857496,0.854871,0.852246,0.851371,0.850496,0.851371,0.85312,0.85312,0.856621,0.861871,0.867121,0.874996,0.881121,0.888996,0.898621,0.906495,0.916995,0.928371,0.941496,0.957245,0.97387,0.98962,1.00712,1.027245,1.04737,1.069245,1.091995,1.11562,1.144494,1.172495,1.200494,1.231119,1.264369,1.298494,1.332619,1.368493,1.406993,1.447243,1.487493,1.528618,1.570618,1.612618,1.651992,1.689617,1.727242,1.762242,1.797241,1.826116,1.850616,1.873366,1.890866,1.901366,1.908366,1.910991,1.909241,1.905741,1.896991,1.885616,1.873366,1.855866,1.835741,1.813866,1.791991,1.767492,1.745617,1.722867,1.700992,1.679117,1.654617,1.633617,1.612618,1.592492,1.574992,1.558368,1.546118,1.535617,1.526868,1.519867,1.516368,1.519868,1.523368,1.532993,1.547867,1.567118,1.595992,1.625742,1.664242,1.713241,1.767492,1.830491,1.902241,1.984491,2.08074,2.18399,2.30124,2.427239,2.565488,2.719488,2.883987,3.057236,3.246235,3.445734,3.652233,3.863982,4.077481,4.29798,4.514979,4.726729,4.926227,5.113477,5.291976,5.449475,5.578975,5.683974,5.766224,5.815224,5.834474,5.827473,5.797724,5.752224,5.689225,5.606974,5.519475,5.426725,5.326976,5.230726,5.141476,5.060977,4.996227,4.941977,4.899978,4.873727,4.859728,4.861477,4.875477,4.910477,4.959476,5.025978,5.106477,5.200975,5.316476,5.438977,5.578975,5.729475,5.900973,6.086472,6.285972,6.499471,6.73047,6.975468,7.230967,7.503966,7.787464,8.098964,8.413963,8.74296,9.089459,9.449957,9.831456,10.212953,10.615452,11.02495,11.45895,11.899945,12.344444,12.806444,13.282443,13.740939,14.223937,14.706933,15.20393,15.714928,16.204927,16.708925,17.226922,17.74492,18.234918,18.738918,19.242916,,5,25,0,0
0.247623,0.238873,0.228373,0.219624,0.212186,0.205624,0.200374,0.195561,0.188999,0.185717,0.18003,0.178389,0.174124,0.170296,0.166358,0.165811,0.164608,0.161108,0.160124,0.15903,0.15728,0.156733,0.15553,0.155968,0.15553,0.156624,0.15728,0.158155,0.157827,0.160124,0.160233,0.162421,0.164608,0.166577,0.169967,0.17303,0.176421,0.179702,0.183421,0.187139,0.191405,0.196217,0.20092,0.207155,0.213608,0.22017,0.22553,0.233952,0.24303,0.252327,0.26228,0.272451,0.285358,0.300014,0.314123,0.328342,0.346607,0.367498,0.388279,0.410263,0.435857,0.465716,0.4982,0.5297,0.565138,0.606044,0.652418,0.699231,0.748559,0.804996,0.868433,0.93362,0.998808,1.070338,1.151932,1.236588,1.317525,1.403274,1.49843,1.596867,1.690054,1.781492,1.877741,1.976178,2.066303,2.14724,2.22949,2.314802,2.388739,2.445613,2.493739,2.544488,2.585613,2.608363,2.619738,2.635488,2.645113,2.638988,2.623238,2.608363,2.594363,2.569863,2.537488,2.509488,2.483238,2.458739,2.424613,2.386989,2.354614,2.319614,2.275865,2.22424,2.172615,2.11924,2.06149,1.994116,1.925866,1.857616,1.784992,1.706242,1.630117,1.559243,1.485743,1.416618,1.350993,1.290619,1.232869,1.175119,1.125244,1.079744,1.03862,0.99837,0.96337,0.933621,0.908245,0.88287,0.86012,0.839996,0.825121,0.809371,0.794496,0.783121,0.774371,0.768246,0.760371,0.749871,0.744621,0.741121,0.736746,0.730621,0.727121,0.727121,0.726246,0.725371,0.721871,0.721871,0.723621,0.724496,0.723621,0.726246,0.733246,0.737621,0.740246,0.743746,0.753371,0.760371,0.769121,0.774371,0.785746,0.798871,0.809371,0.819871,0.832121,0.847871,0.864496,0.876745,0.89337,0.91262,0.933621,0.953745,0.97212,0.99312,1.018495,1.042995,1.062245,1.084995,1.11212,1.140119,1.161994,1.183869,1.210994,1.237244,1.259119,1.275744,1.295869,1.316869,1.334369,1.343118,1.353619,1.364118,1.373743,1.373743,1.369368,1.368494,1.368493,1.359743,1.350994,1.341369,1.334368,1.322118,1.304619,1.290619,1.279244,1.268744,1.252119,1.238994,1.230244,1.221494,1.209244,1.200494,1.191744,1.188244,1.182994,1.176869,1.175994,1.181244,1.187369,1.191744,1.198744,1.211869,1.231994,1.249494,1.272244,1.302869,1.342243,1.385118,1.425368,1.476118,1.537368,1.607368,1.677367,1.753492,1.844491,1.947741,2.05274,2.160365,2.280239,2.414989,2.553238,2.687988,2.828862,2.981986,3.139486,3.284735,3.421234,3.562983,3.708233,3.834232,3.939232,4.031981,4.129981,4.21223,4.262981,4.29973,4.336481,4.36273,4.36098,4.34698,4.33473,4.329481,4.310231,4.280481,4.254231,4.24023,4.220981,4.196481,4.18423,4.184231,4.19648,4.203481,4.217481,4.250731,4.29623,4.34348,4.39073,4.45723,4.54473,4.637479,4.728478,4.833479,4.961227,5.097727,5.232477,5.372476,5.538725,5.720724,5.906223,6.086472,6.289472,6.520471,6.744469,6.968468,7.199467,7.472466,7.745466,8.011464,8.277464,8.57846,8.89696,9.204958,9.495456,9.813956,10.163954,10.503454,10.832451,11.171949,11.539449,11.910446,12.253444,12.596444,,5,25,0,0
0.288748,0.281748,0.269498,0.257248,0.251998,0.244123,0.238873,0.232748,0.223999,0.218749,0.216124,0.211749,0.205624,0.203874,0.201249,0.198624,0.197749,0.196874,0.195124,0.194686,0.193811,0.192061,0.192499,0.194249,0.19578,0.197311,0.19928,0.201686,0.204092,0.208139,0.211858,0.21492,0.221155,0.226295,0.232639,0.239311,0.247295,0.253967,0.263155,0.272123,0.282514,0.294217,0.306467,0.31992,0.334248,0.350326,0.367717,0.387295,0.408185,0.432138,0.458497,0.487044,0.518544,0.553872,0.591934,0.633934,0.679981,0.730512,0.787605,0.848308,0.915464,0.989183,1.069464,1.156088,1.249275,1.349681,1.459274,1.576305,1.701429,1.832241,1.971803,2.116615,2.265802,2.418489,2.575988,2.7348,2.890987,3.047611,3.200735,3.34686,3.484234,3.606734,3.719608,3.819358,3.900732,3.963732,4.012732,4.045982,4.059982,4.054732,4.031982,3.998732,3.950607,3.890232,3.824608,3.758108,3.689858,3.619858,3.554234,3.489484,3.429109,3.37136,3.319735,3.272485,3.226985,3.183235,3.134236,3.079986,3.017861,2.946111,2.862987,2.772862,2.670488,2.561988,2.450864,2.334489,2.21724,2.099115,1.981866,1.869866,1.760491,1.660742,1.566242,1.482243,1.404368,1.334368,1.270493,1.212744,1.162869,1.11737,1.07712,1.04387,1.014995,0.990495,0.96862,0.95112,0.936246,0.922245,0.91262,0.902995,0.895996,0.891621,0.888995,0.88637,0.885496,0.885495,0.887246,0.888995,0.890746,0.895995,0.901245,0.90737,0.91437,0.922245,0.93187,0.94237,0.95462,0.96687,0.97912,0.99662,1.01587,1.034245,1.055245,1.07712,1.09987,1.12612,1.15412,1.182119,1.214494,1.247744,1.283619,1.319494,1.357994,1.398243,1.441118,1.483993,1.528618,1.574992,1.621367,1.667742,1.714117,1.755242,1.798116,1.835741,1.868991,1.897866,1.921491,1.943366,1.958241,1.966991,1.971366,1.968741,1.959991,1.946866,1.931991,1.911866,1.888241,1.868116,1.841866,1.815616,1.786741,1.756992,1.730742,1.703617,1.674742,1.651117,1.627492,1.606493,1.586368,1.567992,1.552243,1.539993,1.530367,1.523368,1.524242,1.525993,1.533868,1.546118,1.562743,1.585492,1.616118,1.650242,1.697492,1.749992,1.812992,1.884741,1.966991,2.05799,2.16299,2.280239,2.409739,2.556738,2.714237,2.885737,3.071236,3.274235,3.482484,3.699483,3.930481,4.163231,4.39948,4.635729,4.870227,5.094227,5.305976,5.498475,5.668224,5.813474,5.932473,6.021723,6.074223,6.109222,6.107472,6.079472,6.023473,5.946474,5.855473,5.750474,5.638474,5.526475,5.421475,5.319976,5.228976,5.144977,5.074976,5.018977,4.976978,4.959477,4.955977,4.976977,5.011977,5.064478,5.130976,5.214976,5.316476,5.435475,5.571975,5.722474,5.893974,6.075972,6.282472,6.502971,6.73047,6.982469,7.244967,7.531965,7.829465,8.151462,8.483961,8.837461,9.194459,9.565456,9.957455,10.356453,10.769453,11.18945,11.640949,12.099445,12.557945,13.02344,13.50994,13.999939,14.489935,14.979934,15.49793,16.01593,16.533924,17.037922,17.555922,18.073918,18.570918,19.074914,19.571914,20.06891,20.572908,21.041904,21.510902,21.9869,22.4209,22.8689,,5,25,0,0
0.307998,0.299248,0.288748,0.277373,0.270373,0.262498,0.253748,0.250248,0.242373,0.238436,0.231436,0.227498,0.225311,0.219624,0.218311,0.216124,0.215686,0.212186,0.211311,0.209561,0.207811,0.209124,0.208686,0.210436,0.210436,0.21153,0.212405,0.214592,0.217874,0.220389,0.223342,0.227498,0.232202,0.236248,0.242373,0.247623,0.254186,0.261405,0.26917,0.277483,0.286233,0.296733,0.307233,0.318717,0.331732,0.346389,0.360935,0.377998,0.396045,0.416935,0.440123,0.465279,0.492732,0.522919,0.55606,0.592919,0.632731,0.676809,0.725699,0.781152,0.838902,0.903433,0.974308,1.052182,1.135307,1.226307,1.324962,1.431931,1.546993,1.668617,1.799429,1.937678,2.081615,2.22949,2.386551,2.546238,2.708113,2.872612,3.036236,3.198985,3.356485,3.504359,3.643483,3.775608,3.891982,3.994357,4.080106,4.153606,4.207856,4.240231,4.252481,4.249856,4.23323,4.195606,4.145731,4.092356,4.031981,3.965481,3.891982,3.820232,3.751983,3.681982,3.617234,3.554234,3.498234,3.442234,3.384485,3.324984,3.254985,3.181485,3.097485,3.002986,2.899737,2.791237,2.677488,2.560238,2.437739,2.315239,2.19274,2.07024,1.958241,1.849741,1.746492,1.655492,1.569742,1.492743,1.420993,1.356243,1.298494,1.245994,1.200494,1.158494,1.125244,1.097245,1.069245,1.048245,1.027245,1.009745,0.997495,0.983495,0.972995,0.965995,0.958995,0.955495,0.951995,0.950245,0.948495,0.944995,0.948495,0.950245,0.951995,0.957245,0.960745,0.969495,0.976495,0.985245,0.993995,1.004495,1.016745,1.030745,1.048245,1.065745,1.083244,1.104245,1.125244,1.147994,1.174244,1.198744,1.228494,1.259994,1.293244,1.326493,1.363243,1.399993,1.441993,1.480493,1.524242,1.567993,1.613493,1.660742,1.707992,1.755242,1.798991,1.842742,1.882991,1.919741,1.954741,1.987991,2.014241,2.03174,2.04924,2.05974,2.06149,2.05799,2.04924,2.03874,2.02474,2.005491,1.98274,1.958241,1.931991,1.902241,1.874241,1.842741,1.811241,1.783241,1.756992,1.730742,1.706242,1.681742,1.658992,1.639742,1.625742,1.609992,1.599493,1.594242,1.594242,1.595992,1.601242,1.613493,1.630992,1.651992,1.679992,1.718492,1.763992,1.818241,1.879491,1.951241,2.033491,2.12799,2.232989,2.346739,2.479738,2.624988,2.778987,2.948737,3.130736,3.326735,3.526233,3.739733,3.958482,4.184231,4.40823,4.626979,4.845728,5.057477,5.242977,5.414475,5.568475,5.697974,5.802974,5.876473,5.927223,5.949973,5.942974,5.907973,5.855472,5.788974,5.701474,5.603475,5.508976,5.417975,5.323477,5.228977,5.144976,5.078477,5.015478,4.966477,4.934977,4.924477,4.931477,4.948977,4.980478,5.029477,5.095977,5.172977,5.263975,5.372474,5.505475,5.652474,5.806473,5.977973,6.170472,6.369972,6.579969,6.814469,7.066467,7.332466,7.612465,7.902965,8.210963,8.529461,8.858459,9.197959,9.551457,9.922455,10.303953,10.695951,11.09495,11.514949,11.931447,12.351446,12.785442,13.236939,13.698938,14.153937,14.608937,15.084933,15.553929,16.015929,16.484924,16.953924,17.42292,17.87792,18.34692,18.808916,19.263912,19.697912,20.14591,20.586906,,5,25,0,0
0.272998,0.261623,0.251998,0.240623,0.232311,0.223561,0.22028,0.211311,0.20453,0.200155,0.194358,0.190967,0.186702,0.183967,0.180467,0.179374,0.177077,0.174452,0.173249,0.172811,0.171499,0.170514,0.170624,0.172483,0.173358,0.17478,0.176858,0.179046,0.180577,0.182655,0.186264,0.189983,0.193811,0.198733,0.203545,0.209014,0.214374,0.221483,0.227717,0.234717,0.242811,0.251998,0.261186,0.272342,0.283826,0.295529,0.309639,0.323748,0.339717,0.35842,0.378435,0.399982,0.424701,0.450951,0.479279,0.511107,0.545341,0.582528,0.6242,0.670247,0.717496,0.772621,0.831027,0.894246,0.963808,1.037964,1.117588,1.2029,1.296306,1.392993,1.496243,1.605617,1.716742,1.832679,1.952991,2.072865,2.19449,2.318302,2.438176,2.555863,2.669613,2.777237,2.877862,2.969736,3.051986,3.121986,3.184985,3.235735,3.27336,3.300485,3.31536,3.319734,3.31361,3.29961,3.27511,3.251485,3.22436,3.191985,3.162235,3.13161,3.100111,3.069486,3.040611,3.010861,2.980236,2.952236,2.918112,2.879612,2.834112,2.778987,2.716863,2.648612,2.568113,2.483239,2.395739,2.303864,2.209364,2.11399,2.017741,1.923241,1.832241,1.743867,1.659867,1.585492,1.512867,1.447243,1.387743,1.329994,1.279244,1.231119,1.189119,1.149744,1.116494,1.08762,1.062245,1.037745,1.018495,0.99837,0.98262,0.969495,0.95637,0.94587,0.939745,0.93187,0.925745,0.920495,0.917871,0.913495,0.911746,0.90912,0.90737,0.908246,0.909995,0.91262,0.915246,0.918745,0.922246,0.928371,0.93537,0.941496,0.95112,0.96162,0.97387,0.98437,0.99837,1.011495,1.025495,1.042995,1.058744,1.07887,1.098995,1.119119,1.14012,1.164619,1.189994,1.216244,1.242494,1.271369,1.300243,1.332618,1.364994,1.396493,1.430618,1.463868,1.497118,1.529493,1.560118,1.593367,1.624868,1.656367,1.682617,1.707992,1.732492,1.752617,1.768366,1.782367,1.794617,1.803366,1.810366,1.812116,1.810366,1.805117,1.798116,1.787616,1.773617,1.762242,1.748241,1.731617,1.715867,1.698367,1.681742,1.664242,1.645867,1.629242,1.616117,1.602992,1.590742,1.581118,1.572367,1.563618,1.558368,1.553992,1.553992,1.556618,1.562742,1.571493,1.586367,1.604742,1.627492,1.657242,1.690492,1.730742,1.779741,1.835742,1.900491,1.97224,2.05449,2.14549,2.243489,2.355489,2.474488,2.602238,2.745738,2.896236,3.055485,3.225235,3.401985,3.583984,3.772982,3.961982,4.147481,4.33298,4.51673,4.691728,4.852728,5.001478,5.129226,5.239476,5.333975,5.403976,5.459975,5.496725,5.512475,5.510726,5.498475,5.470475,5.428475,5.388225,5.337475,5.288476,5.246477,5.204477,5.162477,5.130977,5.099477,5.078477,5.064476,5.060976,5.071477,5.092478,5.123977,5.162477,5.214976,5.277976,5.351475,5.438975,5.533475,5.645474,5.764474,5.897474,6.044473,6.194972,6.362971,6.53797,6.72347,6.915968,7.122466,7.335967,7.566965,7.801465,8.046464,8.308962,8.581962,8.85496,9.145457,9.439457,9.754457,10.069455,10.394954,10.723952,11.059951,11.399449,11.742448,12.092445,12.424944,12.781944,13.124942,13.495941,13.852938,14.223935,,5,25,0,0
0.280873,0.272998,0.260748,0.249373,0.241498,0.233623,0.228592,0.220936,0.213717,0.209342,0.205186,0.202014,0.19753,0.194796,0.193046,0.191952,0.188999,0.188342,0.188233,0.186702,0.187139,0.188671,0.187796,0.191077,0.192717,0.195671,0.198514,0.201467,0.205733,0.209999,0.215249,0.22017,0.226186,0.233952,0.240623,0.24817,0.257358,0.266436,0.276498,0.287654,0.299686,0.312373,0.327029,0.34267,0.359623,0.378545,0.39867,0.41967,0.445044,0.472169,0.501263,0.533747,0.570059,0.607903,0.651106,0.697481,0.746371,0.801496,0.861214,0.926402,0.997495,1.075151,1.157619,1.247088,1.344431,1.446368,1.556618,1.674742,1.798554,1.929803,2.06849,2.208927,2.355052,2.506426,2.656925,2.808737,2.960987,3.113235,3.258485,3.401985,3.536734,3.661858,3.779108,3.884107,3.975982,4.055606,4.123856,4.176356,4.219231,4.246355,4.256855,4.258605,4.248106,4.22448,4.196481,4.16498,4.129981,4.089731,4.054732,4.012732,3.974231,3.933982,3.891982,3.851733,3.809732,3.762483,3.713483,3.657483,3.589234,3.510484,3.421234,3.321485,3.209485,3.093986,2.974986,2.848987,2.722987,2.595238,2.465739,2.343239,2.22249,2.10699,1.99674,1.900491,1.807741,1.721992,1.644992,1.571493,1.506743,1.448993,1.392994,1.343993,1.303744,1.263494,1.231994,1.202244,1.175994,1.151495,1.132244,1.114745,1.097245,1.086745,1.076245,1.065745,1.058744,1.051745,1.046495,1.042995,1.039495,1.034245,1.035995,1.035995,1.037745,1.039495,1.042995,1.048245,1.051745,1.060495,1.065745,1.074495,1.086745,1.097244,1.111245,1.125244,1.139244,1.156744,1.174244,1.193494,1.210994,1.235494,1.258243,1.282744,1.308994,1.338744,1.366743,1.398243,1.429743,1.462993,1.497993,1.536492,1.574993,1.613492,1.651992,1.690492,1.730742,1.767491,1.804242,1.842741,1.881241,1.914491,1.945991,1.975741,2.001991,2.022991,2.040491,2.05624,2.06849,2.07724,2.08249,2.08074,2.07374,2.06849,2.050991,2.036991,2.01949,2.00024,1.97749,1.958241,1.93549,1.909241,1.884741,1.858492,1.835741,1.809492,1.788492,1.769242,1.753492,1.734242,1.718492,1.704492,1.693992,1.685242,1.678242,1.678242,1.679992,1.686992,1.699241,1.714992,1.734242,1.760491,1.795491,1.837491,1.884742,1.942491,2.00724,2.08249,2.16474,2.25749,2.360739,2.472738,2.593488,2.728237,2.873487,3.025736,3.190236,3.363484,3.538484,3.722233,3.912982,4.100231,4.28923,4.476479,4.651479,4.824728,4.980478,5.120477,5.244726,5.346226,5.430225,5.484475,5.531725,5.556225,5.559725,5.547475,5.519475,5.477475,5.421474,5.365477,5.295476,5.235976,5.172977,5.113477,5.057476,5.004978,4.959478,4.920978,4.889478,4.868479,4.857978,4.861477,4.878977,4.899977,4.938478,4.990977,5.050477,5.120476,5.204477,5.305976,5.414477,5.543975,5.669974,5.816973,5.981474,6.149473,6.331472,6.52047,6.730469,6.950969,7.178468,7.419968,7.675466,7.944964,8.221462,8.515462,8.819961,9.127959,9.449956,9.792956,10.135953,10.489454,10.853452,11.21395,11.584947,11.959446,12.344443,12.697941,13.089941,13.488941,13.873938,14.272935,,5,25,0,0
0.235373,0.227498,0.216999,0.207811,0.201686,0.193811,0.187249,0.17828,0.175436,0.170405,0.164499,0.160452,0.157389,0.15378,0.152796,0.150718,0.147764,0.146014,0.143171,0.141749,0.140436,0.140655,0.139015,0.138686,0.137702,0.138249,0.137593,0.13639,0.137155,0.13639,0.137155,0.137155,0.13814,0.138577,0.139233,0.13978,0.141421,0.142843,0.143608,0.145139,0.146124,0.149514,0.151921,0.153889,0.156952,0.159139,0.162968,0.166577,0.170733,0.175108,0.180577,0.186811,0.192936,0.199608,0.206608,0.215139,0.22367,0.233186,0.243139,0.254076,0.266326,0.279561,0.293233,0.307779,0.323201,0.339826,0.356779,0.374607,0.394513,0.414529,0.435529,0.456966,0.479388,0.502357,0.5262,0.550153,0.5752,0.601887,0.629887,0.658434,0.688403,0.719903,0.754027,0.790996,0.831902,0.877402,0.929902,0.988745,1.056339,1.132463,1.221494,1.32365,1.438712,1.57018,1.716304,1.881241,2.060615,2.251802,2.453051,2.660425,2.868674,3.071673,3.263735,3.440484,3.595358,3.723108,3.820232,3.883232,3.910357,3.900732,3.855232,3.779108,3.675858,3.548984,3.409859,3.25586,3.093111,2.923361,2.755362,2.585613,2.421989,2.267114,2.116615,1.979241,1.851491,1.732492,1.620492,1.518993,1.424493,1.337868,1.260869,1.189119,1.126995,1.07012,1.01762,0.97212,0.929245,0.889871,0.855746,0.824246,0.795371,0.769121,0.747246,0.725371,0.705246,0.686872,0.669371,0.652747,0.636997,0.622122,0.608122,0.595872,0.585372,0.574872,0.564372,0.555622,0.548622,0.540747,0.534622,0.528497,0.524122,0.519747,0.517122,0.513622,0.512747,0.510997,0.510122,0.508372,0.506622,0.509247,0.509247,0.510122,0.510997,0.514497,0.514497,0.517122,0.518872,0.521497,0.524122,0.527622,0.529372,0.532872,0.536372,0.540747,0.541622,0.545122,0.548622,0.552122,0.553872,0.559122,0.561747,0.562622,0.566997,0.566122,0.567872,0.568747,0.569622,0.570497,0.570497,0.571372,0.570497,0.569622,0.568747,0.566122,0.564372,0.564372,0.561747,0.560872,0.560872,0.560872,0.559122,0.559122,0.559122,0.559997,0.562622,0.565247,0.566997,0.571372,0.575747,0.578372,0.584497,0.589747,0.595872,0.603747,0.612497,0.622997,0.633497,0.646622,0.659747,0.673746,0.690371,0.707871,0.727121,0.748121,0.772621,0.798871,0.828621,0.857496,0.890746,0.927496,0.96687,1.00887,1.05437,1.101619,1.151495,1.203994,1.259119,1.313369,1.370243,1.427993,1.484868,1.541742,1.598617,1.652867,1.702742,1.752617,1.797241,1.840991,1.883866,1.923241,1.960866,2.002866,2.044865,2.08599,2.12974,2.174365,2.22599,2.281989,2.340614,2.407113,2.482363,2.562863,2.649488,2.743987,2.846362,2.956611,3.075611,3.20336,3.342485,3.485984,3.643483,3.809733,3.981231,4.164981,4.35748,4.563979,4.779229,5.003228,5.242976,5.489725,5.746974,6.012973,6.292972,6.57997,6.882719,7.188967,7.509217,7.836464,8.182963,8.525961,8.882961,9.250459,9.628456,10.006455,10.405454,10.811451,11.217451,11.633948,12.053945,12.480943,12.911442,13.34894,13.786438,14.223937,14.671934,15.123431,15.553931,16.001926,16.449925,16.904924,,12.5,2.5,0,0
0.223124,0.214374,0.203874,0.196874,0.186811,0.182436,0.173467,0.169749,0.163843,0.16078,0.156405,0.152905,0.150061,0.145686,0.145468,0.140874,0.140983,0.138468,0.13628,0.136061,0.133327,0.132999,0.131905,0.131468,0.130483,0.131358,0.130593,0.130046,0.129061,0.12928,0.128843,0.128405,0.129499,0.130046,0.131358,0.131796,0.13278,0.132671,0.133436,0.135733,0.136499,0.138796,0.140546,0.142405,0.145577,0.147108,0.149843,0.152905,0.156077,0.160124,0.164389,0.168655,0.174233,0.179811,0.185499,0.19228,0.199499,0.207045,0.215249,0.224545,0.234936,0.245873,0.257358,0.269061,0.282951,0.296623,0.311826,0.327248,0.344201,0.362467,0.38117,0.400091,0.420216,0.441326,0.463201,0.485185,0.508153,0.532981,0.559341,0.585153,0.612606,0.64159,0.672762,0.704809,0.739152,0.778527,0.822058,0.871277,0.925527,0.988526,1.060057,1.141869,1.235275,1.34115,1.462118,1.59993,1.749554,1.913178,2.090365,2.276302,2.466613,2.656925,2.845925,3.026174,3.190235,3.335485,3.457109,3.551609,3.613734,3.640858,3.636483,3.602358,3.537608,3.445734,3.335485,3.211235,3.072111,2.921611,2.766737,2.610113,2.455239,2.302989,2.156865,2.021241,1.892616,1.771867,1.659867,1.553993,1.458618,1.368494,1.287994,1.214494,1.148869,1.08937,1.035995,0.986995,0.941495,0.901245,0.864496,0.831246,0.802371,0.774371,0.750746,0.728871,0.707871,0.688622,0.670247,0.653622,0.636997,0.622997,0.608997,0.597622,0.585372,0.575747,0.564372,0.554747,0.546872,0.537247,0.531122,0.524997,0.520622,0.517122,0.511872,0.509247,0.506622,0.503997,0.502247,0.500497,0.498747,0.499622,0.500497,0.500497,0.502247,0.502247,0.503997,0.503997,0.505747,0.509247,0.511872,0.513622,0.516247,0.518872,0.521497,0.524997,0.527622,0.530247,0.532872,0.537247,0.539872,0.542497,0.545997,0.548622,0.551247,0.552122,0.553872,0.555622,0.558247,0.558247,0.559122,0.559997,0.559997,0.558247,0.557372,0.556497,0.554747,0.553872,0.552122,0.552122,0.551247,0.549497,0.549497,0.549497,0.548622,0.547747,0.548622,0.550372,0.552997,0.555622,0.558247,0.560872,0.565247,0.569622,0.574872,0.580122,0.587122,0.594997,0.603747,0.613372,0.624747,0.636122,0.648372,0.661497,0.678121,0.695621,0.714871,0.734996,0.757746,0.783996,0.811121,0.839121,0.868871,0.902995,0.94237,0.98262,1.02637,1.07012,1.117369,1.16637,1.217119,1.269619,1.324744,1.378118,1.431493,1.485743,1.539117,1.590742,1.640617,1.687867,1.733367,1.778867,1.821741,1.861991,1.903991,1.946866,1.98799,2.032615,2.07724,2.127115,2.181365,2.239115,2.302989,2.371239,2.446489,2.525239,2.609238,2.702862,2.803487,2.909361,3.024861,3.146486,3.27861,3.417734,3.562983,3.715233,3.881482,4.051232,4.234981,4.42398,4.626979,4.836978,5.057477,5.283226,5.521224,5.769723,6.025223,6.287721,6.56422,6.849469,7.150468,7.446216,7.755965,8.074464,8.406963,8.73946,9.078959,9.435957,9.796455,10.156954,10.527952,10.898952,11.280449,11.668948,12.057446,12.445943,12.837943,13.24744,13.642938,14.048937,14.451436,14.853935,,12.5,2.5,0,0
0.272998,0.262498,0.246748,0.236248,0.226624,0.217874,0.208686,0.203436,0.195561,0.187686,0.183311,0.178936,0.173686,0.168436,0.164499,0.160561,0.157936,0.157061,0.154436,0.151374,0.150499,0.146999,0.145249,0.145686,0.144374,0.144374,0.144155,0.141968,0.142624,0.14153,0.140655,0.140874,0.141749,0.141858,0.142952,0.143827,0.144264,0.144921,0.146014,0.147218,0.14853,0.150827,0.152139,0.153999,0.156186,0.158593,0.161108,0.164061,0.167343,0.170842,0.174999,0.180358,0.185389,0.191077,0.197202,0.202889,0.211202,0.218967,0.228045,0.23767,0.24828,0.26042,0.27267,0.285904,0.300123,0.315654,0.33217,0.349889,0.368154,0.387951,0.40906,0.429623,0.451388,0.474466,0.497763,0.521278,0.544247,0.570059,0.595325,0.619606,0.644872,0.670356,0.696824,0.72384,0.752934,0.783996,0.82009,0.860339,0.90562,0.957902,1.018932,1.09112,1.175994,1.273556,1.389931,1.525118,1.677804,1.847554,2.03699,2.244364,2.461801,2.683175,2.909361,3.130736,3.342485,3.528859,3.689858,3.819358,3.912107,3.959357,3.962857,3.929606,3.856107,3.750233,3.620733,3.467609,3.30136,3.121986,2.932987,2.746612,2.563738,2.385239,2.214615,2.05799,1.910116,1.773617,1.645867,1.529493,1.421868,1.323869,1.234619,1.155869,1.08587,1.020245,0.964245,0.911746,0.866246,0.824246,0.785746,0.753371,0.722746,0.696496,0.671996,0.649247,0.629122,0.609872,0.593247,0.575747,0.561747,0.548622,0.535497,0.524122,0.513622,0.504872,0.496997,0.488247,0.482122,0.476872,0.470747,0.467247,0.463747,0.462872,0.460247,0.459372,0.457622,0.457623,0.458497,0.459372,0.459372,0.461122,0.462872,0.466372,0.468123,0.468997,0.469872,0.474247,0.475122,0.477747,0.481247,0.483872,0.486497,0.487372,0.489997,0.493497,0.494372,0.496122,0.496997,0.501372,0.502247,0.502247,0.502247,0.503122,0.503122,0.502247,0.501372,0.502247,0.501372,0.501372,0.499622,0.499622,0.499622,0.497872,0.497872,0.497872,0.496997,0.500497,0.498747,0.502247,0.503122,0.504872,0.508372,0.510997,0.516247,0.519747,0.524997,0.530247,0.537247,0.545997,0.552997,0.563497,0.572247,0.583622,0.598497,0.609872,0.627372,0.644872,0.664122,0.685121,0.707871,0.734121,0.762121,0.792746,0.826871,0.866246,0.90737,0.951995,0.999245,1.05087,1.106869,1.16287,1.223244,1.286244,1.349243,1.413993,1.478743,1.542618,1.602992,1.663367,1.715867,1.766617,1.812992,1.858491,1.901366,1.939866,1.976616,2.015991,2.055365,2.092115,2.13499,2.181365,2.237364,2.295989,2.362489,2.437739,2.523488,2.615363,2.716862,2.830612,2.955736,3.09661,3.242735,3.401984,3.576983,3.765982,3.963732,4.175481,4.40473,4.639228,4.898228,5.165976,5.452975,5.759224,6.075972,6.403221,6.75147,7.115468,7.498716,7.890714,8.301962,8.73246,9.176958,9.614456,10.083455,10.566453,11.059951,11.560447,12.074946,12.606944,13.149442,13.695439,14.248437,14.804933,15.378931,15.945928,16.526924,17.107922,17.71692,18.29792,18.871914,19.438912,20.01291,20.579906,21.139904,21.678904,22.238898,22.7919,23.309894,23.813892,24.32489,24.814886,,12.5,2.5,0,0
0.262498,0.253748,0.244998,0.235373,0.226623,0.217874,0.213499,0.206499,0.201249,0.197311,0.194249,0.189436,0.185499,0.183311,0.180686,0.176749,0.175874,0.173686,0.172374,0.169749,0.167561,0.166686,0.165374,0.166249,0.164499,0.163405,0.163843,0.163624,0.16253,0.161655,0.161655,0.161874,0.16253,0.163296,0.163296,0.163514,0.164718,0.165921,0.166139,0.167124,0.168108,0.169858,0.171389,0.173577,0.175327,0.177624,0.179702,0.182546,0.18528,0.188342,0.192827,0.196655,0.201686,0.206936,0.211967,0.218092,0.224983,0.231873,0.239311,0.24828,0.257358,0.268186,0.279123,0.290826,0.303842,0.317186,0.331732,0.347264,0.363998,0.382154,0.401076,0.420763,0.441107,0.463747,0.48606,0.509357,0.533856,0.560763,0.587778,0.616106,0.645528,0.67659,0.710168,0.743309,0.781152,0.822058,0.868214,0.919402,0.976495,1.041682,1.115401,1.200713,1.297837,1.409618,1.536493,1.683492,1.843616,2.02124,2.214615,2.418489,2.629363,2.842424,3.054173,3.256735,3.440484,3.602358,3.740608,3.842982,3.903357,3.928732,3.914732,3.864858,3.777358,3.662733,3.529734,3.376609,3.21036,3.033611,2.854237,2.674863,2.498114,2.329239,2.170865,2.023865,1.886491,1.761367,1.644992,1.537368,1.439368,1.351869,1.271369,1.199619,1.136619,1.079745,1.028995,0.981745,0.93887,0.901245,0.867996,0.837371,0.808496,0.782246,0.760371,0.739371,0.719246,0.700871,0.682496,0.667622,0.651872,0.636997,0.624747,0.611622,0.601997,0.592372,0.581872,0.573122,0.564372,0.559122,0.552997,0.547747,0.545122,0.541622,0.538997,0.535497,0.535497,0.533747,0.531122,0.531997,0.531997,0.531997,0.532872,0.534622,0.536372,0.538122,0.538997,0.540747,0.543372,0.545122,0.547747,0.548622,0.552122,0.553872,0.556497,0.558247,0.559997,0.562622,0.563497,0.564372,0.566122,0.567872,0.566997,0.567872,0.566997,0.566122,0.565247,0.563497,0.562622,0.561747,0.560872,0.558247,0.557372,0.555622,0.554747,0.551247,0.549497,0.549497,0.549497,0.548622,0.550372,0.548622,0.550372,0.550372,0.552122,0.555622,0.558247,0.562622,0.567872,0.572247,0.578372,0.585372,0.592372,0.600247,0.609872,0.621247,0.634372,0.647496,0.662372,0.678122,0.697372,0.717496,0.740246,0.764746,0.791871,0.823371,0.855746,0.890746,0.929245,0.97037,1.013245,1.060495,1.108619,1.160245,1.215369,1.271369,1.326494,1.382493,1.439368,1.496243,1.548743,1.601242,1.651117,1.702742,1.746492,1.790241,1.831366,1.872491,1.911866,1.949491,1.987991,2.029116,2.07374,2.120115,2.16999,2.226864,2.286364,2.351114,2.422864,2.505113,2.590863,2.687988,2.792112,2.904111,3.026611,3.153486,3.289984,3.436984,3.596234,3.764233,3.942732,4.133481,4.33298,4.54473,4.761728,4.992727,5.235976,5.491475,5.755724,6.035723,6.324471,6.62547,6.929969,7.246717,7.573965,7.913464,8.259963,8.609961,8.984459,9.369458,9.747457,10.142955,10.538453,10.951451,11.367948,11.787947,12.221945,12.669943,13.114442,13.555438,14.010437,14.465435,14.916933,15.378929,15.826928,16.281927,16.743926,17.205924,17.65392,18.129918,18.556918,18.983916,,12.5,2.5,0,0
0.208249,0.201249,0.188124,0.181999,0.171499,0.164499,0.159468,0.15378,0.14503,0.142843,0.13989,0.135733,0.132233,0.129936,0.126983,0.124468,0.122827,0.12064,0.118561,0.117468,0.116702,0.115171,0.114952,0.112874,0.11353,0.112218,0.111999,0.112874,0.112436,0.112108,0.112218,0.112874,0.113421,0.113858,0.114733,0.115499,0.117686,0.11889,0.120202,0.121296,0.123483,0.125343,0.12764,0.130374,0.133546,0.136171,0.139889,0.143171,0.147655,0.152358,0.157608,0.163405,0.169858,0.177077,0.184186,0.192171,0.20103,0.210874,0.220827,0.232311,0.244452,0.257467,0.272451,0.287436,0.302858,0.320467,0.337967,0.357217,0.377342,0.39856,0.420982,0.444169,0.468232,0.492732,0.517888,0.5437,0.570497,0.599153,0.628028,0.658215,0.689278,0.721653,0.756434,0.794496,0.836277,0.881339,0.932527,0.990933,1.056995,1.131807,1.21865,1.317306,1.43018,1.55968,1.704055,1.869866,2.05274,2.250052,2.461801,2.6858,2.916362,3.14386,3.370485,3.582234,3.776483,3.948857,4.090607,4.195606,4.26298,4.290981,4.276106,4.226231,4.138731,4.018857,3.882357,3.724858,3.550734,3.367859,3.178861,2.988111,2.801737,2.617988,2.442114,2.281114,2.12799,1.98624,1.854116,1.730742,1.617867,1.513743,1.420118,1.333493,1.257369,1.188244,1.125245,1.06837,1.01762,0.97037,0.92837,0.89162,0.854871,0.824246,0.797121,0.770871,0.747246,0.724496,0.703496,0.685122,0.665871,0.649247,0.632622,0.618622,0.604622,0.592372,0.580122,0.570497,0.559122,0.550372,0.542497,0.533747,0.529372,0.524122,0.519747,0.515372,0.512747,0.509247,0.506622,0.504872,0.503122,0.502247,0.502247,0.502247,0.503122,0.503122,0.504872,0.504872,0.505747,0.507497,0.509247,0.510122,0.513622,0.514497,0.516247,0.517122,0.520622,0.520622,0.521497,0.524122,0.524122,0.525872,0.526747,0.526747,0.527622,0.526747,0.527622,0.526747,0.527622,0.525872,0.524997,0.525872,0.524997,0.523247,0.522372,0.521497,0.518872,0.518872,0.517997,0.517122,0.516247,0.517122,0.516247,0.516247,0.517997,0.517997,0.521497,0.524997,0.527622,0.531997,0.534622,0.541622,0.547747,0.552122,0.559122,0.566122,0.576622,0.586247,0.596747,0.610747,0.622122,0.636997,0.654497,0.671121,0.690371,0.712246,0.736746,0.762121,0.790121,0.821621,0.854871,0.888995,0.929245,0.96862,1.01587,1.06312,1.11387,1.168119,1.224994,1.282744,1.342243,1.402618,1.465618,1.527743,1.590743,1.651117,1.707992,1.766617,1.819117,1.869866,1.919741,1.966116,2.01249,2.05624,2.10349,2.148115,2.197115,2.247865,2.300365,2.358114,2.421989,2.490239,2.567238,2.651238,2.743988,2.841112,2.949612,3.065111,3.190235,3.326734,3.473734,3.629484,3.797483,3.979481,4.166731,4.36973,4.588479,4.814228,5.055727,5.311226,5.578975,5.853723,6.147722,6.45047,6.765469,7.096218,7.435716,7.787465,8.158464,8.532962,8.91796,9.320459,9.729956,10.153454,10.583952,11.031949,11.483449,11.952447,12.428444,12.907942,13.39444,13.894938,14.391936,14.885433,15.392932,15.861927,16.365926,16.869924,17.37392,17.87092,18.374918,18.864916,,12.5,2.5,0,0
0.176311,0.173686,0.164936,0.154436,0.148093,0.145686,0.138249,0.134093,0.131905,0.125999,0.121405,0.120093,0.11889,0.114952,0.112108,0.111562,0.109155,0.107624,0.107077,0.105327,0.103358,0.10303,0.102812,0.10234675,0.101827,0.101718,0.099202688,0.099530808,0.09917534,0.098983936,0.098983928,0.099257366,0.0995308,0.0995308,0.101062,0.101827,0.100843,0.102812,0.104124,0.102921,0.105437,0.107624,0.107843,0.109374,0.112546,0.113311,0.11528,0.11889,0.12053,0.122608,0.126874,0.13103,0.133218,0.138577,0.143827,0.148202,0.153889,0.161108,0.16603,0.173139,0.182436,0.190749,0.199827,0.209889,0.221592,0.232092,0.245764,0.25878,0.272561,0.287983,0.305701,0.322436,0.340701,0.361154,0.380295,0.401951,0.423279,0.447998,0.472279,0.498747,0.525435,0.554856,0.585809,0.616872,0.652418,0.68884,0.729528,0.775246,0.826215,0.880464,0.94412,1.016526,1.09462,1.18365,1.288212,1.402837,1.528618,1.675617,1.832241,1.995866,2.180052,2.369489,2.554113,2.744862,2.936924,3.102735,3.26111,3.407234,3.514859,3.595358,3.656608,3.674983,3.658358,3.625984,3.563859,3.471984,3.367859,3.247985,3.107986,2.964487,2.816612,2.661738,2.513863,2.370364,2.22949,2.09999,1.973116,1.851491,1.742117,1.637992,1.539993,1.452493,1.374619,1.299369,1.233744,1.175119,1.11737,1.069245,1.023745,0.981745,0.94237,0.911745,0.881121,0.853121,0.830371,0.804996,0.783121,0.762996,0.744621,0.724496,0.708746,0.695621,0.677246,0.665871,0.653621,0.642247,0.629122,0.620372,0.609872,0.600247,0.594997,0.587122,0.580997,0.575747,0.571372,0.566122,0.562622,0.559122,0.554747,0.552997,0.551247,0.550372,0.547747,0.547747,0.545997,0.545122,0.547747,0.545997,0.546872,0.547747,0.548622,0.548622,0.549497,0.552122,0.552997,0.551247,0.552122,0.552997,0.552997,0.553872,0.554747,0.554747,0.555622,0.556497,0.557372,0.555622,0.557372,0.556497,0.557372,0.557372,0.555622,0.553872,0.552122,0.551247,0.548622,0.547747,0.546872,0.545122,0.543372,0.542497,0.539872,0.537247,0.539872,0.536372,0.536372,0.537247,0.538122,0.537247,0.538997,0.542497,0.542497,0.546872,0.549497,0.552122,0.556497,0.562622,0.567872,0.574872,0.583622,0.589747,0.600247,0.609872,0.622997,0.634372,0.649247,0.665871,0.682497,0.704371,0.723621,0.747246,0.770871,0.798871,0.829496,0.860121,0.895996,0.932746,0.972995,1.01412,1.060495,1.105995,1.153244,1.206619,1.256494,1.308119,1.361494,1.413993,1.462118,1.511118,1.561868,1.604742,1.649367,1.694867,1.738617,1.777992,1.822616,1.864616,1.903116,1.951241,1.99849,2.04574,2.102615,2.16299,2.22074,2.288115,2.364239,2.439489,2.521738,2.617113,2.715112,2.819237,2.938236,3.060735,3.188485,3.331984,3.484233,3.639983,3.811482,4.000482,4.185981,4.38898,4.611229,4.831728,5.062727,5.321726,5.578975,5.839723,6.131972,6.429471,6.725219,7.048968,7.390217,7.720965,8.077964,8.459462,8.840959,9.225958,9.652956,10.062454,10.485953,10.944451,11.388949,11.826447,12.312946,12.781942,13.233441,13.737439,14.230936,14.699934,15.20043,15.68693,,12.5,2.5,0,0
0.237123,0.227498,0.214374,0.201249,0.192061,0.182874,0.176311,0.16778,0.16428,0.157499,0.151811,0.145905,0.144374,0.138686,0.135405,0.133327,0.132015,0.12928,0.128405,0.125999,0.124468,0.123921,0.12403,0.1234285,0.122936,0.122827,0.1224715,0.121733,0.12239,0.123483,0.12403,0.124577,0.126218,0.12753,0.129936,0.132124,0.133983,0.136827,0.13814,0.141202,0.144921,0.149733,0.153671,0.157499,0.163624,0.169639,0.175436,0.181342,0.189327,0.198186,0.207483,0.21678,0.228045,0.241608,0.254405,0.26742,0.282076,0.299904,0.318717,0.337311,0.357326,0.380295,0.40567,0.429951,0.454232,0.482013,0.513841,0.545013,0.576403,0.608669,0.646184,0.683809,0.718371,0.754902,0.796246,0.839121,0.880027,0.921152,0.967964,1.020683,1.072307,1.124151,1.183432,1.253213,1.329556,1.408306,1.500618,1.613492,1.741679,1.879491,2.032615,2.217677,2.430739,2.659988,2.901924,3.179735,3.488609,3.804483,4.114231,4.43623,4.774854,5.094227,5.371601,5.620975,5.857224,6.053222,6.177472,6.243971,6.275471,6.261472,6.173972,6.028723,5.860723,5.664724,5.438975,5.183476,4.922727,4.660229,4.39248,4.119482,3.858733,3.615483,3.375734,3.156985,2.952236,2.764987,2.586488,2.418489,2.271489,2.13499,2.00724,1.889991,1.788492,1.697492,1.613493,1.532993,1.462993,1.399993,1.340494,1.287994,1.237244,1.193494,1.153244,1.114745,1.079745,1.044745,1.016745,0.985245,0.957245,0.930995,0.906496,0.885496,0.866245,0.845246,0.825996,0.811996,0.797996,0.782246,0.768246,0.757746,0.748996,0.738496,0.731496,0.724496,0.720996,0.713996,0.708746,0.703496,0.703496,0.701746,0.698246,0.696496,0.696496,0.694747,0.694747,0.6947465,0.694746,0.694746,0.694746,0.694747,0.696496,0.698246,0.699997,0.696496,0.698246,0.698246,0.699997,0.696496,0.698247,0.698246,0.699997,0.696496,0.691246,0.689496,0.691246,0.685997,0.682497,0.678997,0.680746,0.678996,0.670246,0.668496,0.664997,0.661496,0.657997,0.652747,0.652747,0.649247,0.647496,0.643997,0.642246,0.642246,0.640497,0.638747,0.638747,0.642246,0.645747,0.645747,0.647497,0.656247,0.659746,0.663247,0.670247,0.678997,0.691247,0.701746,0.712247,0.727996,0.745496,0.764746,0.782246,0.804996,0.831246,0.862746,0.892496,0.923995,0.962495,1.007995,1.051745,1.097245,1.153244,1.214494,1.277494,1.338743,1.405243,1.483993,1.560993,1.634492,1.709742,1.791991,1.870741,1.94774,2.01424,2.08599,2.15599,2.21374,2.25924,2.308239,2.357239,2.392239,2.421988,2.451739,2.488488,2.516488,2.540988,2.568988,2.603988,2.644238,2.679238,2.721237,2.778988,2.843737,2.904986,2.974986,3.058986,3.156986,3.253235,3.352985,3.473734,3.610233,3.748482,3.883232,4.042482,4.217481,4.40298,4.581479,4.777478,5.001478,5.234227,5.459975,5.701474,5.963973,6.243971,6.51697,6.796969,7.101467,7.437467,7.752464,8.067463,8.406962,8.77446,9.141959,9.488458,9.866455,10.279454,10.685453,11.073951,11.479949,11.924447,12.361945,12.771443,13.194942,13.660439,14.122435,14.556433,14.972933,15.434929,15.917927,16.372925,16.806924,,25,5,0,0
0.225748,0.210874,0.199499,0.186811,0.177624,0.171499,0.164499,0.156843,0.149624,0.144921,0.139452,0.134749,0.130811,0.128843,0.124577,0.122718,0.120311,0.118999,0.116155,0.11528,0.113311,0.112327,0.113202,0.112546,0.1127375,0.112765,0.112437,0.112874,0.112327,0.113749,0.114186,0.11539,0.116702,0.118343,0.120421,0.122827,0.12589,0.127858,0.130483,0.133874,0.137374,0.141858,0.146124,0.151264,0.155749,0.163186,0.169421,0.17653,0.183858,0.192936,0.203327,0.214155,0.225967,0.238436,0.252983,0.267967,0.284154,0.301873,0.320795,0.34267,0.364982,0.388826,0.414857,0.441763,0.471185,0.501372,0.534513,0.568856,0.604731,0.642684,0.681731,0.72209,0.76409,0.806308,0.851152,0.897308,0.945214,0.99487,1.047151,1.102713,1.160901,1.223244,1.289306,1.363462,1.444618,1.536493,1.639742,1.758304,1.894366,2.047928,2.223365,2.422864,2.64905,2.902799,3.179735,3.484234,3.808857,4.154481,4.508855,4.862353,5.216726,5.55535,5.870349,6.152973,6.396221,6.595721,6.74272,6.830219,6.856469,6.824969,6.737469,6.59222,6.401471,6.175722,5.923723,5.648975,5.358476,5.057477,4.758228,4.458979,4.170231,3.893732,3.631234,3.389734,3.165736,2.957486,2.763237,2.582988,2.418489,2.26624,2.13149,2.00724,1.895241,1.795491,1.704492,1.620492,1.545243,1.473493,1.410493,1.352744,1.300243,1.252994,1.209244,1.167244,1.128745,1.091995,1.058745,1.025495,0.995745,0.965996,0.941496,0.918745,0.894246,0.873246,0.852246,0.834746,0.817246,0.801496,0.789246,0.775246,0.764746,0.755996,0.747246,0.738496,0.733246,0.726246,0.720996,0.717497,0.713996,0.712246,0.710496,0.708746,0.708746,0.706997,0.706997,0.706997,0.70699675,0.706996,0.706997,0.708746,0.708746,0.710497,0.710496,0.71137125,0.712246,0.712246,0.712247,0.712246,0.710496,0.712246,0.710496,0.710496,0.706996,0.705247,0.703496,0.698246,0.698246,0.694747,0.691246,0.687747,0.682497,0.678996,0.673747,0.666747,0.661497,0.657997,0.656246,0.652747,0.647496,0.645747,0.642247,0.638747,0.636996,0.635247,0.635246,0.6361215,0.636997,0.636996,0.638747,0.642247,0.647497,0.650997,0.657997,0.666747,0.675497,0.687746,0.698246,0.712247,0.727996,0.743746,0.762996,0.785746,0.811996,0.838246,0.869746,0.904746,0.941495,0.983495,1.027245,1.079745,1.130495,1.189994,1.252994,1.319494,1.391243,1.466493,1.541742,1.623992,1.706242,1.788491,1.870741,1.951241,2.03174,2.10874,2.17874,2.24349,2.301239,2.357239,2.402739,2.442988,2.479739,2.509488,2.537488,2.565488,2.588238,2.614487,2.640738,2.666987,2.700238,2.738737,2.784237,2.834987,2.892737,2.959236,3.032736,3.116735,3.205985,3.307485,3.419484,3.541983,3.676733,3.814982,3.970732,4.135231,4.31023,4.49748,4.698729,4.912227,5.137977,5.370725,5.617475,5.878223,6.151222,6.432971,6.73047,7.031468,7.353468,7.685965,8.028963,8.371963,8.73246,9.11046,9.484956,9.873455,10.279453,10.692451,11.10895,11.535947,11.966447,12.403944,12.851942,13.296441,13.744439,14.209936,14.650934,15.119931,15.574931,16.050929,16.512925,16.981924,,25,5,0,0
0.332498,0.318498,0.302748,0.286123,0.276498,0.264248,0.255498,0.247186,0.239311,0.229686,0.223998,0.219186,0.211749,0.207374,0.202999,0.198624,0.195561,0.194249,0.191186,0.191186,0.187467,0.185936,0.18353,0.183749,0.182655,0.182217,0.182655,0.181342,0.181999,0.182217,0.183639,0.184186,0.185717,0.187249,0.188889,0.19053,0.192827,0.194905,0.197967,0.200483,0.204311,0.20792,0.212186,0.217436,0.222686,0.228592,0.235155,0.242045,0.249811,0.258123,0.268076,0.27967,0.291592,0.304279,0.318279,0.333701,0.351201,0.369138,0.389263,0.411904,0.435748,0.461779,0.489013,0.51931,0.551138,0.585153,0.621356,0.659965,0.701528,0.745277,0.789574,0.834527,0.882433,0.932964,0.983276,1.034245,1.088276,1.144494,1.200932,1.26065,1.321462,1.386649,1.454243,1.526868,1.607367,1.697929,1.801179,1.917116,2.049678,2.203677,2.381302,2.584738,2.819237,3.086111,3.388859,3.725733,4.088856,4.479105,4.893853,5.315601,5.732974,6.140723,6.52922,6.880969,7.183717,7.433967,7.624716,7.740214,7.771715,7.731466,7.622966,7.447966,7.206467,6.921219,6.60972,6.270221,5.913223,5.547475,5.181727,4.826478,4.48348,4.159731,3.856982,3.582234,3.324984,3.088736,2.875237,2.673988,2.493738,2.330989,2.18399,2.04924,1.933741,1.825241,1.732492,1.644992,1.564493,1.494493,1.427993,1.368493,1.315994,1.266994,1.223244,1.181244,1.144494,1.105995,1.070994,1.039495,1.009745,0.981745,0.958995,0.934495,0.915245,0.895995,0.878496,0.862746,0.846995,0.836496,0.825996,0.813746,0.808496,0.803246,0.797996,0.792746,0.790996,0.789246,0.785746,0.785746,0.785746,0.785746,0.787496,0.787496,0.790996,0.792746,0.794496,0.796246,0.797996,0.803246,0.804996,0.806746,0.810246,0.811996,0.813746,0.813746,0.813746,0.813746,0.813746,0.813746,0.811996,0.810246,0.806746,0.803246,0.797996,0.792746,0.785746,0.782246,0.773496,0.768246,0.764746,0.755996,0.750746,0.743746,0.738496,0.731496,0.727996,0.724497,0.722746,0.717497,0.717497,0.715746,0.715746,0.717496,0.720996,0.722746,0.727996,0.736746,0.743746,0.752496,0.762996,0.775246,0.789246,0.803246,0.822496,0.845246,0.867996,0.894246,0.923996,0.955495,0.993995,1.032495,1.077995,1.128744,1.182994,1.242494,1.307244,1.378993,1.455993,1.534743,1.620492,1.709742,1.798991,1.893491,1.98974,2.08249,2.17699,2.262739,2.344989,2.420238,2.490238,2.547988,2.598738,2.644237,2.680988,2.710737,2.733487,2.750987,2.766737,2.784237,2.798237,2.815737,2.843737,2.873486,2.910237,2.952237,3.004736,3.065986,3.139486,3.219986,3.314484,3.422984,3.543733,3.671483,3.814982,3.974232,4.142231,4.32073,4.51498,4.723229,4.950728,5.185227,5.433726,5.701475,5.979723,6.270222,6.569471,6.894968,7.227468,7.580965,7.934464,8.312463,8.700961,9.096458,9.491957,9.915455,10.342453,10.783452,11.234949,11.693448,12.158945,12.645443,13.124941,13.614939,14.118937,14.626435,15.133933,15.651931,16.169928,16.701924,17.219922,17.71692,18.241918,18.759916,19.270912,19.760912,20.25791,20.775908,21.258902,21.720902,22.189902,22.644898,,25,5,0,0
0.341248,0.330748,0.314998,0.300998,0.288748,0.278248,0.267311,0.258561,0.251998,0.244998,0.236248,0.230561,0.224436,0.218749,0.217874,0.213936,0.210874,0.207374,0.205624,0.202561,0.199499,0.198624,0.197749,0.195561,0.195124,0.194467,0.194686,0.193592,0.193592,0.194358,0.194139,0.194577,0.195452,0.196874,0.197967,0.199389,0.201795,0.203874,0.205624,0.20792,0.211092,0.214374,0.218202,0.222577,0.226842,0.231983,0.237452,0.243139,0.25003,0.257576,0.266436,0.275295,0.286014,0.297498,0.309748,0.323092,0.338185,0.354701,0.37231,0.391342,0.412998,0.435966,0.460576,0.486607,0.515154,0.545669,0.578044,0.612278,0.649575,0.688512,0.729856,0.771856,0.81484,0.860558,0.908683,0.956151,1.005589,1.058526,1.113213,1.168338,1.225869,1.286463,1.350994,1.419243,1.492743,1.574555,1.669055,1.774929,1.893491,2.029115,2.18749,2.368614,2.57555,2.811799,3.080861,3.38711,3.716108,4.071356,4.45548,4.853603,5.254351,5.64985,6.035722,6.397971,6.721719,6.998218,7.223968,7.386717,7.475966,7.491716,7.442717,7.330717,7.150468,6.921218,6.65697,6.362972,6.040972,5.701474,5.356725,5.015477,4.682979,4.364481,4.059982,3.781732,3.520984,3.277735,3.053736,2.847237,2.659988,2.488489,2.332739,2.19274,2.06849,1.954741,1.853242,1.762241,1.678242,1.601242,1.532993,1.471743,1.413993,1.363244,1.317744,1.272244,1.235494,1.193494,1.160245,1.126995,1.097245,1.067495,1.041244,1.018495,0.997495,0.976495,0.957245,0.937995,0.925745,0.909995,0.897746,0.888995,0.880246,0.873245,0.867996,0.862746,0.857496,0.855746,0.852246,0.848746,0.848746,0.848746,0.850496,0.850496,0.850496,0.852246,0.853996,0.855746,0.855746,0.859246,0.862746,0.866246,0.867996,0.867996,0.871495,0.871495,0.871495,0.873246,0.873246,0.871495,0.871495,0.869746,0.866245,0.862746,0.857496,0.850496,0.846995,0.841746,0.834746,0.827746,0.822495,0.817246,0.808496,0.803246,0.796246,0.789246,0.785746,0.780496,0.776996,0.775246,0.773496,0.769996,0.768246,0.768246,0.769996,0.769996,0.775246,0.780496,0.785746,0.794496,0.801496,0.811996,0.825996,0.838246,0.852246,0.871496,0.894246,0.915246,0.943245,0.972995,1.007995,1.044745,1.081495,1.128745,1.181244,1.235494,1.294994,1.361493,1.431493,1.506742,1.581992,1.664242,1.749991,1.839241,1.930241,2.017741,2.10699,2.190989,2.273239,2.341489,2.409739,2.470988,2.523488,2.568988,2.609238,2.642488,2.668737,2.691487,2.708988,2.728237,2.747487,2.764987,2.789487,2.819236,2.854236,2.890987,2.936487,2.990737,3.053735,3.125485,3.205986,3.300485,3.405484,3.520983,3.641733,3.778232,3.925232,4.084482,4.252481,4.43098,4.632229,4.838728,5.059227,5.286725,5.535225,5.794223,6.060222,6.340222,6.635971,6.950968,7.272966,7.601967,7.944964,8.298462,8.65896,9.033459,9.414958,9.810456,10.219955,10.629452,11.049451,11.486948,11.927946,12.365444,12.823943,13.28944,13.758437,14.230936,14.720934,15.19693,15.679928,16.155927,16.617927,17.107924,17.58392,18.05992,18.514916,19.004914,19.466912,19.914912,20.36291,20.796906,,25,5,0,0
0.209124,0.198624,0.188999,0.178499,0.170186,0.160561,0.155968,0.148968,0.142624,0.137593,0.134311,0.130374,0.126655,0.123702,0.121186,0.11878,0.115827,0.114186,0.112983,0.111015,0.11014,0.109374,0.108062,0.107515,0.106858,0.107624,0.106312,0.106421,0.105983,0.106202,0.106421,0.107733,0.108171,0.109483,0.110796,0.111343,0.114405,0.115608,0.11703,0.119327,0.122171,0.124468,0.127858,0.131796,0.135186,0.139233,0.144483,0.148968,0.154327,0.161327,0.167999,0.175327,0.184624,0.193811,0.203655,0.214811,0.226842,0.239311,0.254623,0.270264,0.286779,0.306358,0.326701,0.34792,0.371654,0.39681,0.423935,0.453357,0.485732,0.518435,0.555403,0.593684,0.633387,0.676481,0.720996,0.76759,0.817027,0.869746,0.923558,0.981964,1.043214,1.106651,1.175338,1.248619,1.32715,1.411368,1.506305,1.609117,1.725492,1.855429,1.999803,2.164303,2.350239,2.556301,2.786862,3.049361,3.332859,3.639983,3.972482,4.31898,4.677729,5.041727,5.400475,5.745224,6.077722,6.375221,6.63597,6.858218,7.026218,7.136468,7.192467,7.188967,7.122467,7.010468,6.852969,6.65172,6.420721,6.161722,5.876473,5.582474,5.281476,4.980477,4.681228,4.39948,4.131731,3.876232,3.632984,3.403734,3.191985,2.994236,2.808737,2.640738,2.488488,2.350239,2.22249,2.10699,2.00024,1.903991,1.814742,1.734242,1.660742,1.595992,1.536493,1.480493,1.429743,1.384243,1.338744,1.298494,1.258244,1.221494,1.188244,1.154994,1.125244,1.097245,1.070995,1.046495,1.023745,1.002745,0.983495,0.964245,0.946745,0.936246,0.920495,0.909995,0.899495,0.888995,0.878496,0.871495,0.864496,0.859245,0.855746,0.850496,0.846996,0.845246,0.841746,0.839996,0.838246,0.836496,0.838246,0.838246,0.838246,0.838246,0.838246,0.838246,0.838246,0.838246,0.838246,0.838246,0.839996,0.839996,0.838246,0.839996,0.836496,0.836496,0.831246,0.831246,0.829496,0.825996,0.824246,0.820746,0.815496,0.811996,0.806746,0.799746,0.792746,0.785746,0.780496,0.775246,0.768246,0.762996,0.754246,0.750746,0.743746,0.738496,0.734996,0.731496,0.729746,0.727996,0.724497,0.726246,0.724496,0.724497,0.727996,0.731496,0.733246,0.740246,0.745496,0.754246,0.764746,0.775246,0.787496,0.801496,0.820746,0.838246,0.860996,0.887246,0.913495,0.944995,0.976495,1.014995,1.051745,1.097245,1.146244,1.198744,1.256494,1.319494,1.382493,1.452493,1.525993,1.602992,1.683492,1.767492,1.851491,1.933741,2.01949,2.09474,2.17349,2.245239,2.309989,2.369489,2.425488,2.472738,2.514738,2.551488,2.586488,2.616238,2.644238,2.670488,2.694988,2.724737,2.757987,2.794737,2.836737,2.883986,2.934736,2.994236,3.060736,3.132485,3.218235,3.312734,3.414234,3.527984,3.652233,3.783483,3.928732,4.087981,4.255981,4.43623,4.632228,4.836978,5.052228,5.286726,5.531725,5.781973,6.054974,6.331472,6.62547,6.936969,7.255467,7.584466,7.930965,8.294963,8.665961,9.05096,9.449957,9.859457,10.286454,10.723952,11.171949,11.626948,12.099447,12.561444,13.044442,13.541437,13.999937,14.489935,14.993931,15.49793,16.001928,16.505924,,25,5,0,0
0.230123,0.219624,0.208249,0.195999,0.186811,0.177624,0.171717,0.164936,0.157936,0.154436,0.148421,0.144264,0.140218,0.136936,0.134421,0.131358,0.128733,0.128077,0.124796,0.123811,0.122936,0.120749,0.121077,0.120093,0.119327,0.11889,0.119546,0.119546,0.11957325,0.119655,0.119546,0.121077,0.122827,0.12414,0.125015,0.127202,0.128733,0.131358,0.13464,0.136936,0.139999,0.143827,0.147436,0.151593,0.157389,0.162093,0.167671,0.174233,0.180905,0.188889,0.19753,0.207483,0.218092,0.229795,0.241936,0.255498,0.270592,0.286014,0.303514,0.322764,0.344201,0.365967,0.390248,0.416498,0.444169,0.474138,0.506185,0.5402,0.57695,0.616544,0.657778,0.701637,0.746809,0.796027,0.845246,0.898839,0.953964,1.012807,1.075589,1.140338,1.209244,1.282963,1.361712,1.445493,1.537368,1.637992,1.749554,1.873804,2.014241,2.16999,2.344552,2.544488,2.7663,3.014361,3.28911,3.594483,3.924357,4.27698,4.651479,5.034727,5.426726,5.814349,6.189722,6.54322,6.868719,7.153968,7.397217,7.584466,7.710466,7.776964,7.778714,7.715715,7.589716,7.414717,7.202967,6.947469,6.66397,6.354221,6.030473,5.697974,5.365475,5.038227,4.719729,4.42223,4.140481,3.879732,3.632983,3.398484,3.186735,2.988986,2.808737,2.642488,2.495488,2.358989,2.23649,2.126241,2.022991,1.926741,1.842741,1.765741,1.693992,1.630992,1.573242,1.518993,1.468243,1.420993,1.377244,1.333493,1.294994,1.256494,1.219744,1.189994,1.158494,1.126995,1.100744,1.072745,1.049995,1.028995,1.006245,0.988745,0.972995,0.957245,0.944995,0.930995,0.920495,0.909996,0.899496,0.892496,0.883746,0.878496,0.873246,0.869746,0.864496,0.860996,0.859245,0.857496,0.853996,0.853996,0.852246,0.852246,0.852246,0.852246,0.852246,0.850496,0.848746,0.850496,0.848745,0.848746,0.848745,0.848745,0.846996,0.846996,0.845246,0.841745,0.839996,0.836496,0.831246,0.831246,0.825996,0.820746,0.817246,0.811996,0.804996,0.799746,0.790996,0.787496,0.778746,0.771746,0.766496,0.759496,0.754246,0.747246,0.740246,0.736746,0.731496,0.727996,0.726246,0.724497,0.724497,0.722747,0.726246,0.724496,0.726246,0.729746,0.734996,0.741996,0.750746,0.759496,0.769996,0.782246,0.797996,0.813746,0.831246,0.853996,0.876745,0.906496,0.936245,0.969495,1.006245,1.044745,1.088494,1.140994,1.191744,1.249494,1.310744,1.377244,1.447243,1.520743,1.597742,1.678242,1.762242,1.846241,1.933741,2.01949,2.10174,2.18224,2.25924,2.330989,2.395739,2.453489,2.511239,2.561989,2.605738,2.645988,2.680987,2.712488,2.742237,2.771987,2.799987,2.831487,2.866487,2.904986,2.948736,2.995986,3.046736,3.102735,3.170986,3.240985,3.323235,3.415984,3.517484,3.625984,3.746733,3.877982,4.017982,4.17373,4.336481,4.513229,4.707478,4.905228,5.118726,5.344476,5.584225,5.830973,6.095222,6.369972,6.653469,6.954468,7.265967,7.587967,7.923965,8.277463,8.641461,9.008959,9.397458,9.796455,10.202455,10.629451,11.059951,11.497448,11.955947,12.407443,12.869443,13.327941,13.803939,14.251936,14.727935,15.217933,15.700931,16.190928,,25,5,0,0
0.180249,0.172374,0.167124,0.160561,0.153561,0.149186,0.144593,0.141311,0.135405,0.134421,0.132452,0.129171,0.127858,0.125015,0.124468,0.123702,0.123265,0.121843,0.121296,0.121515,0.121952,0.120968,0.122718,0.123702,0.125233,0.126874,0.12928,0.131358,0.133874,0.136608,0.140218,0.144264,0.147655,0.152686,0.157718,0.163296,0.168546,0.174889,0.181014,0.188561,0.196217,0.205077,0.214374,0.22542,0.23603,0.249045,0.262061,0.277483,0.293779,0.311279,0.331404,0.354154,0.378326,0.404576,0.432576,0.464513,0.499622,0.537356,0.577497,0.622997,0.672106,0.724934,0.781809,0.842183,0.908683,0.978683,1.05262,1.131151,1.214932,1.303306,1.392775,1.483118,1.57718,1.674742,1.770554,1.862866,1.955616,2.048803,2.137615,2.217677,2.293364,2.364239,2.426801,2.475364,2.516488,2.548863,2.575113,2.588238,2.589113,2.583863,2.569863,2.544488,2.511238,2.473613,2.431614,2.387864,2.339739,2.292489,2.24699,2.19974,2.151615,2.10524,2.064115,2.022115,1.980991,1.942491,1.903116,1.861991,1.818242,1.769242,1.719367,1.665117,1.608242,1.546117,1.485743,1.425368,1.361494,1.296744,1.233744,1.172494,1.11387,1.055245,1.00187,0.955495,0.91087,0.867995,0.830371,0.795371,0.763871,0.734996,0.709621,0.686871,0.667622,0.650997,0.635247,0.622997,0.612497,0.602872,0.594122,0.587122,0.580997,0.576622,0.573997,0.572247,0.569622,0.569622,0.567872,0.566122,0.567872,0.569622,0.570497,0.573122,0.575747,0.579247,0.583622,0.587122,0.592372,0.598497,0.604622,0.611622,0.620372,0.628247,0.638747,0.648372,0.659747,0.670247,0.685121,0.697371,0.711371,0.727121,0.742871,0.762996,0.781371,0.800621,0.822496,0.843496,0.86712,0.889871,0.915246,0.943245,0.96862,0.995745,1.02287,1.049995,1.07712,1.10337,1.126995,1.153245,1.177744,1.198744,1.218869,1.234619,1.250369,1.261744,1.269619,1.275744,1.280994,1.284494,1.281869,1.280119,1.273994,1.266119,1.255619,1.244244,1.231119,1.221494,1.205744,1.191744,1.178619,1.164619,1.149745,1.133994,1.119994,1.10862,1.09812,1.08762,1.07887,1.07362,1.067495,1.06312,1.060495,1.06137,1.065745,1.07187,1.079745,1.09287,1.11037,1.132244,1.154994,1.184744,1.218869,1.260869,1.306369,1.359743,1.419243,1.488368,1.560117,1.642367,1.732492,1.831366,1.938991,2.051865,2.174365,2.307364,2.445614,2.585613,2.726487,2.875237,3.022236,3.163986,3.300485,3.438734,3.564734,3.680233,3.776483,3.865733,3.937481,3.993481,4.028482,4.047731,4.065231,4.063481,4.044231,4.019731,3.995232,3.961981,3.923482,3.884983,3.853483,3.832482,3.814982,3.799232,3.795733,3.806233,3.821982,3.844733,3.884982,3.937482,4.003982,4.080981,4.168481,4.273481,4.390729,4.51498,4.649729,4.808978,4.982227,5.165976,5.360225,5.571975,5.799473,6.033972,6.284223,6.54497,6.831969,7.132968,7.433966,7.755964,8.098963,8.452462,8.80946,9.180459,9.572456,9.974955,10.391452,10.807952,11.245449,11.693448,12.148446,12.592944,13.058442,13.53444,14.013936,14.482935,14.937934,15.434931,15.924928,16.400925,16.883924,17.373924,,2.5,17.5,0,0
0.188124,0.180686,0.174999,0.167343,0.16253,0.156843,0.151811,0.149843,0.145249,0.142624,0.139561,0.138577,0.133546,0.131468,0.130702,0.129936,0.127968,0.127202,0.126983,0.126546,0.12651825,0.126436,0.126108,0.12578,0.126546,0.126983,0.128405,0.129718,0.130374,0.132233,0.13453,0.135843,0.138796,0.141311,0.143936,0.147436,0.150718,0.153889,0.157499,0.161983,0.166358,0.171061,0.176421,0.182108,0.188561,0.195999,0.202889,0.210545,0.219952,0.229467,0.240405,0.252764,0.266217,0.281201,0.296404,0.313904,0.333264,0.354373,0.377451,0.402826,0.430607,0.461451,0.494263,0.530138,0.568856,0.611731,0.657231,0.706121,0.757965,0.81484,0.873902,0.936464,1.000557,1.068589,1.139463,1.209463,1.280775,1.354056,1.428868,1.500618,1.567993,1.634055,1.698367,1.756992,1.808617,1.854116,1.895679,1.931991,1.958241,1.977491,1.989741,1.997616,1.996303,1.987116,1.973991,1.959991,1.940741,1.918428,1.894366,1.869429,1.842304,1.813866,1.784992,1.756992,1.729429,1.700992,1.670367,1.640617,1.60693,1.570618,1.530368,1.488805,1.444618,1.397806,1.350556,1.302431,1.253869,1.203994,1.15412,1.10512,1.058307,1.01237,0.969495,0.929683,0.892933,0.858371,0.825558,0.794933,0.768683,0.742434,0.719684,0.699121,0.681622,0.666309,0.651872,0.637872,0.626497,0.616872,0.607684,0.599372,0.591934,0.586684,0.582747,0.578372,0.574434,0.570935,0.568747,0.566122,0.56481,0.563497,0.563935,0.563934,0.56481,0.565684,0.567872,0.569622,0.572247,0.574872,0.578372,0.584059,0.589309,0.594997,0.601559,0.608122,0.616434,0.625184,0.634372,0.644434,0.655372,0.666309,0.679872,0.692996,0.706559,0.721871,0.736746,0.754684,0.772184,0.789246,0.808058,0.828183,0.850496,0.870183,0.892933,0.913058,0.934933,0.95637,0.978245,0.998808,1.01937,1.039932,1.057432,1.073182,1.08762,1.09987,1.11037,1.118245,1.125245,1.130494,1.134869,1.134869,1.13312,1.132244,1.12612,1.119119,1.111244,1.10512,1.097245,1.086745,1.077119,1.067495,1.05787,1.04737,1.03687,1.02812,1.020245,1.014995,1.00887,1.00362,1.000995,0.99837,0.997495,1.00012,1.00187,1.009745,1.01937,1.03162,1.046495,1.06487,1.086745,1.112994,1.143619,1.179494,1.222369,1.268744,1.322119,1.381618,1.448118,1.520743,1.600368,1.687867,1.783241,1.884741,1.992366,2.107865,2.231239,2.357239,2.484988,2.613613,2.748363,2.879612,3.006486,3.12811,3.244485,3.354734,3.449234,3.529734,3.601484,3.659233,3.699483,3.723983,3.743233,3.750233,3.744983,3.729233,3.709983,3.685483,3.655734,3.625984,3.596233,3.573484,3.552484,3.536733,3.524484,3.519233,3.524483,3.533234,3.550734,3.576984,3.615483,3.660983,3.711732,3.776483,3.849982,3.932232,4.019731,4.121231,4.233231,4.35748,4.488729,4.628729,4.784478,4.948977,5.122227,5.304226,5.500225,5.708473,5.930723,6.154721,6.396221,6.64997,6.91247,7.188967,7.465467,7.766464,8.077963,8.396463,8.72196,9.057959,9.411458,9.764957,10.125455,10.496453,10.884951,11.27345,11.665448,12.064446,12.477443,12.893943,13.303441,13.719939,,2.5,17.5,0,0
0.257248,0.248498,0.241498,0.234498,0.229248,0.222249,0.218749,0.215249,0.209124,0.204311,0.202561,0.197749,0.195999,0.193811,0.191186,0.190749,0.188124,0.187686,0.184624,0.186811,0.185061,0.184186,0.185061,0.185717,0.186155,0.187467,0.188561,0.189436,0.191186,0.193155,0.195342,0.198405,0.200811,0.204967,0.207811,0.211858,0.21678,0.220389,0.225858,0.231436,0.237561,0.244123,0.250905,0.258561,0.266655,0.275842,0.285467,0.296295,0.308545,0.321561,0.336217,0.352404,0.369904,0.389373,0.410701,0.433888,0.459263,0.487482,0.518435,0.552888,0.590403,0.631309,0.676262,0.725262,0.777871,0.83409,0.896433,0.963808,1.035776,1.113213,1.193713,1.279681,1.370025,1.462118,1.55793,1.656367,1.756554,1.858929,1.959553,2.058428,2.15599,2.24699,2.332739,2.413239,2.486301,2.548863,2.603113,2.650363,2.685363,2.708113,2.718613,2.719487,2.712487,2.693238,2.666112,2.633738,2.597863,2.557613,2.513863,2.465739,2.420239,2.371239,2.323989,2.277615,2.233865,2.191865,2.146365,2.099115,2.04924,1.995866,1.939866,1.877741,1.811242,1.743867,1.673867,1.602117,1.529493,1.456868,1.385118,1.314244,1.246869,1.184744,1.12437,1.070995,1.02112,0.97737,0.93537,0.89687,0.864496,0.834746,0.807621,0.783996,0.765621,0.748121,0.732371,0.720121,0.709621,0.699121,0.691246,0.684246,0.678996,0.675496,0.672872,0.671121,0.668497,0.668497,0.668497,0.668496,0.668496,0.670247,0.672871,0.675497,0.678997,0.684246,0.689496,0.695621,0.700871,0.707871,0.715746,0.726246,0.735871,0.747246,0.758621,0.772621,0.787496,0.801496,0.818121,0.835621,0.853996,0.874121,0.895996,0.916995,0.94237,0.96512,0.98962,1.01587,1.044745,1.070995,1.100745,1.130494,1.159369,1.186494,1.212744,1.239869,1.265244,1.285369,1.303744,1.324744,1.341369,1.351869,1.360618,1.367618,1.370243,1.370243,1.364993,1.358869,1.354494,1.344869,1.334369,1.322118,1.308119,1.294119,1.279244,1.262619,1.246869,1.234619,1.220619,1.207494,1.195244,1.184744,1.174244,1.16637,1.15937,1.15412,1.15237,1.15412,1.157619,1.163744,1.172495,1.184744,1.200494,1.220619,1.245994,1.276619,1.310744,1.352744,1.401744,1.454243,1.513743,1.582867,1.659867,1.745617,1.839241,1.942491,2.057115,2.177865,2.304739,2.442114,2.587363,2.736988,2.888362,3.044986,3.204235,3.358234,3.510484,3.652233,3.785233,3.907733,4.014481,4.107231,4.184231,4.247231,4.28923,4.313731,4.324231,4.32073,4.30323,4.276981,4.241981,4.203481,4.168481,4.131731,4.096731,4.068731,4.045981,4.030232,4.023231,4.028482,4.051232,4.080982,4.12298,4.180731,4.252481,4.32948,4.42223,4.52898,4.651479,4.780978,4.929728,5.092476,5.267476,5.454725,5.652474,5.864223,6.095223,6.334971,6.59047,6.859969,7.146968,7.444466,7.748965,8.067463,8.399962,8.746461,9.092959,9.453457,9.831455,10.219954,10.611953,11.01445,11.416948,11.833447,12.253444,12.680443,13.11794,13.56244,14.006939,14.454937,14.895935,15.34393,15.784928,16.225929,16.666925,17.093924,17.534922,17.975918,18.395918,18.815914,19.235914,19.634912,,2.5,17.5,0,0
0.290498,0.283498,0.271248,0.264248,0.258123,0.251998,0.246748,0.241498,0.236248,0.232311,0.229248,0.226623,0.222249,0.219186,0.218749,0.216999,0.215249,0.213499,0.211311,0.210874,0.210655,0.209342,0.209342,0.209342,0.210217,0.20978,0.211311,0.211749,0.212952,0.214483,0.216889,0.218639,0.220499,0.223999,0.226405,0.229358,0.232967,0.236248,0.240952,0.245545,0.250139,0.25528,0.262061,0.268076,0.274311,0.281529,0.289623,0.298154,0.30767,0.318498,0.329873,0.343217,0.357764,0.373076,0.390248,0.40917,0.430279,0.452919,0.477966,0.506513,0.537247,0.571372,0.608559,0.648918,0.694309,0.74309,0.796465,0.853996,0.918308,0.987214,1.061151,1.139682,1.223463,1.312712,1.406337,1.501493,1.602555,1.708867,1.814741,1.920616,2.027365,2.131928,2.232552,2.326614,2.416739,2.498988,2.5738,2.636363,2.687988,2.729987,2.757112,2.771987,2.773737,2.765862,2.746612,2.721237,2.687112,2.648612,2.606613,2.557613,2.508614,2.459614,2.410614,2.362489,2.314364,2.271489,2.225989,2.177865,2.125365,2.072865,2.015991,1.954741,1.888241,1.821741,1.753492,1.681742,1.609117,1.537368,1.466493,1.395618,1.328244,1.265244,1.204869,1.150619,1.10162,1.05612,1.013245,0.974745,0.939745,0.909995,0.881121,0.855746,0.834746,0.817246,0.801496,0.786621,0.773496,0.762996,0.752496,0.745496,0.737621,0.733246,0.729746,0.726246,0.723621,0.721871,0.720121,0.719246,0.719246,0.718371,0.720996,0.723621,0.726246,0.730621,0.734996,0.738496,0.743746,0.750746,0.757746,0.766496,0.776121,0.787496,0.797121,0.810246,0.824246,0.838246,0.852246,0.868871,0.88637,0.906496,0.925745,0.94762,0.97037,0.99312,1.016745,1.04212,1.069245,1.097245,1.126119,1.155869,1.184744,1.214494,1.241619,1.270494,1.298494,1.323869,1.345744,1.368493,1.388618,1.404368,1.418368,1.427118,1.433243,1.436743,1.435868,1.433243,1.428868,1.422743,1.412243,1.401743,1.388619,1.373743,1.359744,1.344868,1.328244,1.314244,1.300243,1.286244,1.273119,1.259994,1.247744,1.238119,1.231119,1.224119,1.219744,1.217119,1.217119,1.220619,1.224994,1.231994,1.245119,1.259994,1.277494,1.302869,1.331743,1.366743,1.406118,1.452493,1.504118,1.564493,1.630118,1.703617,1.789366,1.882991,1.983616,2.092115,2.211115,2.338864,2.470989,2.610988,2.756237,2.908486,3.064236,3.214735,3.366984,3.517484,3.657483,3.785232,3.902482,4.010981,4.100231,4.175481,4.233231,4.27523,4.29973,4.30498,4.29623,4.280481,4.25423,4.217481,4.184231,4.149231,4.114231,4.079231,4.047732,4.026731,4.010981,4.000482,4.002231,4.019731,4.045982,4.082732,4.126481,4.182481,4.250731,4.33123,4.41873,4.52023,4.635729,4.765228,4.896478,5.046977,5.211476,5.382975,5.564975,5.762724,5.976222,6.198473,6.43297,6.674469,6.940469,7.202969,7.482966,7.769964,8.070963,8.385961,8.70796,9.040459,9.383457,9.733456,10.090454,10.457953,10.832451,11.213949,11.609447,12.004945,12.410943,12.820441,13.233441,13.639439,14.055939,14.468935,14.888932,15.287931,15.714928,16.141926,16.547925,16.960922,17.36692,17.779918,,2.5,17.5,0,0
0.197749,0.190749,0.181999,0.175874,0.167999,0.163186,0.159686,0.154218,0.151811,0.150608,0.146889,0.143499,0.141858,0.13989,0.139999,0.139671,0.139343,0.137483,0.137921,0.137374,0.136608,0.136827,0.138358,0.139015,0.141749,0.143061,0.143936,0.147327,0.150608,0.151811,0.155749,0.16078,0.164718,0.169311,0.174671,0.179592,0.185608,0.192171,0.198733,0.205733,0.213936,0.222577,0.232092,0.243139,0.254623,0.266655,0.280545,0.295639,0.311389,0.329764,0.350107,0.371326,0.396154,0.422404,0.450513,0.48245,0.516685,0.553435,0.594559,0.63995,0.688075,0.740465,0.797777,0.859464,0.926183,0.998151,1.074932,1.156526,1.245556,1.337431,1.434118,1.536055,1.64018,1.747367,1.856741,1.966116,2.074615,2.184865,2.291614,2.393552,2.492426,2.582988,2.666988,2.741362,2.806112,2.860362,2.904112,2.937361,2.958362,2.967111,2.965361,2.951361,2.925986,2.894487,2.850737,2.802612,2.753612,2.699362,2.642488,2.584738,2.526113,2.466614,2.408864,2.351114,2.293364,2.240865,2.18574,2.128865,2.069366,2.009866,1.945116,1.877741,1.808617,1.734242,1.665117,1.594242,1.522493,1.450743,1.381618,1.313369,1.248619,1.188244,1.12962,1.076245,1.02987,0.98437,0.94412,0.906495,0.873246,0.840871,0.814621,0.788371,0.767371,0.748996,0.733246,0.719246,0.706121,0.694746,0.685997,0.676371,0.671122,0.664122,0.660622,0.657997,0.656246,0.652747,0.652747,0.652747,0.65252825,0.651872,0.652747,0.654497,0.657122,0.661496,0.664121,0.668496,0.673746,0.678996,0.685122,0.692996,0.700871,0.710496,0.720996,0.731496,0.742871,0.755996,0.768246,0.782246,0.797996,0.814621,0.832121,0.850496,0.87062,0.89162,0.91262,0.937995,0.958995,0.98612,1.013245,1.04037,1.070995,1.100744,1.127869,1.158494,1.189119,1.217994,1.245994,1.275744,1.302869,1.328243,1.353619,1.374618,1.392994,1.410493,1.423618,1.434118,1.443743,1.450743,1.453368,1.454243,1.451618,1.442868,1.435868,1.424493,1.410493,1.398243,1.384243,1.367618,1.353619,1.338744,1.320369,1.303744,1.289744,1.273119,1.260869,1.250369,1.239869,1.231994,1.225869,1.222369,1.218869,1.220619,1.222369,1.227619,1.238119,1.251244,1.268744,1.291494,1.316869,1.346619,1.383369,1.425368,1.474368,1.532117,1.595992,1.665117,1.742992,1.830491,1.924116,2.026491,2.14024,2.260115,2.388739,2.526113,2.670488,2.822737,2.980236,3.137735,3.300485,3.463234,3.622484,3.778233,3.928732,4.068731,4.194731,4.31023,4.40998,4.488729,4.55173,4.598979,4.632229,4.651479,4.656729,4.646229,4.630479,4.605979,4.576229,4.548229,4.51848,4.49223,4.47123,4.45898,4.45198,4.453729,4.46598,4.48698,4.52023,4.563979,4.621729,4.689979,4.777478,4.875477,4.983977,5.109977,5.241226,5.393475,5.557975,5.736474,5.925473,6.128472,6.345471,6.565969,6.807468,7.062967,7.328966,7.598466,7.892465,8.193464,8.501462,8.823461,9.159459,9.505957,9.866455,10.233955,10.608452,11.00045,11.402948,11.805447,12.228946,12.648943,13.07244,13.50644,13.936938,14.349936,14.783933,15.224934,15.66593,16.113927,16.547926,16.988922,,2.5,17.5,0,0
0.195999,0.190749,0.182874,0.173686,0.168436,0.164936,0.159686,0.153561,0.15028,0.150061,0.147218,0.145577,0.144046,0.139561,0.140655,0.139343,0.138686,0.136936,0.138796,0.139671,0.140436,0.142077,0.142843,0.145796,0.148749,0.152139,0.155858,0.159249,0.162202,0.167999,0.172811,0.179483,0.184733,0.193046,0.200702,0.208905,0.21853,0.228045,0.238655,0.251123,0.263155,0.277155,0.292467,0.310076,0.327467,0.34781,0.370451,0.39342,0.420326,0.44931,0.480919,0.516466,0.554747,0.5962,0.641372,0.691028,0.743527,0.801715,0.864714,0.932527,1.005589,1.085213,1.168994,1.258463,1.354712,1.453806,1.558805,1.669055,1.783241,1.899616,2.020365,2.139365,2.258364,2.376926,2.490239,2.595675,2.698487,2.792987,2.875236,2.951361,3.011736,3.059861,3.094861,3.114986,3.120236,3.111485,3.093111,3.062486,3.022236,2.972361,2.911987,2.847237,2.779862,2.705487,2.630238,2.559363,2.491989,2.424613,2.364239,2.304739,2.250489,2.19974,2.151615,2.104365,2.058865,2.01599,1.971366,1.923241,1.871616,1.815617,1.755242,1.692242,1.623992,1.554867,1.487493,1.419243,1.352743,1.285369,1.221494,1.160244,1.102495,1.048245,0.99662,0.953745,0.911746,0.874995,0.841746,0.811121,0.783996,0.760371,0.738496,0.720121,0.704371,0.692121,0.680746,0.669372,0.662371,0.656246,0.650997,0.647497,0.644872,0.642247,0.643122,0.643122,0.643122,0.645747,0.647497,0.650997,0.652747,0.657121,0.661497,0.664997,0.672872,0.678121,0.684246,0.692997,0.699996,0.709621,0.719246,0.728871,0.741121,0.754246,0.769121,0.781371,0.797121,0.814621,0.831246,0.84962,0.867995,0.88812,0.910871,0.93537,0.960745,0.98437,1.01237,1.039495,1.06837,1.098995,1.130495,1.161995,1.196119,1.225869,1.258244,1.291494,1.319494,1.348368,1.373743,1.399118,1.420993,1.440243,1.457743,1.469993,1.478743,1.485743,1.487493,1.488368,1.485743,1.480493,1.474368,1.465618,1.452493,1.440243,1.423618,1.409618,1.390368,1.375493,1.357993,1.342243,1.327369,1.310744,1.295869,1.282744,1.269619,1.258244,1.250369,1.243369,1.239869,1.238994,1.238994,1.241619,1.248619,1.259119,1.272244,1.290619,1.313368,1.340494,1.373743,1.412243,1.457743,1.507618,1.567118,1.632742,1.707117,1.792867,1.883866,1.985366,2.09649,2.21899,2.347614,2.489364,2.638988,2.794736,2.962736,3.135985,3.312734,3.492984,3.676733,3.855233,4.030232,4.198231,4.35223,4.49923,4.628729,4.738979,4.833478,4.903478,4.952478,4.978727,4.990977,4.978728,4.962977,4.938478,4.905228,4.864977,4.828227,4.794978,4.761729,4.742478,4.730228,4.731979,4.752978,4.786229,4.829978,4.889478,4.966478,5.055727,5.162477,5.283226,5.421475,5.578975,5.748724,5.935973,6.135472,6.355972,6.586971,6.835468,7.101468,7.381466,7.678965,7.986965,8.312463,8.648461,9.005459,9.369459,9.743956,10.128955,10.534952,10.947951,11.371449,11.812446,12.253446,12.718942,13.19494,13.667439,14.164438,14.636936,15.140933,15.651931,16.176929,16.701926,17.219924,17.744922,18.26992,18.780914,19.305912,19.82391,20.33491,20.845906,21.342904,21.839904,,2.5,17.5,0,0
0.248498,0.242373,0.227498,0.221374,0.211749,0.206061,0.195999,0.190967,0.184405,0.179592,0.175546,0.171608,0.16953,0.166249,0.163952,0.162202,0.161546,0.160561,0.160124,0.161655,0.160889,0.162639,0.165593,0.168327,0.172046,0.174999,0.181014,0.186046,0.19228,0.198514,0.206389,0.214374,0.224217,0.234936,0.247295,0.259655,0.272998,0.287217,0.303186,0.320029,0.33906,0.359514,0.382373,0.406654,0.434107,0.462872,0.494482,0.5297,0.568747,0.611294,0.658215,0.709621,0.765402,0.826215,0.892714,0.964245,1.043214,1.128307,1.221713,1.322337,1.430181,1.546993,1.67168,1.805116,1.946428,2.095615,2.254865,2.421114,2.595676,2.775487,2.961861,3.15086,3.342485,3.533234,3.723983,3.912107,4.094107,4.27173,4.43623,4.592854,4.732854,4.857978,4.964728,5.052227,5.120477,5.167727,5.197477,5.209727,5.202726,5.178227,5.132726,5.074977,5.003228,4.922728,4.831728,4.740728,4.649728,4.558729,4.46773,4.37673,4.294481,4.21048,4.135231,4.059982,3.988232,3.918231,3.849982,3.772982,3.688983,3.599734,3.499984,3.393234,3.277735,3.155235,3.029236,2.901487,2.770237,2.637238,2.505988,2.379989,2.257489,2.13849,2.02474,1.92499,1.830492,1.742991,1.662492,1.588993,1.522493,1.461243,1.408743,1.359744,1.319494,1.284494,1.252994,1.226744,1.202244,1.181244,1.167244,1.151495,1.139244,1.130495,1.125244,1.121745,1.118245,1.116495,1.116494,1.116495,1.116495,1.119994,1.125245,1.130495,1.137494,1.142744,1.151494,1.161994,1.170744,1.181244,1.195244,1.207494,1.223244,1.240744,1.258244,1.279244,1.301994,1.322994,1.345744,1.371994,1.399993,1.429743,1.462993,1.496242,1.531243,1.569742,1.608242,1.648492,1.692242,1.737742,1.788492,1.835741,1.886491,1.937241,1.989741,2.042241,2.09124,2.141989,2.19099,2.239989,2.281989,2.323989,2.358989,2.392239,2.416739,2.437738,2.451739,2.462239,2.469239,2.470989,2.465739,2.460489,2.448239,2.430738,2.407989,2.385238,2.362489,2.334489,2.309989,2.281989,2.25399,2.227739,2.197989,2.16999,2.14199,2.11749,2.09474,2.07374,2.05624,2.040491,2.02824,2.015991,2.01074,2.010741,2.01249,2.02124,2.036991,2.05974,2.08774,2.124491,2.16999,2.22249,2.285489,2.358988,2.442988,2.540988,2.652987,2.775488,2.910237,3.060735,3.223485,3.401984,3.597984,3.804483,4.026731,4.262981,4.511479,4.765228,5.025978,5.293727,5.561475,5.830973,6.086472,6.341971,6.58347,6.80047,7.006968,7.171468,7.314967,7.423465,7.507466,7.545965,7.570465,7.559966,7.521466,7.458466,7.367466,7.262467,7.146967,7.024468,6.894968,6.77247,6.66047,6.551971,6.45047,6.359471,6.278971,6.215971,6.163472,6.124973,6.117972,6.114472,6.135473,6.163472,6.205471,6.268471,6.34897,6.443471,6.54847,6.66747,6.810968,6.96147,7.122468,7.300966,7.496967,7.699965,7.916963,8.151463,8.392961,8.65546,8.931961,9.215457,9.505957,9.810456,10.132455,10.464954,10.80095,11.150951,11.500948,11.878947,12.249946,12.627945,13.019942,13.41194,13.817937,14.216935,14.636935,15.049934,15.46993,15.889929,16.295927,16.715923,,5,35,0,0
0.262498,0.252873,0.242373,0.236248,0.226186,0.218749,0.212405,0.204749,0.199717,0.194577,0.189983,0.18528,0.180577,0.179046,0.177186,0.17478,0.171171,0.171171,0.168983,0.168764,0.167889,0.167233,0.168983,0.169202,0.170842,0.171717,0.175436,0.177514,0.180905,0.183967,0.188889,0.193046,0.198733,0.204092,0.210655,0.216999,0.225311,0.233295,0.241498,0.250467,0.260092,0.271576,0.283389,0.296076,0.309857,0.324514,0.341576,0.358748,0.377998,0.399435,0.423607,0.44931,0.477419,0.508263,0.542388,0.579575,0.619169,0.663247,0.711809,0.765621,0.822058,0.885277,0.953964,1.028557,1.108401,1.193275,1.2869,1.388837,1.497118,1.610867,1.733804,1.864616,1.999366,2.138053,2.284177,2.436426,2.590863,2.746612,2.901487,3.062486,3.218235,3.36611,3.506984,3.643483,3.774733,3.888482,3.988232,4.083607,4.163231,4.225356,4.267356,4.29798,4.315481,4.31723,4.299731,4.27698,4.248981,4.21048,4.159731,4.103731,4.047731,3.984732,3.919982,3.849982,3.783483,3.718733,3.648734,3.571734,3.491234,3.412484,3.319734,3.221735,3.121985,3.015236,2.911987,2.801737,2.687987,2.577738,2.462239,2.350239,2.24174,2.14024,2.03874,1.947741,1.861991,1.783241,1.707992,1.637992,1.574993,1.517243,1.466493,1.417493,1.378993,1.342243,1.308994,1.280994,1.254744,1.231994,1.212744,1.195244,1.181244,1.168994,1.160244,1.151494,1.144494,1.137494,1.132245,1.128744,1.125244,1.121745,1.119994,1.121744,1.125244,1.126994,1.128744,1.132244,1.137494,1.142744,1.147994,1.156744,1.167244,1.179494,1.191744,1.205744,1.217994,1.237244,1.252994,1.272244,1.293244,1.315994,1.340494,1.364994,1.391243,1.420993,1.448993,1.482243,1.515493,1.552243,1.588993,1.625742,1.665992,1.707992,1.749991,1.790241,1.832241,1.875991,1.919741,1.961741,2.00199,2.042241,2.08074,2.11574,2.14549,2.171739,2.19624,2.21724,2.232989,2.24524,2.25224,2.25749,2.25399,2.246989,2.23649,2.22424,2.20674,2.18924,2.16999,2.14899,2.12624,2.09824,2.07374,2.04924,2.02474,2.00024,1.975741,1.958241,1.938991,1.923241,1.903991,1.895241,1.884741,1.879491,1.875992,1.877741,1.886491,1.89874,1.916241,1.938991,1.968741,2.007241,2.05099,2.10349,2.16824,2.24349,2.327489,2.423739,2.530488,2.651237,2.782487,2.927736,3.083486,3.261985,3.452734,3.653983,3.865732,4.091481,4.33298,4.574479,4.822979,5.076727,5.333975,5.585974,5.830973,6.065472,6.292971,6.49597,6.670971,6.82847,6.964969,7.073468,7.153967,7.209968,7.241467,7.241467,7.220468,7.174968,7.118969,7.048969,6.964967,6.877469,6.79347,6.712969,6.628969,6.53447,6.46097,6.397971,6.33847,6.282472,6.250971,6.233472,6.229972,6.229971,6.243971,6.275471,6.320972,6.380471,6.450471,6.53447,6.635971,6.74797,6.870469,7.00347,7.157467,7.321966,7.496965,7.675465,7.881964,8.098963,8.326463,8.560962,8.805959,9.068459,9.337959,9.614456,9.901456,10.205953,10.524453,10.839451,11.16495,11.47995,11.836946,12.179946,12.529941,12.886942,13.26494,13.635941,14.006937,14.377934,14.769934,15.161931,,5,35,0,0
0.229248,0.221374,0.208249,0.198186,0.191186,0.185061,0.178936,0.172374,0.169092,0.163186,0.158921,0.15553,0.151593,0.151155,0.148968,0.146124,0.145358,0.146671,0.145468,0.146671,0.145686,0.147983,0.150499,0.153343,0.156405,0.160124,0.164171,0.168327,0.173905,0.179811,0.18703,0.194686,0.203108,0.213061,0.223452,0.233514,0.245655,0.25867,0.272561,0.287436,0.304061,0.322436,0.342123,0.363998,0.387513,0.413435,0.441873,0.472607,0.506732,0.543919,0.585809,0.631419,0.680528,0.734121,0.793183,0.856839,0.927277,1.002745,1.085651,1.176213,1.273338,1.378775,1.491868,1.613492,1.744304,1.883866,2.033928,2.192302,2.358989,2.533988,2.716863,2.904986,3.097486,3.293485,3.492109,3.691608,3.886732,4.080981,4.27173,4.45373,4.621729,4.778353,4.923603,5.048727,5.157226,5.244726,5.316476,5.368976,5.398725,5.409226,5.396976,5.367226,5.318226,5.255226,5.179977,5.099477,5.010227,4.915727,4.821228,4.723229,4.625229,4.52723,4.432729,4.34173,4.252481,4.168481,4.080982,3.989982,3.891982,3.786982,3.674983,3.554234,3.428234,3.293485,3.158736,3.022236,2.882237,2.742237,2.602238,2.465738,2.336239,2.21024,2.09299,1.98624,1.888241,1.793742,1.709742,1.632742,1.560993,1.497993,1.440243,1.387743,1.343993,1.303744,1.268744,1.240744,1.212744,1.188244,1.168994,1.151494,1.137494,1.125244,1.116495,1.109494,1.102495,1.098995,1.095494,1.093745,1.091995,1.093745,1.095494,1.098995,1.104245,1.109494,1.114744,1.123495,1.130495,1.140994,1.151494,1.165494,1.181244,1.196994,1.216244,1.235494,1.256494,1.280994,1.301994,1.326494,1.356243,1.385993,1.419243,1.452493,1.489243,1.527743,1.566242,1.608242,1.653742,1.699242,1.749991,1.798992,1.853242,1.905741,1.958241,2.012491,2.064991,2.12099,2.17174,2.220739,2.271489,2.315239,2.357239,2.393989,2.423739,2.448239,2.470989,2.481489,2.491988,2.495488,2.495488,2.488488,2.472738,2.455239,2.432489,2.404489,2.376489,2.344989,2.315239,2.280239,2.24699,2.21199,2.17699,2.14199,2.11049,2.07899,2.05099,2.02474,2.001991,1.97924,1.961741,1.94774,1.93549,1.92849,1.926741,1.931991,1.942491,1.958241,1.98274,2.01424,2.05449,2.10174,2.15949,2.229489,2.309989,2.399239,2.505988,2.621488,2.750988,2.894487,3.050236,3.221735,3.407235,3.606733,3.823732,4.052981,4.29273,4.54298,4.798479,5.069727,5.337476,5.603475,5.867723,6.128473,6.376972,6.604469,6.814469,7.003468,7.160968,7.290466,7.384966,7.451467,7.482966,7.489965,7.465465,7.412966,7.335968,7.234468,7.118968,6.996469,6.863469,6.73747,6.611471,6.49247,6.380471,6.271971,6.177472,6.100472,6.033972,5.984973,5.953473,5.942973,5.946473,5.963972,5.998973,6.054973,6.124972,6.208971,6.310471,6.432971,6.57297,6.72697,6.88797,7.069967,7.269468,7.482966,7.710464,7.944964,8.203963,8.480462,8.753461,9.050959,9.358958,9.687956,10.020455,10.370452,10.734452,11.112449,11.504448,11.906945,12.319946,12.739944,13.16694,13.58694,14.020936,14.468936,14.902933,15.343932,15.791931,16.246927,16.694924,17.128924,,5,35,0,0
0.251998,0.244998,0.236248,0.226624,0.216999,0.212624,0.20628,0.201686,0.194686,0.191842,0.187358,0.184952,0.180796,0.177186,0.17653,0.174233,0.174561,0.173139,0.171827,0.16953,0.171608,0.169421,0.171499,0.172921,0.175217,0.177296,0.179155,0.181671,0.185171,0.189436,0.192717,0.19742,0.203327,0.209233,0.215905,0.222467,0.230233,0.238108,0.246967,0.256045,0.266873,0.277373,0.29017,0.303951,0.318936,0.333482,0.350545,0.369467,0.390248,0.41256,0.437388,0.46506,0.495029,0.52795,0.56306,0.602653,0.64509,0.691793,0.742215,0.799965,0.861871,0.929245,1.001651,1.081714,1.169869,1.263056,1.363025,1.472618,1.593805,1.719804,1.851929,1.995428,2.149427,2.306489,2.466176,2.637238,2.815737,2.995111,3.17361,3.359984,3.548984,3.726608,3.898982,4.073107,4.241981,4.39248,4.530729,4.665479,4.788853,4.884228,4.961228,5.027727,5.080227,5.102976,5.108227,5.106477,5.092477,5.055727,5.006727,4.948977,4.889478,4.814228,4.730229,4.649729,4.56573,4.47998,4.38548,4.29273,4.196481,4.091481,3.974232,3.860482,3.739733,3.606733,3.478984,3.344235,3.211235,3.067736,2.927736,2.792987,2.658238,2.526988,2.402739,2.29074,2.18224,2.08074,1.987991,1.89874,1.818241,1.742991,1.678242,1.615242,1.562743,1.513743,1.471743,1.431493,1.396493,1.364993,1.335244,1.308994,1.287993,1.268744,1.251244,1.235494,1.224994,1.212744,1.202244,1.191744,1.186494,1.177744,1.172495,1.168994,1.167244,1.165495,1.163744,1.165494,1.167244,1.170745,1.172494,1.177744,1.188244,1.196994,1.205744,1.216244,1.231994,1.245994,1.259994,1.277494,1.296744,1.317744,1.338743,1.363244,1.389493,1.417493,1.443743,1.475243,1.511992,1.546993,1.581992,1.620492,1.664242,1.707992,1.746492,1.791992,1.839241,1.888241,1.931991,1.97924,2.02999,2.07899,2.11749,2.15949,2.20324,2.24349,2.27499,2.30124,2.332739,2.357239,2.371239,2.381739,2.392239,2.393989,2.383489,2.374739,2.362489,2.350239,2.327489,2.30299,2.281989,2.255739,2.22424,2.19449,2.16474,2.13849,2.108741,2.08074,2.057991,2.035241,2.01424,1.989741,1.97224,1.95999,1.942491,1.937241,1.935491,1.93549,1.938991,1.945991,1.963491,1.98624,2.012491,2.042241,2.08599,2.14024,2.199741,2.264489,2.341489,2.434239,2.533989,2.637237,2.761487,2.894487,3.044986,3.198986,3.368734,3.555983,3.753733,3.949732,4.163231,4.390729,4.621729,4.842228,5.074977,5.309475,5.535225,5.739974,5.935973,6.124972,6.303471,6.43647,6.562471,6.67797,6.758469,6.81447,6.838969,6.859968,6.845968,6.807469,6.754969,6.70597,6.64297,6.562471,6.47497,6.387472,6.299971,6.205472,6.114472,6.033973,5.963973,5.890472,5.830973,5.781973,5.743474,5.708474,5.683974,5.673473,5.676975,5.683974,5.708474,5.753974,5.799474,5.851973,5.914973,5.998973,6.089973,6.191471,6.299972,6.43297,6.57647,6.726969,6.880968,7.059468,7.248466,7.444466,7.650966,7.874964,8.116464,8.357962,8.606462,8.87596,9.15596,9.425458,9.712456,10.013453,10.321454,10.629452,10.937451,11.25945,11.598946,11.920946,,5,35,0,0
0.341248,0.334248,0.321998,0.310623,0.305373,0.294873,0.289186,0.280436,0.273436,0.267748,0.263373,0.258561,0.255061,0.249811,0.248061,0.246311,0.241936,0.241936,0.239748,0.238655,0.236467,0.23603,0.236686,0.237342,0.237123,0.240077,0.241389,0.243686,0.243686,0.246967,0.250467,0.25353,0.258342,0.263483,0.268514,0.275186,0.281092,0.287873,0.295311,0.303186,0.312592,0.322982,0.334139,0.344748,0.357217,0.370889,0.385654,0.40217,0.41956,0.439466,0.46156,0.486169,0.512528,0.541731,0.572903,0.608669,0.647497,0.689934,0.736527,0.789027,0.845464,0.907808,0.97562,1.050214,1.131369,1.2204,1.316869,1.422306,1.537368,1.660742,1.792866,1.932428,2.082928,2.243489,2.409739,2.583863,2.7663,2.956611,3.149986,3.344235,3.542859,3.738858,3.929607,4.113356,4.291856,4.461605,4.618229,4.759103,4.883353,4.989228,5.071477,5.132727,5.174726,5.195726,5.195727,5.179976,5.146726,5.101227,5.041727,4.971727,4.891227,4.808978,4.723229,4.630479,4.541229,4.45373,4.364481,4.26823,4.16498,4.058231,3.947982,3.827232,3.697733,3.562984,3.429984,3.288235,3.144735,2.999486,2.855987,2.710738,2.575988,2.446488,2.322239,2.21024,2.10349,2.005491,1.916241,1.833991,1.760492,1.690492,1.630992,1.576742,1.529493,1.487493,1.450743,1.417493,1.387743,1.359744,1.336994,1.317744,1.300244,1.286244,1.277494,1.265244,1.258244,1.249494,1.242494,1.238994,1.233744,1.231994,1.231994,1.233744,1.237244,1.240744,1.244244,1.251244,1.258244,1.266994,1.277494,1.287993,1.303744,1.319494,1.338743,1.357993,1.380743,1.403493,1.427993,1.452493,1.482243,1.513743,1.546993,1.580242,1.618742,1.658992,1.700992,1.741241,1.788492,1.835741,1.886491,1.937241,1.98974,2.04224,2.09299,2.14374,2.19449,2.243489,2.28724,2.33099,2.371239,2.406239,2.434238,2.455238,2.472738,2.486739,2.490239,2.488488,2.484988,2.474488,2.460489,2.441239,2.416739,2.392239,2.364239,2.330989,2.30124,2.271489,2.24174,2.21024,2.180489,2.15074,2.12274,2.096491,2.07374,2.054491,2.03874,2.02649,2.01774,2.01249,2.010741,2.015991,2.02474,2.040491,2.06149,2.09124,2.12799,2.17699,2.23124,2.297739,2.374739,2.460488,2.561989,2.673987,2.801737,2.945236,3.102736,3.272485,3.456235,3.653983,3.869232,4.094982,4.32948,4.577979,4.835228,5.094226,5.351476,5.612225,5.862474,6.100473,6.327972,6.537971,6.73047,6.905468,7.041969,7.153969,7.237968,7.293966,7.314967,7.304467,7.269466,7.216967,7.157468,7.066469,6.964968,6.85997,6.74447,6.621969,6.513471,6.401472,6.299971,6.208972,6.131972,6.058471,5.998973,5.946474,5.907973,5.883474,5.869473,5.865974,5.886973,5.914973,5.960473,6.009472,6.075973,6.149472,6.243972,6.348972,6.464471,6.59747,6.751469,6.91247,7.080468,7.258969,7.454965,7.664965,7.874964,8.102463,8.350963,8.602962,8.86546,9.13496,9.418457,9.705457,10.002956,10.314454,10.629452,10.961951,11.297949,11.640947,11.976947,12.326944,12.669945,13.019941,13.376941,13.733937,14.083936,14.454934,14.818934,15.189931,15.539928,15.896928,,5,35,0,0
0.264248,0.257248,0.248498,0.239748,0.232748,0.227498,0.222249,0.216999,0.211749,0.208249,0.203874,0.198624,0.198624,0.194249,0.192499,0.189874,0.186811,0.187249,0.187249,0.185061,0.183311,0.184186,0.183311,0.183749,0.185061,0.186592,0.187249,0.18878,0.190967,0.192499,0.19578,0.198842,0.20267,0.207592,0.211749,0.216452,0.221374,0.22717,0.233514,0.240077,0.247186,0.25528,0.264358,0.273873,0.282951,0.295092,0.306795,0.319701,0.334139,0.350435,0.368154,0.387842,0.408732,0.432466,0.458279,0.48606,0.517669,0.551903,0.590403,0.633278,0.680856,0.731387,0.788699,0.848527,0.914808,0.988089,1.069464,1.157619,1.254088,1.3569,1.468243,1.588117,1.715429,1.851054,1.994116,2.146365,2.305177,2.471426,2.641613,2.818362,2.998611,3.17711,3.354735,3.534109,3.709983,3.879732,4.043356,4.199981,4.346105,4.479105,4.594604,4.696979,4.786229,4.856227,4.906978,4.948977,4.971727,4.983977,4.978727,4.957727,4.927978,4.889478,4.838728,4.780979,4.717979,4.653229,4.57973,4.500979,4.40998,4.318981,4.220981,4.108981,3.988232,3.867483,3.739733,3.604983,3.464984,3.321484,3.177986,3.030986,2.887487,2.747487,2.612738,2.488489,2.367739,2.255739,2.15074,2.052741,1.959991,1.877741,1.804242,1.735991,1.674742,1.620492,1.573242,1.531243,1.490993,1.455993,1.424493,1.399993,1.375493,1.354493,1.336994,1.322994,1.310744,1.294994,1.286244,1.277494,1.270494,1.263494,1.258244,1.256494,1.254744,1.254744,1.254744,1.256494,1.259994,1.263494,1.268744,1.277494,1.287994,1.300244,1.312493,1.324744,1.343994,1.361493,1.378993,1.399994,1.424493,1.452493,1.478743,1.506743,1.539993,1.573242,1.608243,1.646742,1.685242,1.728992,1.774492,1.821741,1.867242,1.916241,1.966991,2.01424,2.06499,2.11224,2.15949,2.20499,2.24874,2.287239,2.322239,2.351989,2.374739,2.395739,2.411489,2.421989,2.425489,2.427239,2.421988,2.414989,2.399239,2.379989,2.358989,2.334489,2.308239,2.280239,2.250489,2.22249,2.19449,2.16299,2.13149,2.10524,2.07724,2.05449,2.03174,2.014241,2.000241,1.986241,1.977491,1.970491,1.97224,1.97574,1.982741,1.99849,2.022991,2.052741,2.08774,2.12974,2.18399,2.24699,2.31699,2.395738,2.491988,2.596988,2.715988,2.843737,2.983737,3.137736,3.303985,3.477235,3.660984,3.863983,4.066982,4.278731,4.490479,4.707479,4.920978,5.129227,5.325225,5.517724,5.694474,5.865973,6.005973,6.128472,6.240471,6.317472,6.383971,6.415472,6.429472,6.425972,6.41197,6.376971,6.327971,6.275472,6.205471,6.124973,6.044472,5.974472,5.893973,5.813473,5.743474,5.676974,5.613975,5.557974,5.501975,5.463476,5.428475,5.403976,5.389976,5.382976,5.389975,5.407474,5.421476,5.456475,5.498475,5.557975,5.624473,5.701474,5.792474,5.897474,6.012973,6.131972,6.268471,6.422471,6.579971,6.751469,6.933468,7.132967,7.342966,7.563466,7.783964,8.025464,8.273963,8.536462,8.812961,9.08946,9.386957,9.687956,9.988955,10.293454,10.604952,10.93045,11.252451,11.584949,11.906948,12.263943,12.585944,12.928942,13.257941,13.600938,,5,35,0,0
0.195124,0.187249,0.174999,0.164936,0.157499,0.147874,0.144811,0.136718,0.130593,0.126983,0.120968,0.116593,0.112218,0.111343,0.108171,0.104999,0.102921,0.101171,0.099093312,0.098218312,0.095593328,0.095374576,0.093296464,0.094390208,0.092749584,0.09220272,0.092093336,0.092640216,0.091437096,0.092202712,0.092312088,0.092093336,0.093077712,0.094499584,0.09493708,0.096030824,0.097452688,0.097890184,0.099421432,0.101062,0.10314,0.105108,0.107733,0.109702,0.112874,0.115827,0.119436,0.123483,0.127421,0.132233,0.137265,0.143061,0.149624,0.156186,0.163952,0.172046,0.180467,0.190092,0.200702,0.211639,0.223452,0.236686,0.250795,0.264576,0.279233,0.295311,0.311717,0.329326,0.346717,0.365748,0.384998,0.40381,0.423388,0.442529,0.463201,0.483107,0.503013,0.523466,0.54556,0.568309,0.591278,0.616216,0.642684,0.672981,0.706121,0.743965,0.787496,0.839996,0.901027,0.971026,1.05262,1.150838,1.26415,1.393868,1.541087,1.709742,1.898741,2.103053,2.320489,2.551488,2.791675,3.030548,3.26111,3.480734,3.684608,3.862232,4.004856,4.111606,4.180731,4.208731,4.191231,4.133481,4.041607,3.921732,3.778232,3.613733,3.439609,3.253235,3.061611,2.868237,2.680113,2.499863,2.323989,2.16299,2.011615,1.869866,1.736867,1.613492,1.501493,1.399118,1.302869,1.217119,1.140119,1.07012,1.007995,0.950245,0.897745,0.850496,0.807621,0.768246,0.732371,0.701746,0.674621,0.648372,0.622997,0.601122,0.579247,0.559997,0.539872,0.523247,0.507497,0.493497,0.480372,0.467248,0.455873,0.445373,0.436622,0.426998,0.419123,0.412998,0.406873,0.402498,0.398123,0.394623,0.391123,0.386748,0.385873,0.384123,0.382373,0.382373,0.380623,0.380623,0.3810605,0.381498,0.381498,0.383248,0.383248,0.384123,0.385873,0.387623,0.389373,0.390248,0.391998,0.392873,0.395498,0.396373,0.397248,0.398123,0.399873,0.401623,0.402498,0.403373,0.405123,0.405123,0.405123,0.405998,0.405998,0.40621675,0.405998,0.406873,0.40621675,0.405998,0.405998,0.405123,0.405123,0.405123,0.405123,0.405998,0.405998,0.406873,0.407748,0.407748,0.408623,0.411248,0.412998,0.416498,0.419998,0.422623,0.426123,0.432248,0.437498,0.441872,0.448873,0.455873,0.463747,0.473372,0.482998,0.495247,0.505747,0.518872,0.533747,0.550372,0.567872,0.587997,0.608122,0.632622,0.659746,0.688622,0.718371,0.754246,0.790121,0.830371,0.870621,0.915246,0.96512,1.014995,1.067495,1.121744,1.177744,1.234619,1.290619,1.346618,1.402618,1.456868,1.506743,1.557492,1.603867,1.648492,1.689617,1.728992,1.770116,1.811242,1.854116,1.896991,1.940741,1.990616,2.044865,2.102615,2.167365,2.23999,2.322239,2.408864,2.502489,2.606613,2.722112,2.842862,2.974986,3.117611,3.27336,3.438734,3.615483,3.799232,4.002232,4.213981,4.43448,4.670729,4.922727,5.188727,5.463476,5.750474,6.056722,6.376971,6.70772,7.043718,7.398967,7.773464,8.156712,8.550461,8.952959,9.376457,9.810456,10.251454,10.699452,11.164949,11.647949,12.127445,12.620943,13.121441,13.639439,14.150437,14.661434,15.179432,15.707928,16.211928,16.729927,17.261922,17.79392,18.318916,18.843914,19.354912,,17.5,2.5,0,0
0.237998,0.226624,0.214374,0.202561,0.191186,0.185061,0.177186,0.167343,0.161218,0.15728,0.151811,0.146999,0.141202,0.138686,0.134749,0.132452,0.131468,0.128296,0.127093,0.124468,0.123374,0.122061,0.119874,0.121515,0.120311,0.119218,0.119983,0.120093,0.119765,0.119765,0.120038,0.120311,0.120311,0.123265,0.123046,0.125233,0.126327,0.12764,0.130155,0.132015,0.135186,0.137921,0.142296,0.144921,0.149077,0.153671,0.157936,0.163186,0.169092,0.176202,0.183311,0.190421,0.199827,0.209889,0.220389,0.231327,0.243248,0.256811,0.271795,0.286451,0.302201,0.321014,0.340482,0.358748,0.377779,0.399107,0.421966,0.444388,0.466701,0.490325,0.515591,0.539653,0.562841,0.586247,0.611075,0.636887,0.660293,0.684247,0.711153,0.740684,0.768902,0.798871,0.834527,0.875433,0.91962,0.96862,1.029651,1.10337,1.188025,1.282306,1.394306,1.52818,1.683929,1.853679,2.045303,2.267989,2.512988,2.769362,3.035798,3.31886,3.613734,3.896357,4.157981,4.40823,4.642729,4.836103,4.976102,5.076727,5.139726,5.148477,5.097727,5.004103,4.879853,4.723229,4.535979,4.32948,4.115981,3.892857,3.660983,3.430859,3.207735,2.993361,2.786862,2.596988,2.418489,2.251364,2.093865,1.946866,1.815616,1.692242,1.579367,1.475243,1.385993,1.303744,1.226744,1.157619,1.097245,1.04212,0.990495,0.944995,0.902996,0.86537,0.831246,0.800621,0.771746,0.742871,0.720121,0.696497,0.673747,0.653622,0.636121,0.618622,0.601997,0.587122,0.574872,0.561747,0.552122,0.541622,0.531122,0.524122,0.517122,0.510122,0.504872,0.500497,0.496997,0.492622,0.489997,0.488247,0.485622,0.484747,0.483872,0.483872,0.482997,0.483872,0.482997,0.483872,0.48409075,0.484747,0.484747,0.488247,0.489122,0.489997,0.491747,0.492622,0.495247,0.496997,0.496122,0.496997,0.499622,0.501372,0.503122,0.501372,0.503122,0.502247,0.501372,0.501372,0.501372,0.5018095,0.502247,0.502247,0.502247,0.501372,0.499622,0.498747,0.496997,0.497872,0.498747,0.498747,0.49940325,0.499622,0.500497,0.501372,0.502247,0.506622,0.507497,0.512747,0.515372,0.519747,0.525872,0.532872,0.537247,0.545122,0.553872,0.563497,0.574872,0.583622,0.598497,0.613372,0.628247,0.642247,0.661496,0.684247,0.706996,0.731496,0.759496,0.790996,0.825121,0.861871,0.899496,0.944995,0.990495,1.039495,1.091995,1.149744,1.212744,1.274869,1.335243,1.400868,1.469993,1.535618,1.595992,1.659867,1.723742,1.783241,1.833992,1.882991,1.931991,1.973991,2.01424,2.050115,2.09124,2.132365,2.174365,2.213739,2.26099,2.316989,2.372989,2.434239,2.504238,2.587363,2.679238,2.772862,2.876987,2.994236,3.123736,3.256735,3.401984,3.562984,3.737982,3.919982,4.108981,4.31723,4.541229,4.773978,5.010228,5.267476,5.543975,5.836223,6.130222,6.448721,6.774219,7.115468,7.458466,7.815466,8.196964,8.588961,8.987959,9.390459,9.824456,10.265453,10.706452,11.157951,11.623448,12.102944,12.592943,13.079442,13.572939,14.090937,14.608934,15.109432,15.61693,16.120926,16.645924,17.163924,17.667922,18.206918,18.724918,19.249912,19.739912,20.243906,,17.5,2.5,0,0
0.318498,0.304498,0.288748,0.275623,0.264248,0.251998,0.242373,0.233623,0.225748,0.219624,0.213061,0.206061,0.202561,0.195561,0.192936,0.190311,0.186811,0.184186,0.180686,0.178936,0.177624,0.174561,0.17303,0.173686,0.172811,0.170405,0.171499,0.170186,0.170842,0.170405,0.170405,0.171499,0.171936,0.172811,0.174561,0.175217,0.176639,0.177514,0.179483,0.182327,0.184186,0.187249,0.190202,0.19403,0.197967,0.201905,0.206499,0.21142,0.216999,0.223014,0.230452,0.238655,0.247405,0.256592,0.267201,0.279342,0.291483,0.304717,0.319045,0.335998,0.353717,0.372092,0.392107,0.412998,0.43531,0.458607,0.483107,0.508919,0.53681,0.565247,0.592481,0.621903,0.651543,0.681512,0.710824,0.740684,0.76934,0.801715,0.832996,0.866027,0.902339,0.939745,0.980651,1.027026,1.081057,1.143619,1.217557,1.304619,1.408743,1.53168,1.675617,1.843616,2.041365,2.268427,2.521301,2.80655,3.116298,3.449234,3.795733,4.145731,4.499229,4.843978,5.160727,5.4416,5.683099,5.877348,6.005973,6.070723,6.067222,6.007723,5.885224,5.704975,5.482725,5.232476,4.962978,4.675979,4.38373,4.091481,3.802733,3.522734,3.258485,3.009986,2.775487,2.568988,2.374739,2.19799,2.03699,1.886491,1.753492,1.632742,1.522493,1.424493,1.338743,1.263494,1.191744,1.130495,1.072745,1.021995,0.976495,0.932745,0.895995,0.859246,0.829496,0.801496,0.773496,0.747246,0.726246,0.701746,0.682497,0.664997,0.649246,0.633497,0.617747,0.607247,0.596747,0.586247,0.575747,0.568747,0.561747,0.558247,0.554747,0.551247,0.547747,0.544247,0.545997,0.542497,0.544247,0.542497,0.544247,0.544247,0.545997,0.547747,0.549497,0.549497,0.551247,0.554747,0.556497,0.556497,0.559997,0.561747,0.563497,0.565247,0.566997,0.566997,0.570497,0.568747,0.570497,0.570497,0.570497,0.568747,0.568747,0.566997,0.566997,0.563497,0.561747,0.561747,0.561747,0.561747,0.558247,0.558247,0.558247,0.558247,0.556497,0.556497,0.558247,0.561747,0.563497,0.566997,0.570497,0.575747,0.577497,0.582747,0.589747,0.596747,0.603747,0.612497,0.622997,0.635247,0.647496,0.661497,0.677246,0.691246,0.710496,0.729746,0.754246,0.780496,0.806746,0.838246,0.869746,0.908245,0.948495,0.993995,1.041245,1.093745,1.149744,1.210994,1.273994,1.342243,1.410493,1.478743,1.550493,1.620492,1.693992,1.762242,1.826991,1.888241,1.949491,2.00199,2.04924,2.09474,2.13849,2.18049,2.21899,2.259239,2.301239,2.344989,2.390489,2.446489,2.507739,2.572488,2.651237,2.733487,2.831487,2.936487,3.048485,3.174485,3.317985,3.470234,3.634733,3.813232,4.009231,4.217481,4.43798,4.670729,4.919228,5.188726,5.465225,5.759224,6.070722,6.401471,6.74272,7.101467,7.468966,7.850465,8.259962,8.67296,9.103459,9.547957,10.013454,10.485954,10.965451,11.451949,11.959445,12.480943,12.991942,13.520439,14.073436,14.622934,15.172432,15.721931,16.281927,16.848924,17.39492,17.95492,18.528916,19.102914,19.655914,20.208908,20.754908,21.307902,21.8259,22.350898,22.868898,23.365896,23.862892,24.34589,24.807888,25.276888,25.724884,26.137882,,17.5,2.5,0,0
0.304498,0.292248,0.279998,0.267748,0.254623,0.243248,0.237561,0.230998,0.221811,0.215249,0.209561,0.203874,0.199499,0.194686,0.191624,0.187686,0.184624,0.182436,0.178499,0.177624,0.176311,0.174999,0.172811,0.171717,0.170624,0.16953,0.16953,0.169311,0.168655,0.168436,0.169093,0.168874,0.170077,0.170733,0.171608,0.172592,0.173686,0.175217,0.175436,0.177624,0.179592,0.181671,0.184186,0.187249,0.190311,0.193046,0.196874,0.200811,0.205295,0.210545,0.216342,0.223014,0.230342,0.237889,0.246202,0.255498,0.265233,0.276608,0.288529,0.301873,0.316639,0.332389,0.348795,0.366076,0.385326,0.405123,0.426341,0.447888,0.47206,0.497107,0.52281,0.548622,0.575309,0.603747,0.632403,0.66084,0.689934,0.721981,0.753371,0.786621,0.822277,0.860339,0.901027,0.947183,0.996839,1.054589,1.122838,1.2029,1.293681,1.40065,1.526868,1.676055,1.847116,2.04399,2.268864,2.527426,2.805674,3.105798,3.428234,3.763358,4.102856,4.431855,4.747728,5.046102,5.306851,5.52035,5.68135,5.792474,5.834474,5.816974,5.739974,5.612224,5.435475,5.221977,4.983977,4.724979,4.45898,4.182481,3.902482,3.632983,3.373984,3.125485,2.894487,2.686237,2.490238,2.311739,2.14549,1.993241,1.856741,1.732492,1.620492,1.517243,1.429743,1.350994,1.275744,1.212744,1.153244,1.100744,1.051745,1.007995,0.965995,0.932745,0.899496,0.869746,0.841746,0.813746,0.789246,0.766496,0.743746,0.724497,0.705247,0.689496,0.673747,0.661497,0.649247,0.635246,0.624747,0.615997,0.608997,0.601997,0.596747,0.591497,0.587997,0.584497,0.580997,0.579247,0.575747,0.573997,0.575747,0.573997,0.575747,0.575747,0.575747,0.577497,0.579247,0.579247,0.579247,0.579247,0.582747,0.584497,0.586247,0.587997,0.587997,0.587997,0.587997,0.587997,0.587997,0.587997,0.589747,0.589747,0.587997,0.584497,0.586247,0.580997,0.579247,0.577497,0.577497,0.575747,0.573997,0.572247,0.568747,0.570497,0.568747,0.568747,0.566997,0.566997,0.568747,0.568747,0.572247,0.573997,0.577497,0.579247,0.584497,0.589747,0.594997,0.601997,0.610747,0.619497,0.628247,0.640497,0.650996,0.666747,0.680746,0.698246,0.719246,0.740246,0.762996,0.789246,0.817246,0.850496,0.885496,0.922245,0.964245,1.009745,1.060495,1.112994,1.167244,1.226744,1.289744,1.354493,1.419243,1.485743,1.553992,1.616992,1.679992,1.741241,1.798992,1.851491,1.898741,1.944241,1.98974,2.029991,2.06674,2.10349,2.14374,2.18049,2.21724,2.262739,2.309989,2.362489,2.425489,2.488489,2.567238,2.649488,2.742238,2.843737,2.955736,3.085235,3.216485,3.365235,3.526233,3.697733,3.886732,4.082732,4.28923,4.520229,4.756478,5.010228,5.279726,5.563225,5.865974,6.177472,6.49947,6.845969,7.204718,7.580966,7.962464,8.371963,8.795461,9.232958,9.670457,10.125455,10.597952,11.084451,11.570947,12.067946,12.596444,13.124941,13.65694,14.188936,14.738433,15.29493,15.861929,16.414926,16.974924,17.56292,18.129918,18.689918,19.242916,19.809908,20.36291,20.908908,21.433904,21.965902,22.497898,23.015898,23.512892,24.002892,24.485892,24.933888,,17.5,2.5,0,0
0.227498,0.216124,0.204749,0.197311,0.188999,0.182436,0.176967,0.171936,0.165811,0.161655,0.156624,0.153561,0.149405,0.146889,0.144264,0.143827,0.142405,0.141421,0.137921,0.137374,0.137265,0.13464,0.134311,0.133327,0.13278,0.13278,0.13289,0.133218,0.132561,0.133436,0.133765,0.133983,0.134749,0.135624,0.136718,0.138905,0.139561,0.141968,0.143827,0.145577,0.147327,0.150827,0.15378,0.157389,0.161327,0.165046,0.169421,0.174452,0.18003,0.185717,0.192936,0.200702,0.208795,0.217764,0.226952,0.23767,0.248498,0.260639,0.273326,0.287764,0.302858,0.318607,0.335451,0.35306,0.371107,0.390467,0.410701,0.431482,0.453685,0.475997,0.499404,0.522591,0.5472,0.572356,0.597403,0.623106,0.650122,0.679106,0.708528,0.741996,0.777215,0.817027,0.861433,0.910214,0.967964,1.034245,1.111463,1.202244,1.3079,1.431056,1.57193,1.732492,1.917116,2.124052,2.353301,2.602238,2.869987,3.151298,3.439609,3.730108,4.015356,4.28923,4.539479,4.759103,4.944603,5.094227,5.197476,5.247351,5.249101,5.204477,5.113477,4.978728,4.814228,4.620854,4.41523,4.194731,3.964607,3.733608,3.499984,3.272485,3.053736,2.844612,2.645988,2.468363,2.301239,2.14549,2.001116,1.867241,1.745617,1.633617,1.532118,1.437618,1.356243,1.280994,1.212744,1.151494,1.09462,1.042995,0.995745,0.953745,0.91437,0.878496,0.846996,0.817246,0.789246,0.762996,0.737621,0.714871,0.693871,0.672872,0.654497,0.636997,0.622122,0.607247,0.593247,0.580122,0.567872,0.557372,0.547747,0.538122,0.531997,0.525872,0.518872,0.515372,0.510122,0.505747,0.501372,0.499622,0.496997,0.495247,0.494372,0.492622,0.491747,0.490872,0.490872,0.490872,0.489997,0.489122,0.490872,0.492622,0.493497,0.493497,0.493497,0.494372,0.494372,0.496122,0.495247,0.496122,0.496997,0.496997,0.496122,0.496997,0.495247,0.494372,0.495247,0.490872,0.491747,0.490872,0.489997,0.487372,0.485622,0.483872,0.480372,0.478622,0.475997,0.475122,0.473372,0.471622,0.470747,0.470747,0.469872,0.468997,0.469872,0.470747,0.471622,0.474248,0.477747,0.478622,0.482997,0.488247,0.491747,0.498747,0.504872,0.512747,0.521497,0.531122,0.541622,0.552997,0.566122,0.580122,0.597622,0.615122,0.635247,0.657122,0.680746,0.707871,0.737621,0.767371,0.800621,0.838246,0.874996,0.91787,0.96337,1.01062,1.062245,1.114745,1.167244,1.222369,1.277494,1.334369,1.388619,1.443743,1.497993,1.548742,1.596867,1.641492,1.684367,1.724617,1.761367,1.797241,1.832241,1.869866,1.907491,1.943366,1.98449,2.028241,2.07374,2.12799,2.184865,2.250489,2.322239,2.400989,2.484114,2.579488,2.678363,2.786862,2.903236,3.027486,3.163985,3.310984,3.466735,3.632983,3.807982,3.995232,4.189481,4.402979,4.621729,4.856228,5.101227,5.358476,5.626225,5.902723,6.198472,6.49947,6.810969,7.132967,7.474216,7.822464,8.179463,8.546963,8.928461,9.327459,9.726457,10.139455,10.562952,11.00745,11.451949,11.906946,12.372445,12.844943,13.317441,13.796939,14.279936,14.766434,15.259929,15.75693,16.246926,16.750924,17.22692,17.70992,,17.5,2.5,0,0
0.217874,0.209124,0.202124,0.189874,0.182436,0.177186,0.169311,0.165811,0.159468,0.156843,0.152468,0.147874,0.145249,0.142077,0.140436,0.140764,0.137155,0.136608,0.134202,0.132452,0.132124,0.13119425,0.130265,0.129936,0.1292255,0.128515,0.128186,0.128515,0.12829575,0.128186,0.128296,0.128624,0.128843,0.130265,0.130265,0.133436,0.133218,0.134858,0.137374,0.137483,0.139999,0.142514,0.145577,0.147327,0.151046,0.154108,0.157389,0.160999,0.166139,0.171936,0.175217,0.182764,0.190311,0.198295,0.20442,0.212405,0.221702,0.232748,0.242811,0.25342,0.268405,0.283498,0.296623,0.309311,0.326592,0.34442,0.362248,0.378107,0.400638,0.420873,0.444169,0.463966,0.487263,0.512528,0.539216,0.562185,0.589528,0.620372,0.653512,0.684793,0.719574,0.758402,0.806308,0.850714,0.904089,0.969495,1.046932,1.126557,1.221713,1.334587,1.468899,1.609117,1.766617,1.955178,2.166052,2.384364,2.609676,2.862549,3.132048,3.387109,3.625983,3.875357,4.117731,4.319855,4.477355,4.625229,4.741603,4.803728,4.802853,4.781853,4.724104,4.622604,4.472105,4.312855,4.143106,3.950607,3.740608,3.534984,3.328485,3.12286,2.918987,2.729987,2.547988,2.382614,2.22599,2.085115,1.949491,1.826116,1.710617,1.609993,1.515493,1.427118,1.349244,1.281869,1.219744,1.160245,1.106869,1.05962,1.016745,0.97562,0.936246,0.90387,0.874121,0.846996,0.818996,0.794496,0.769121,0.749871,0.727121,0.706121,0.689496,0.673747,0.654496,0.639622,0.627372,0.615122,0.602872,0.590622,0.580122,0.573122,0.566122,0.554747,0.551247,0.545997,0.539872,0.534622,0.531122,0.529372,0.525872,0.523247,0.519747,0.520622,0.519747,0.516247,0.515372,0.515372,0.515372,0.513622,0.513622,0.514497,0.5158095,0.517997,0.517122,0.517122,0.518872,0.517997,0.516247,0.517997,0.519747,0.520622,0.517997,0.520622,0.519747,0.519747,0.517997,0.515372,0.516247,0.516247,0.514497,0.511872,0.510997,0.510997,0.505747,0.503997,0.502247,0.500497,0.499622,0.49765325,0.495247,0.495247,0.49371575,0.491747,0.492622,0.493497,0.492622,0.492622,0.496122,0.498747,0.503122,0.502247,0.507497,0.511872,0.519747,0.524122,0.531122,0.538122,0.549497,0.558247,0.569622,0.582747,0.598497,0.610747,0.628247,0.648372,0.671121,0.692122,0.716621,0.745496,0.774371,0.805871,0.839996,0.878496,0.919621,0.960745,1.00362,1.051745,1.10512,1.154119,1.204869,1.259119,1.315118,1.369368,1.420118,1.471743,1.523368,1.573242,1.613493,1.657242,1.698367,1.737742,1.774491,1.810366,1.849741,1.889116,1.922366,1.960866,2.00724,2.055365,2.10174,2.156865,2.22424,2.292489,2.362489,2.437738,2.526113,2.620613,2.715988,2.821863,2.938237,3.065986,3.193735,3.331984,3.484234,3.645233,3.811483,3.986482,4.178981,4.38198,4.58673,4.801978,5.034728,5.274476,5.524725,5.773224,6.046222,6.333221,6.61672,6.908969,7.216967,7.538965,7.864465,8.189962,8.539962,8.900459,9.264459,9.624957,10.013454,10.412453,10.804451,11.199949,11.609448,12.032945,12.442444,12.848443,13.27194,13.705938,14.129437,14.531935,14.965933,15.392932,,17.5,2.5,0,0
0.241498,0.231873,0.216124,0.206936,0.192061,0.184186,0.176311,0.170842,0.16253,0.158155,0.151374,0.148421,0.144702,0.140108,0.13803,0.13628,0.132561,0.131358,0.129608,0.127311,0.126108,0.125343,0.123811,0.123265,0.123921,0.123702,0.1240575,0.124358,0.124249,0.124358,0.124905,0.126546,0.12764,0.128843,0.130702,0.133327,0.134858,0.137702,0.139999,0.143061,0.146561,0.150718,0.155749,0.160561,0.166249,0.171499,0.178061,0.185061,0.193046,0.201467,0.210874,0.222139,0.23417,0.24642,0.260201,0.275514,0.292795,0.310186,0.328998,0.350982,0.374607,0.399326,0.425357,0.454013,0.484857,0.51745,0.551138,0.587669,0.627919,0.670356,0.713449,0.757527,0.80784,0.858808,0.912183,0.967308,1.026589,1.091776,1.159369,1.231338,1.308337,1.394962,1.487055,1.588118,1.698804,1.827867,1.973116,2.134552,2.316552,2.526551,2.76805,3.036236,3.331109,3.668858,4.044231,4.45373,4.882478,5.342726,5.830098,6.327096,6.81447,7.293967,7.768215,8.212712,8.608211,8.949459,9.246959,9.484957,9.635457,9.708956,9.712456,9.652957,9.509457,9.297709,9.045709,8.74996,8.408712,8.030713,7.635216,7.232717,6.824969,6.418971,6.025223,5.654224,5.298976,4.962978,4.646229,4.35398,4.077481,3.820232,3.587484,3.373984,3.183235,3.004736,2.845487,2.700237,2.565488,2.441239,2.330989,2.231239,2.13674,2.05274,1.97749,1.903991,1.839242,1.774491,1.714992,1.657242,1.604742,1.553992,1.506743,1.462993,1.424493,1.384243,1.347493,1.310744,1.277494,1.247744,1.217994,1.191744,1.168994,1.147995,1.126995,1.105995,1.090245,1.072745,1.058745,1.044745,1.032495,1.021995,1.013245,1.004495,0.993995,0.986995,0.981745,0.974745,0.967745,0.964245,0.957245,0.957245,0.951995,0.948495,0.946746,0.943245,0.939745,0.936246,0.930995,0.932745,0.929246,0.925745,0.920495,0.920496,0.918745,0.911745,0.906495,0.904746,0.901245,0.894246,0.888995,0.881996,0.876745,0.869746,0.860996,0.853996,0.845246,0.838246,0.832996,0.825996,0.818996,0.811996,0.803246,0.797996,0.792746,0.785746,0.782246,0.778746,0.775246,0.775246,0.771746,0.771746,0.771746,0.775246,0.778746,0.780496,0.787496,0.794496,0.803246,0.813746,0.824246,0.834746,0.853995,0.869746,0.892496,0.915245,0.941495,0.972995,1.004495,1.037745,1.077995,1.123495,1.170744,1.223244,1.279243,1.342243,1.412243,1.483993,1.555743,1.636243,1.720242,1.804241,1.889992,1.97749,2.066741,2.15424,2.23299,2.309989,2.381739,2.451739,2.511238,2.560239,2.609238,2.656488,2.693238,2.724738,2.752737,2.780737,2.805237,2.827987,2.850738,2.883987,2.922487,2.962736,3.001236,3.053736,3.109735,3.176236,3.246235,3.323235,3.419484,3.519234,3.631233,3.750232,3.879733,4.024982,4.180731,4.34348,4.520229,4.714479,4.926228,5.136227,5.363727,5.610474,5.865973,6.135472,6.408471,6.70597,7.020969,7.339467,7.664964,8.004463,8.361463,8.732461,9.103459,9.488458,9.883955,10.303954,10.720451,11.147449,11.577948,12.036446,12.494944,12.946441,13.404939,13.852936,14.349935,14.825933,15.29493,15.798927,16.281927,16.778924,,35,5,0,0
0.217874,0.206499,0.189874,0.178061,0.168874,0.158374,0.151374,0.142186,0.135624,0.129936,0.123374,0.118561,0.11528,0.111343,0.107733,0.10653,0.104999,0.101608,0.099749552,0.098874568,0.097233944,0.097015192,0.096358944,0.097233944,0.096249576,0.09646832,0.098218312,0.098546432,0.099749552,0.100515,0.102046,0.104015,0.106749,0.109046,0.111452,0.11539,0.118343,0.122171,0.126327,0.131577,0.136499,0.143061,0.148968,0.156296,0.164608,0.173796,0.182983,0.193811,0.205952,0.218639,0.232967,0.248936,0.266217,0.285576,0.305264,0.327795,0.352404,0.377342,0.405013,0.43531,0.467357,0.501482,0.538341,0.576184,0.615997,0.658762,0.702075,0.748121,0.79559,0.845246,0.896214,0.948495,1.001651,1.056557,1.112994,1.171182,1.231557,1.295431,1.364775,1.43893,1.51943,1.607805,1.707554,1.822179,1.952553,2.102615,2.275865,2.478863,2.712925,2.980236,3.281235,3.620733,3.998732,4.417855,4.863228,5.341851,5.842349,6.360346,6.879218,7.386716,7.880214,8.345713,8.77096,9.13671,9.446458,9.691457,9.861206,9.948705,9.950455,9.876955,9.722957,9.497208,9.203208,8.86371,8.492712,8.090214,7.663216,7.229217,6.793469,6.359471,5.942973,5.543974,5.160726,4.810728,4.47998,4.171981,3.884983,3.618984,3.375734,3.149985,2.945236,2.756237,2.591738,2.437738,2.29949,2.17349,2.05799,1.952991,1.858491,1.770991,1.690492,1.620492,1.553992,1.492743,1.434993,1.380743,1.328244,1.280994,1.233744,1.191744,1.153245,1.118245,1.083245,1.051745,1.023744,0.993995,0.969495,0.946745,0.925745,0.908245,0.888995,0.874996,0.862746,0.848746,0.838246,0.829495,0.820746,0.810246,0.804996,0.797996,0.794496,0.789246,0.787496,0.782246,0.780496,0.775246,0.773496,0.769996,0.769996,0.769996,0.768246,0.764746,0.764746,0.764746,0.762996,0.759496,0.757746,0.757746,0.754246,0.754246,0.750746,0.748996,0.747246,0.741996,0.736747,0.731496,0.727996,0.724496,0.720996,0.713996,0.708746,0.701746,0.696496,0.689496,0.684246,0.678996,0.675497,0.670247,0.663247,0.659746,0.657997,0.654497,0.650997,0.650997,0.650997,0.650997,0.652747,0.656246,0.657997,0.663247,0.668496,0.677246,0.684246,0.694747,0.705246,0.720996,0.736746,0.754246,0.773496,0.796246,0.820746,0.850496,0.881996,0.915245,0.957245,0.999245,1.048245,1.102495,1.160245,1.223244,1.289744,1.363243,1.445492,1.527743,1.618743,1.713242,1.805991,1.902241,2.000241,2.09649,2.19099,2.280239,2.364239,2.441239,2.511239,2.568988,2.616238,2.654737,2.686238,2.707237,2.724738,2.738737,2.750987,2.759737,2.770237,2.782487,2.798237,2.822737,2.848987,2.887487,2.938236,2.995986,3.065986,3.142986,3.233985,3.335485,3.450984,3.576984,3.716983,3.869232,4.038981,4.22098,4.41523,4.623479,4.845728,5.087227,5.339226,5.605224,5.893973,6.191471,6.502971,6.831969,7.171468,7.528467,7.899465,8.280962,8.67646,9.089459,9.519956,9.957455,10.398453,10.860452,11.339949,11.826446,12.323445,12.834442,13.352441,13.884437,14.405934,14.923933,15.476929,16.015929,16.568927,17.114924,17.65392,18.213916,18.759916,19.298912,19.82391,20.355908,,35,5,0,0
0.332498,0.318498,0.304498,0.287873,0.277373,0.265998,0.254623,0.244998,0.234498,0.228373,0.220936,0.216124,0.209124,0.202561,0.198624,0.194249,0.191624,0.188124,0.185499,0.181999,0.178936,0.177624,0.176311,0.175436,0.174342,0.173249,0.172592,0.172374,0.171936,0.1722645,0.172374,0.172374,0.173796,0.174233,0.175655,0.17653,0.177405,0.18003,0.181671,0.183967,0.186483,0.189983,0.192608,0.196327,0.200264,0.205295,0.210108,0.214702,0.220717,0.227717,0.235045,0.243577,0.252108,0.26228,0.27278,0.284483,0.297061,0.311498,0.326592,0.343873,0.362576,0.382592,0.404029,0.427435,0.451607,0.478075,0.506732,0.5367,0.568966,0.602216,0.6382,0.675934,0.713012,0.753699,0.794496,0.836933,0.881121,0.927933,0.976495,1.027464,1.080182,1.136838,1.197869,1.265025,1.338087,1.419899,1.513305,1.62093,1.744742,1.884741,2.04749,2.23649,2.454801,2.700675,2.980236,3.296985,3.646983,4.022357,4.42398,4.847478,5.283226,5.717224,6.141597,6.54497,6.924718,7.255467,7.530216,7.741965,7.881964,7.950214,7.937964,7.852214,7.698215,7.486466,7.227467,6.926469,6.59747,6.249222,5.881723,5.519475,5.162477,4.819478,4.490479,4.187731,3.902482,3.638234,3.394984,3.165736,2.959236,2.771988,2.598738,2.444738,2.306489,2.18224,2.06849,1.965241,1.870742,1.788492,1.707992,1.637992,1.573243,1.517243,1.462993,1.413993,1.368494,1.324743,1.282744,1.245994,1.209244,1.175994,1.146245,1.118245,1.091995,1.070995,1.049995,1.028995,1.011495,0.995745,0.979995,0.967745,0.957245,0.946745,0.937995,0.932745,0.925745,0.920496,0.913495,0.909995,0.908246,0.904745,0.902995,0.899496,0.899496,0.897746,0.895996,0.895996,0.895995,0.895995,0.895995,0.895995,0.895995,0.895995,0.89599525,0.895995,0.895996,0.895995,0.892496,0.892496,0.892496,0.888995,0.887246,0.883745,0.881996,0.876745,0.869746,0.867996,0.864496,0.857496,0.855746,0.848746,0.846996,0.841746,0.838246,0.834746,0.831246,0.829495,0.827746,0.824246,0.827746,0.824246,0.827746,0.827746,0.831246,0.834745,0.843496,0.850496,0.857496,0.867996,0.880245,0.892496,0.908245,0.927495,0.948495,0.971246,0.997495,1.027245,1.062245,1.097244,1.139245,1.182994,1.233744,1.287994,1.350994,1.415743,1.489243,1.566242,1.646742,1.732492,1.821742,1.914491,2.00724,2.10174,2.19799,2.29074,2.381739,2.463989,2.546238,2.617988,2.684487,2.743987,2.798237,2.854237,2.901487,2.946986,2.994236,3.037986,3.086986,3.134236,3.188486,3.249736,3.317985,3.396735,3.477234,3.569983,3.671483,3.779983,3.898982,4.031982,4.175481,4.32948,4.49048,4.668979,4.852728,5.046977,5.248226,5.461726,5.690974,5.918473,6.166971,6.425971,6.69547,6.971969,7.255467,7.538967,7.846964,8.158464,8.483963,8.816459,9.159459,9.516457,9.869955,10.230454,10.611952,11.00395,11.392449,11.787947,12.207946,12.634942,13.051442,13.481938,13.929935,14.377934,14.825935,15.266931,15.72893,16.204927,16.666925,17.128922,17.58392,18.045918,18.500916,18.941914,19.37591,19.816912,20.24391,20.670908,21.069904,21.475902,21.881902,22.2389,,35,5,0,0
0.321998,0.309748,0.293998,0.282623,0.271248,0.258123,0.251123,0.238873,0.234498,0.225311,0.219186,0.213936,0.208686,0.203874,0.198624,0.196436,0.193374,0.190749,0.188124,0.185936,0.183749,0.182874,0.180249,0.180686,0.179155,0.178717,0.179155,0.179155,0.179155,0.179155,0.179374,0.179811,0.181561,0.183421,0.184842,0.186155,0.188233,0.191077,0.193264,0.196217,0.19928,0.203327,0.207811,0.212624,0.218202,0.223342,0.229577,0.236686,0.244233,0.253092,0.262826,0.273436,0.285467,0.298483,0.313357,0.328889,0.345732,0.364435,0.384779,0.408185,0.432576,0.458826,0.4877,0.518107,0.550919,0.585372,0.622341,0.6627,0.705575,0.749762,0.796574,0.843715,0.895121,0.946308,1.00012,1.056339,1.114745,1.17665,1.240963,1.308775,1.382275,1.459056,1.543493,1.635805,1.742992,1.862429,1.999803,2.15774,2.341927,2.554113,2.796925,3.076048,3.396735,3.761608,4.162356,4.610354,5.090727,5.6026,6.137222,6.674469,7.218717,7.754215,8.263462,8.728961,9.152459,9.518207,9.808706,10.013455,10.128955,10.160454,10.100955,9.946955,9.712457,9.414957,9.06321,8.662461,8.226713,7.769965,7.297467,6.828469,6.369971,5.930723,5.512475,5.125727,4.763478,4.43098,4.117732,3.830733,3.568233,3.331984,3.114986,2.918986,2.745737,2.591738,2.448238,2.318739,2.203239,2.09824,2.000241,1.914491,1.833991,1.762242,1.695742,1.632742,1.574992,1.518993,1.469992,1.419243,1.375494,1.331744,1.294993,1.259994,1.224994,1.196994,1.167244,1.139244,1.116494,1.093745,1.074495,1.058745,1.044745,1.028995,1.018495,1.007995,0.997495,0.988745,0.981745,0.972995,0.969495,0.964245,0.958995,0.957246,0.953745,0.951995,0.950245,0.946745,0.944995,0.943245,0.944996,0.943246,0.943246,0.943245,0.939745,0.939745,0.937995,0.934495,0.930995,0.929245,0.927495,0.922245,0.916995,0.909995,0.906496,0.899495,0.890746,0.883746,0.876746,0.871495,0.862746,0.855746,0.846995,0.841746,0.832996,0.825996,0.820746,0.817246,0.813746,0.810246,0.806746,0.806746,0.803246,0.803246,0.806746,0.806746,0.811996,0.817246,0.827746,0.834746,0.843496,0.855746,0.867996,0.883746,0.901245,0.920495,0.944995,0.971245,1.000995,1.034245,1.069245,1.111245,1.156745,1.205744,1.259994,1.319494,1.384243,1.457743,1.529493,1.609992,1.693992,1.777991,1.865491,1.95649,2.047491,2.136739,2.22249,2.302989,2.378238,2.444738,2.504238,2.560238,2.607487,2.649488,2.684487,2.710737,2.736987,2.757987,2.780737,2.801738,2.824487,2.850737,2.882237,2.918986,2.966236,3.018736,3.074735,3.141236,3.216485,3.305734,3.403735,3.515734,3.634733,3.769483,3.912982,4.063481,4.229731,4.40998,4.598979,4.803728,5.018977,5.251726,5.493225,5.746973,6.009472,6.285972,6.57647,6.877469,7.185468,7.521466,7.857465,8.200464,8.557463,8.914459,9.295959,9.680957,10.065954,10.457953,10.877952,11.294448,11.714448,12.141445,12.585944,13.026942,13.457438,13.915936,14.377936,14.839936,15.294932,15.749929,16.211926,16.652928,17.100922,17.548922,17.989918,18.416918,18.857916,19.291914,19.71191,20.124908,20.537908,20.922908,,35,5,0,0
0.231873,0.216124,0.203874,0.192936,0.179811,0.171499,0.163186,0.157499,0.148749,0.144046,0.137374,0.132343,0.128077,0.126218,0.121624,0.119983,0.117249,0.115718,0.114186,0.112108,0.111124,0.108827,0.109374,0.108827,0.108937,0.109812,0.109483,0.110905,0.111233,0.112327,0.113858,0.114733,0.117249,0.119436,0.121952,0.124796,0.127968,0.132343,0.135624,0.139999,0.14503,0.150389,0.156624,0.163733,0.171171,0.179483,0.188014,0.197967,0.208905,0.220936,0.234389,0.249702,0.265123,0.28317,0.302092,0.323311,0.345951,0.370232,0.396482,0.425029,0.456201,0.488794,0.52456,0.5612,0.600028,0.641481,0.685778,0.731387,0.778309,0.827965,0.880246,0.932527,0.986995,1.042995,1.101401,1.161119,1.222588,1.289306,1.360181,1.433243,1.513743,1.601242,1.698367,1.806866,1.929803,2.068928,2.231239,2.416739,2.630238,2.873487,3.15086,3.465859,3.815857,4.204356,4.630479,5.089852,5.5746,6.076847,6.595721,7.117217,7.629965,8.119964,8.587211,9.012459,9.381708,9.701956,9.957455,10.134204,10.228704,10.246204,10.181453,10.039705,9.817457,9.533958,9.215459,8.85146,8.448963,8.021964,7.580966,7.136468,6.688469,6.257972,5.844974,5.459975,5.099477,4.756478,4.43448,4.13698,3.860482,3.608484,3.373984,3.163986,2.971487,2.799987,2.638987,2.495488,2.365989,2.24349,2.13499,2.03349,1.942491,1.861991,1.788492,1.718492,1.655492,1.592492,1.536493,1.480493,1.427993,1.378993,1.336994,1.294994,1.256495,1.217994,1.186494,1.154994,1.123495,1.095495,1.070995,1.046495,1.025495,1.011495,0.993995,0.976496,0.962495,0.948496,0.937995,0.927495,0.920496,0.909996,0.906496,0.902995,0.895995,0.892496,0.888995,0.881996,0.878495,0.878495,0.878495,0.874996,0.871495,0.871495,0.871495,0.871495,0.871495,0.867996,0.864496,0.867996,0.864496,0.864496,0.860996,0.857496,0.857496,0.850496,0.850496,0.843496,0.839996,0.836496,0.829496,0.825996,0.822496,0.811996,0.808496,0.797996,0.790996,0.783996,0.780496,0.773496,0.766496,0.759496,0.755996,0.752496,0.745496,0.741996,0.738496,0.738496,0.738496,0.738496,0.741996,0.741996,0.745496,0.748996,0.752496,0.759496,0.769996,0.780496,0.790996,0.804996,0.822496,0.843496,0.860996,0.885495,0.909995,0.944995,0.976495,1.011494,1.053495,1.095494,1.147994,1.200494,1.256494,1.319493,1.389494,1.462993,1.543492,1.627492,1.711492,1.802492,1.893491,1.987991,2.07899,2.17349,2.26099,2.348489,2.425488,2.495488,2.558488,2.617988,2.663488,2.705487,2.740487,2.771987,2.789487,2.813987,2.827987,2.841987,2.855986,2.873487,2.894487,2.918987,2.953986,2.988986,3.037986,3.090486,3.149986,3.219985,3.300485,3.387984,3.489485,3.597983,3.720483,3.853483,3.996981,4.150981,4.322481,4.50098,4.693478,4.899977,5.120476,5.351476,5.592975,5.848473,6.121473,6.397971,6.69197,6.996469,7.311467,7.640465,7.979963,8.326462,8.690461,9.057958,9.442958,9.834956,10.244455,10.660953,11.08795,11.528948,11.976947,12.414445,12.872943,13.338442,13.810939,14.279934,14.748933,15.210931,15.700929,16.162926,16.624924,17.093922,,35,5,0,0
0.239748,0.230123,0.214374,0.202561,0.193811,0.183311,0.175655,0.16778,0.162311,0.15553,0.151593,0.147546,0.141968,0.139561,0.135624,0.133874,0.129936,0.129171,0.125671,0.124468,0.123483,0.122171,0.121733,0.121077,0.1208035,0.120421,0.119983,0.120093,0.12053,0.121077,0.12228,0.123155,0.123483,0.125671,0.127202,0.128843,0.130811,0.133546,0.136061,0.138905,0.142952,0.146343,0.15028,0.155202,0.160014,0.165921,0.172046,0.178499,0.185936,0.195342,0.204749,0.214592,0.226077,0.238545,0.252108,0.266655,0.282405,0.300123,0.318826,0.339279,0.36192,0.386857,0.412779,0.440779,0.471622,0.503669,0.538669,0.575856,0.615887,0.658762,0.703715,0.751184,0.801277,0.854214,0.909558,0.967526,1.029651,1.096151,1.166151,1.240088,1.319712,1.405025,1.49668,1.595555,1.707117,1.828741,1.966553,2.119678,2.292489,2.488051,2.708987,2.956174,3.23311,3.546359,3.891107,4.268231,4.675104,5.107352,5.563225,6.028723,6.499471,6.971968,7.430466,7.866215,8.268712,8.636211,8.95646,9.211959,9.400958,9.526958,9.577707,9.549708,9.455208,9.290709,9.075459,8.800711,8.480462,8.123463,7.736715,7.330717,6.915969,6.502971,6.098723,5.718974,5.354976,5.010227,4.684729,4.38023,4.098481,3.841233,3.601484,3.380984,3.188485,3.009986,2.847237,2.696738,2.560238,2.435989,2.323989,2.22074,2.12449,2.04049,1.961741,1.891741,1.825241,1.762242,1.700992,1.646742,1.590743,1.541742,1.492743,1.448993,1.406993,1.366744,1.328243,1.293244,1.256494,1.226744,1.198744,1.170745,1.146245,1.125244,1.104244,1.084995,1.067495,1.053495,1.037745,1.023745,1.011495,1.002745,0.992245,0.983495,0.976495,0.969495,0.964245,0.957245,0.953746,0.950245,0.946745,0.943245,0.941495,0.937995,0.936246,0.934496,0.932745,0.930995,0.929245,0.927495,0.927495,0.923995,0.923996,0.920495,0.918745,0.916996,0.915245,0.911746,0.908245,0.906496,0.901245,0.897746,0.892496,0.887246,0.881996,0.874996,0.866246,0.859245,0.853996,0.845246,0.839996,0.834746,0.827746,0.820746,0.813746,0.810246,0.804996,0.801496,0.799746,0.797996,0.796246,0.794496,0.796246,0.796246,0.797996,0.801496,0.806746,0.811996,0.820746,0.829496,0.839996,0.850496,0.862746,0.878495,0.897745,0.920495,0.943245,0.971245,0.997495,1.030745,1.065745,1.102495,1.146244,1.193494,1.245993,1.300243,1.359744,1.427993,1.497993,1.573242,1.648493,1.734242,1.819992,1.909241,2.000241,2.094741,2.18574,2.274989,2.362489,2.446489,2.523488,2.593488,2.661738,2.724738,2.777237,2.822737,2.864737,2.899737,2.932986,2.962736,2.987235,3.018737,3.053736,3.086985,3.123735,3.163985,3.209485,3.260235,3.316235,3.384485,3.461484,3.543733,3.634734,3.737982,3.849982,3.970731,4.098481,4.243731,4.39598,4.562229,4.735479,4.929727,5.123977,5.332226,5.547476,5.781974,6.023473,6.275471,6.54497,6.817969,7.101468,7.395466,7.699965,8.011465,8.336963,8.669461,9.015959,9.369458,9.736957,10.107955,10.489454,10.877951,11.273449,11.665448,12.064447,12.473946,12.890443,13.306941,13.726938,14.153937,14.566933,14.986932,,35,5,0,0
0.186811,0.181124,0.172811,0.168217,0.161218,0.158811,0.15553,0.148749,0.145249,0.14328,0.139561,0.13803,0.13453,0.132452,0.134311,0.130265,0.129061,0.126546,0.125015,0.12403,0.12403,0.122718,0.121296,0.121077,0.119655,0.119327,0.11837,0.117358,0.11714,0.117249,0.116374,0.115608,0.115171,0.115499,0.114843,0.114405,0.114952,0.114952,0.114296,0.113858,0.11353,0.113749,0.113858,0.114296,0.114296,0.114843,0.114952,0.114624,0.114733,0.114843,0.115499,0.116483,0.116811,0.117358,0.117905,0.118452,0.118999,0.119436,0.120093,0.121186,0.121843,0.122608,0.123702,0.124686,0.12578,0.126655,0.127421,0.128296,0.129608,0.131577,0.132999,0.134202,0.135296,0.136499,0.13803,0.139233,0.140218,0.142843,0.144811,0.147218,0.149186,0.152796,0.156186,0.159686,0.164827,0.169858,0.177186,0.185499,0.195561,0.206389,0.220717,0.236795,0.254951,0.277373,0.302639,0.332389,0.365748,0.404138,0.445919,0.491091,0.539872,0.590731,0.643231,0.69595,0.746699,0.794933,0.838246,0.874121,0.903652,0.923339,0.935589,0.938433,0.932308,0.91787,0.898402,0.873902,0.844152,0.810465,0.774152,0.736309,0.697809,0.660622,0.623653,0.589528,0.556716,0.526528,0.496779,0.469872,0.444279,0.421091,0.40031,0.380404,0.36356,0.348904,0.334686,0.321342,0.310404,0.300342,0.290498,0.282186,0.274311,0.268623,0.263373,0.257905,0.252873,0.248936,0.245217,0.241498,0.237561,0.234717,0.232311,0.229467,0.226842,0.225311,0.223123,0.221592,0.219842,0.217874,0.216999,0.216561,0.215467,0.215467,0.215467,0.215249,0.213936,0.214811,0.215686,0.214811,0.21503,0.21678,0.216561,0.218311,0.217874,0.21853,0.220717,0.221592,0.221811,0.223342,0.225311,0.227498,0.228373,0.230561,0.231655,0.233186,0.234936,0.237342,0.239092,0.241936,0.245436,0.248498,0.250686,0.253967,0.255936,0.259217,0.261842,0.26578,0.268842,0.272561,0.275842,0.27803,0.281092,0.283279,0.286561,0.287873,0.290279,0.293561,0.296404,0.298373,0.301217,0.304061,0.306686,0.309311,0.311936,0.315436,0.319373,0.323311,0.327467,0.330967,0.336873,0.340592,0.344967,0.349998,0.355904,0.36181,0.368373,0.375373,0.381498,0.389154,0.396591,0.403373,0.412779,0.420435,0.429404,0.439904,0.450404,0.463747,0.473591,0.485841,0.498747,0.512091,0.526528,0.541841,0.557809,0.575091,0.593247,0.612278,0.63284,0.655372,0.677903,0.701965,0.727778,0.756434,0.786621,0.817683,0.850933,0.887027,0.925308,0.96337,1.005807,1.049557,1.09812,1.148869,1.203557,1.260431,1.322994,1.385993,1.455555,1.52818,1.607805,1.690929,1.779742,1.874679,1.973553,2.077678,2.190552,2.305614,2.428989,2.558488,2.695863,2.841112,2.993361,3.15261,3.32061,3.497359,3.677608,3.876232,4.074856,4.288356,4.50973,4.740728,4.975227,5.223726,5.484475,5.748724,6.021722,6.305221,6.59922,6.900219,7.211717,7.530217,7.857464,8.196962,8.532962,8.89171,9.246959,9.617956,9.999455,10.387952,10.776451,11.171949,11.567449,11.969946,12.382945,12.792442,13.198441,13.614939,14.024436,14.437435,14.843434,15.259933,,2.5,0,0,0
0.161874,0.157499,0.149624,0.145249,0.137811,0.133874,0.128186,0.125124,0.122936,0.120749,0.116811,0.113968,0.111999,0.108827,0.11003,0.107843,0.106202,0.102374,0.104015,0.100843,0.100296,0.099640184,0.098655808,0.097890192,0.097233944,0.096249568,0.095702704,0.095155824,0.095155832,0.094280832,0.093515208,0.093296456,0.09340584,0.093405832,0.09340584,0.092749584,0.092202712,0.092312088,0.09220272,0.091874592,0.092093344,0.091874592,0.09198396,0.092421464,0.091983968,0.092749584,0.092640216,0.09285896,0.09340584,0.09340584,0.094171464,0.094718328,0.095483944,0.096249568,0.096796448,0.097452688,0.097999568,0.09887456,0.099421432,0.100515,0.101499,0.102702,0.103905,0.104671,0.106202,0.107296,0.108608,0.109702,0.111671,0.112546,0.113858,0.115061,0.116811,0.118124,0.119546,0.120749,0.122499,0.123921,0.125999,0.127968,0.130483,0.132999,0.135952,0.139999,0.143608,0.14853,0.154546,0.162421,0.170842,0.181014,0.19403,0.208249,0.226186,0.24653,0.270483,0.299139,0.331842,0.36892,0.410591,0.456966,0.508044,0.562185,0.618622,0.677465,0.735434,0.791433,0.844043,0.889214,0.927714,0.95637,0.97387,0.983933,0.981964,0.970589,0.952652,0.928808,0.897964,0.863183,0.82359,0.782246,0.740028,0.698465,0.656684,0.617309,0.579684,0.544685,0.510122,0.47906,0.44931,0.421966,0.397029,0.374717,0.354154,0.335998,0.320248,0.305373,0.292029,0.279561,0.268186,0.258998,0.249811,0.243467,0.236248,0.231217,0.225311,0.220061,0.214811,0.211311,0.207155,0.203874,0.201249,0.198405,0.195561,0.193374,0.190967,0.189217,0.187686,0.184842,0.184186,0.182874,0.182217,0.182874,0.181561,0.181999,0.181124,0.180686,0.181124,0.181561,0.18178,0.18178,0.18178,0.183311,0.184405,0.185717,0.185499,0.186811,0.187686,0.188342,0.190092,0.191405,0.193592,0.195124,0.195999,0.198624,0.199499,0.202561,0.204092,0.207155,0.209561,0.212842,0.21503,0.218311,0.220936,0.224217,0.226624,0.229905,0.233405,0.237123,0.239967,0.243248,0.246311,0.248498,0.250686,0.252655,0.254842,0.257248,0.258998,0.261842,0.263592,0.266873,0.268842,0.270592,0.27278,0.276498,0.279342,0.281748,0.286998,0.289404,0.292904,0.298373,0.302092,0.306686,0.312373,0.316967,0.324404,0.330092,0.336654,0.344092,0.35131,0.358967,0.367935,0.375154,0.38631,0.396373,0.406216,0.418248,0.431154,0.444498,0.45631,0.471622,0.486497,0.50181,0.519966,0.53856,0.557591,0.580778,0.601341,0.624309,0.65034,0.67659,0.706121,0.738059,0.769996,0.806965,0.845246,0.885058,0.928589,0.974308,1.023745,1.074495,1.131369,1.192182,1.257369,1.326056,1.399118,1.47743,1.562305,1.651992,1.748679,1.852366,1.963928,2.081178,2.20674,2.337989,2.479738,2.631113,2.789487,2.959236,3.13861,3.32936,3.529734,3.742358,3.966357,4.202606,4.44848,4.712729,4.987477,5.277976,5.582475,5.897473,6.226472,6.56422,6.924719,7.292217,7.673716,8.069214,8.478712,8.898711,9.332708,9.775457,10.226954,10.699452,11.17545,11.668947,12.169445,12.673442,13.198441,13.723438,14.255436,14.790934,15.322932,15.858428,16.397427,16.939926,17.485922,18.024918,18.556916,19.074914,19.59291,20.103912,,2.5,0,0,0
0.222249,0.213499,0.206499,0.202124,0.195124,0.190749,0.185499,0.180249,0.175874,0.172374,0.171499,0.167124,0.164499,0.162749,0.161874,0.159249,0.158374,0.155749,0.154874,0.152249,0.152686,0.150936,0.150936,0.149624,0.148311,0.146999,0.146561,0.147436,0.146999,0.145686,0.145686,0.1449205,0.143936,0.144374,0.143061,0.143061,0.14322525,0.14328,0.143499,0.143061,0.142843,0.14328,0.143718,0.143061,0.143499,0.143499,0.143608,0.144264,0.143827,0.144155,0.144593,0.14503,0.145905,0.146343,0.146889,0.147546,0.147546,0.148202,0.148639,0.149843,0.150936,0.151921,0.153014,0.154108,0.154327,0.156186,0.156624,0.157827,0.15903,0.160343,0.161655,0.163405,0.164389,0.16603,0.166796,0.168218,0.169311,0.171061,0.173139,0.174889,0.177514,0.179374,0.181671,0.185061,0.18878,0.193483,0.198624,0.205514,0.21328,0.223561,0.234827,0.249045,0.265342,0.285139,0.309092,0.33742,0.370123,0.407091,0.450076,0.497325,0.548841,0.604622,0.662481,0.722309,0.780715,0.835183,0.885933,0.928589,0.962495,0.985683,0.997932,1.000339,0.991151,0.973214,0.94762,0.917214,0.881339,0.840871,0.798652,0.75534,0.712465,0.670246,0.629778,0.593684,0.558247,0.525216,0.495466,0.468122,0.442748,0.41956,0.399435,0.380623,0.364654,0.350654,0.33731,0.326373,0.315873,0.306904,0.298592,0.291373,0.285248,0.280436,0.275405,0.270811,0.267967,0.26403,0.260311,0.257686,0.255498,0.252436,0.250905,0.25003,0.247842,0.247186,0.245217,0.244342,0.243467,0.243905,0.243467,0.243905,0.243905,0.245217,0.245873,0.246748,0.247405,0.248936,0.249155,0.251123,0.251998,0.254186,0.25528,0.257686,0.260092,0.261623,0.263373,0.26578,0.26753,0.270155,0.274748,0.276717,0.279779,0.283061,0.285904,0.288967,0.292029,0.296842,0.299686,0.303623,0.308217,0.313029,0.316092,0.319592,0.323529,0.327467,0.331623,0.333811,0.337529,0.341467,0.34431,0.347592,0.350435,0.354373,0.357217,0.360935,0.362467,0.365967,0.369685,0.373404,0.37756,0.38106,0.385654,0.389591,0.394842,0.399435,0.406216,0.411466,0.417373,0.423279,0.430279,0.437498,0.44406,0.451935,0.458935,0.468779,0.475779,0.487154,0.496779,0.507279,0.51756,0.528497,0.541841,0.555185,0.569403,0.584497,0.600466,0.616434,0.635028,0.653622,0.673747,0.695621,0.717934,0.740684,0.766933,0.794933,0.823808,0.854871,0.888558,0.923558,0.96162,1.00187,1.046495,1.093745,1.143619,1.197432,1.251244,1.311181,1.375056,1.444181,1.514618,1.59118,1.676054,1.763554,1.856304,1.954303,2.058865,2.16999,2.288114,2.414114,2.548863,2.693238,2.844612,3.002986,3.17186,3.350359,3.539359,3.736233,3.942732,4.164981,4.398605,4.637479,4.894727,5.160727,5.440725,5.729474,6.032223,6.350722,6.68322,7.026218,7.384967,7.754214,8.137462,8.524212,8.924959,9.344957,9.771956,10.205953,10.657451,11.119451,11.584948,12.060945,12.536944,13.037442,13.530939,14.041937,14.552934,15.074432,15.595929,16.120928,16.652926,17.170924,17.68892,18.206918,18.710918,19.228912,19.732912,20.243908,20.733908,21.223906,21.699902,22.1829,,2.5,0,0,0
0.243248,0.236248,0.225748,0.219624,0.211749,0.207374,0.202999,0.198624,0.195124,0.189874,0.184624,0.181124,0.179374,0.176749,0.174999,0.173249,0.171499,0.167999,0.167999,0.166686,0.164499,0.162749,0.162749,0.161874,0.161436,0.159686,0.159249,0.158374,0.159249,0.157061,0.156624,0.156624,0.155311,0.155311,0.154874,0.154874,0.154874,0.154874,0.154874,0.153999,0.153999,0.153999,0.154163,0.154436,0.154218,0.154573,0.154764,0.154874,0.154546,0.154983,0.155311,0.155639,0.156296,0.157389,0.156952,0.15728,0.157827,0.158374,0.158921,0.160014,0.161218,0.161874,0.163077,0.163733,0.164608,0.165264,0.166468,0.167452,0.169092,0.170296,0.171608,0.172702,0.174561,0.176311,0.176749,0.178389,0.180139,0.181452,0.183202,0.185827,0.188124,0.189764,0.192608,0.195889,0.198733,0.203327,0.208358,0.214592,0.222467,0.230452,0.24128,0.254186,0.269608,0.287108,0.308654,0.333811,0.363998,0.398451,0.437716,0.481575,0.530794,0.584169,0.63984,0.699012,0.757637,0.81659,0.868871,0.916995,0.956808,0.988089,1.008433,1.016745,1.014339,1.004276,0.98437,0.955714,0.92312,0.884839,0.84459,0.800621,0.756434,0.713996,0.672215,0.633497,0.597184,0.56306,0.531122,0.501591,0.474466,0.450404,0.428966,0.407748,0.391998,0.376029,0.362904,0.350654,0.339935,0.329873,0.321561,0.314123,0.306686,0.302092,0.296404,0.292467,0.288967,0.285467,0.281529,0.278467,0.275405,0.272998,0.270373,0.269936,0.268186,0.267092,0.265561,0.264467,0.263811,0.262936,0.262717,0.263373,0.263592,0.263373,0.26403,0.265342,0.267311,0.267092,0.268623,0.269936,0.271248,0.273217,0.274748,0.277155,0.278467,0.280217,0.282186,0.284811,0.287655,0.289404,0.293123,0.295967,0.298373,0.301654,0.304498,0.309529,0.312811,0.315217,0.319154,0.322873,0.327467,0.330748,0.334686,0.339717,0.344529,0.347154,0.349779,0.353717,0.357217,0.36006,0.364654,0.367498,0.370342,0.372748,0.375592,0.379092,0.382154,0.38456,0.388279,0.392216,0.395498,0.398998,0.403154,0.406654,0.411904,0.416279,0.420873,0.426998,0.433123,0.440341,0.444716,0.453029,0.459591,0.46681,0.47381,0.48256,0.491091,0.501372,0.510778,0.520841,0.53331,0.54381,0.555403,0.568966,0.583622,0.599372,0.615341,0.633059,0.650997,0.670465,0.689715,0.711371,0.734121,0.759496,0.786183,0.815058,0.845683,0.879371,0.912183,0.94937,0.988307,1.031182,1.07712,1.123494,1.175119,1.232431,1.291056,1.351869,1.417931,1.488805,1.564492,1.642805,1.729429,1.819991,1.915804,2.01774,2.12449,2.239115,2.361614,2.490239,2.625863,2.772862,2.929487,3.093986,3.261985,3.441359,3.631233,3.832482,4.040731,4.259481,4.495729,4.735479,4.989228,5.253476,5.529975,5.818724,6.114473,6.427721,6.754969,7.094468,7.439217,7.799714,8.174213,8.550461,8.937209,9.337959,9.750957,10.174455,10.608453,11.045951,11.493948,11.955947,12.414444,12.876443,13.355939,13.838937,14.335935,14.822433,15.319432,15.826928,16.323927,16.813922,17.310924,17.807918,18.304918,18.780914,19.256912,19.75391,20.222908,20.691906,21.139904,21.587904,,2.5,0,0,0
0.171499,0.167124,0.159686,0.154218,0.150718,0.142624,0.141311,0.13628,0.13278,0.129936,0.127093,0.12578,0.12403,0.119874,0.119874,0.11878,0.116374,0.114952,0.113749,0.112874,0.111999,0.110468,0.109265,0.109046,0.109155,0.10839,0.107515,0.107733,0.106749,0.105437,0.10478,0.105327,0.10478,0.104124,0.104233,0.103687,0.102812,0.103358,0.10303,0.102812,0.102921,0.102702,0.102702,0.102921,0.103577,0.103358,0.10314,0.103468,0.103796,0.103905,0.103905,0.10478,0.104671,0.105546,0.106202,0.106421,0.106858,0.107733,0.107952,0.108718,0.109593,0.110358,0.111562,0.11189,0.112546,0.114077,0.115061,0.115827,0.11703,0.118233,0.119108,0.120858,0.121624,0.123593,0.124686,0.126108,0.12764,0.129171,0.130702,0.133655,0.135952,0.137921,0.140327,0.144593,0.147874,0.152139,0.156624,0.163952,0.171499,0.180139,0.189327,0.200811,0.214702,0.231545,0.249483,0.271576,0.297498,0.327248,0.360607,0.395826,0.436732,0.481794,0.529263,0.577716,0.628137,0.678778,0.728981,0.774262,0.81484,0.849402,0.877402,0.897089,0.907152,0.909777,0.906058,0.894245,0.875214,0.849839,0.82184,0.78859,0.75359,0.716184,0.679434,0.644653,0.610091,0.575747,0.544247,0.51406,0.485404,0.458279,0.434435,0.412779,0.392654,0.374279,0.35831,0.344092,0.330967,0.317842,0.306904,0.297717,0.288967,0.281092,0.27453,0.268186,0.263592,0.258561,0.253748,0.249373,0.245655,0.24128,0.23778,0.235155,0.23253,0.229686,0.228811,0.226186,0.223998,0.221374,0.219842,0.219186,0.218092,0.217436,0.216999,0.216561,0.216069,0.215249,0.215467,0.215522,0.215686,0.215686,0.216342,0.218092,0.218092,0.218092,0.219186,0.220499,0.221374,0.221811,0.222905,0.224874,0.226624,0.228592,0.229686,0.231217,0.233405,0.23603,0.23778,0.239748,0.244342,0.247623,0.249373,0.253092,0.256155,0.260092,0.263811,0.265123,0.268842,0.274092,0.278686,0.280655,0.285029,0.288092,0.292248,0.294217,0.296404,0.298592,0.302311,0.304498,0.306248,0.308217,0.311498,0.313467,0.316748,0.317623,0.321561,0.324842,0.329436,0.332061,0.336873,0.341248,0.345842,0.350217,0.353935,0.36006,0.366842,0.373185,0.378435,0.386092,0.393091,0.400966,0.408404,0.417373,0.427216,0.436185,0.446248,0.456529,0.467904,0.481029,0.49131,0.504872,0.51931,0.532872,0.548403,0.563934,0.582747,0.601559,0.621684,0.640715,0.66259,0.685122,0.709621,0.736309,0.764965,0.791871,0.824902,0.857933,0.891839,0.928589,0.96862,1.01237,1.05437,1.101182,1.152807,1.208807,1.264806,1.322556,1.387743,1.457306,1.52993,1.606492,1.688304,1.777992,1.873366,1.970053,2.073303,2.186177,2.303864,2.427239,2.555863,2.694113,2.844612,2.997736,3.158735,3.32586,3.507859,3.700358,3.897232,4.103731,4.32598,4.557854,4.794979,5.039978,5.302476,5.575474,5.862474,6.151222,6.455721,6.774219,7.104968,7.439216,7.785714,8.144463,8.517211,8.900459,9.285459,9.687957,10.104455,10.527954,10.951451,11.381949,11.826446,12.281446,12.736443,13.191441,13.660438,14.150437,14.633433,15.098932,15.58543,16.082425,,2.5,0,0,0
0.178936,0.170624,0.164936,0.159468,0.153999,0.14853,0.144374,0.140874,0.136936,0.133436,0.132124,0.128843,0.126218,0.124686,0.123155,0.12064,0.119983,0.118452,0.11703,0.116265,0.114952,0.114186,0.113749,0.113749,0.111999,0.112437,0.111452,0.110249,0.109593,0.1088545,0.107733,0.107843,0.107733,0.10828,0.108062,0.107296,0.107843,0.107405,0.107624,0.107515,0.107542,0.10757625,0.107624,0.107624,0.107624,0.108499,0.10839,0.108718,0.108499,0.108937,0.11003,0.110358,0.111015,0.111999,0.112546,0.113202,0.114077,0.114405,0.115061,0.116265,0.117468,0.118561,0.119983,0.121186,0.122171,0.123374,0.124358,0.125671,0.127858,0.129171,0.130155,0.132233,0.133655,0.134858,0.13628,0.137921,0.13978,0.141311,0.143389,0.145905,0.148311,0.151155,0.154655,0.157389,0.161983,0.166686,0.172483,0.179046,0.18703,0.197092,0.207811,0.220827,0.235702,0.253748,0.274748,0.298701,0.327029,0.358639,0.394185,0.433669,0.476544,0.521716,0.56995,0.61895,0.668168,0.715965,0.760699,0.801277,0.83409,0.861652,0.880683,0.891621,0.894246,0.888777,0.878496,0.862308,0.839339,0.812871,0.782465,0.75009,0.716184,0.680528,0.646184,0.613153,0.580778,0.549716,0.520622,0.49306,0.467466,0.443622,0.421091,0.40206,0.383904,0.36706,0.353498,0.340154,0.327686,0.316967,0.306248,0.297936,0.290279,0.283498,0.277811,0.271905,0.268405,0.262936,0.258561,0.25528,0.251123,0.248061,0.245436,0.242373,0.240186,0.238655,0.236248,0.233842,0.232311,0.232311,0.230999,0.229467,0.228592,0.22903,0.228811,0.228155,0.227936,0.228373,0.228592,0.228592,0.22903,0.229686,0.231436,0.231436,0.23253,0.233405,0.23428,0.235592,0.236686,0.237561,0.239748,0.241498,0.244123,0.245873,0.247842,0.251342,0.252873,0.256155,0.257686,0.26228,0.264905,0.268623,0.272342,0.275405,0.279123,0.282186,0.285904,0.290498,0.294654,0.298811,0.302311,0.307123,0.309967,0.313029,0.316529,0.319811,0.321779,0.325717,0.328123,0.33031,0.334029,0.336654,0.339717,0.341467,0.344529,0.348685,0.35131,0.356342,0.359842,0.36531,0.368373,0.374279,0.379967,0.384779,0.390466,0.39681,0.403591,0.41081,0.417591,0.425904,0.433779,0.442091,0.451498,0.45981,0.467685,0.479935,0.491966,0.502685,0.51406,0.526528,0.54031,0.554966,0.569841,0.584278,0.600684,0.618622,0.637434,0.656684,0.678778,0.698684,0.723184,0.747465,0.77284,0.801715,0.830808,0.862308,0.895777,0.930558,0.969058,1.008433,1.049995,1.09462,1.144057,1.195682,1.250369,1.308119,1.369368,1.434556,1.504118,1.579367,1.658555,1.745617,1.835304,1.932428,2.036553,2.14549,2.26099,2.383489,2.512988,2.652113,2.799987,2.952237,3.116735,3.29261,3.474609,3.666233,3.866607,4.081857,4.30848,4.543855,4.794978,5.052227,5.326976,5.605224,5.900973,6.210722,6.53447,6.865219,7.209967,7.565216,7.936214,8.317712,8.706211,9.108709,9.523457,9.946956,10.380953,10.825451,11.276949,11.738947,12.207946,12.673444,13.152941,13.632439,14.122435,14.608935,15.098932,15.602929,16.096428,16.586424,17.051922,17.555922,,2.5,0,0,0
0.193374,0.187249,0.178936,0.17128,0.166249,0.162749,0.157718,0.151155,0.147655,0.143718,0.141093,0.139343,0.135624,0.133765,0.132233,0.130265,0.130921,0.128405,0.127093,0.125015,0.125015,0.12239,0.121843,0.121405,0.12064,0.120202,0.118124,0.118343,0.117796,0.117249,0.116702,0.116811,0.116483,0.116155,0.116155,0.1161005,0.115827,0.116265,0.116046,0.115718,0.115608,0.116155,0.116483,0.11703,0.11703,0.118015,0.118015,0.118452,0.11889,0.119874,0.121077,0.122061,0.122936,0.124358,0.125343,0.126436,0.127968,0.129061,0.130483,0.132561,0.134093,0.13639,0.138577,0.140874,0.142296,0.144483,0.146671,0.148639,0.151046,0.153671,0.156296,0.15903,0.161436,0.164499,0.16778,0.171061,0.174014,0.17828,0.183421,0.189327,0.195999,0.203217,0.212405,0.222905,0.236139,0.251342,0.269826,0.292029,0.318607,0.34956,0.386638,0.429294,0.479169,0.536263,0.601231,0.674075,0.755449,0.842621,0.934714,1.032276,1.132901,1.231557,1.328025,1.419024,1.501055,1.570836,1.627055,1.667742,1.690929,1.698804,1.686992,1.662492,1.623117,1.57193,1.515055,1.451181,1.382931,1.310744,1.237681,1.165057,1.09287,1.023745,0.958558,0.897746,0.841746,0.788808,0.739371,0.693434,0.650997,0.612934,0.577497,0.545997,0.51756,0.490872,0.46856,0.447998,0.427873,0.41081,0.394623,0.380185,0.366623,0.355248,0.344311,0.335123,0.326373,0.318061,0.309311,0.302748,0.295748,0.289623,0.283498,0.277811,0.272998,0.268186,0.264248,0.260311,0.256373,0.252436,0.249811,0.247623,0.244998,0.242811,0.241936,0.240623,0.239311,0.237561,0.235811,0.234936,0.234061,0.234936,0.234061,0.233186,0.232748,0.233623,0.233186,0.233186,0.234061,0.234061,0.234936,0.236686,0.237561,0.237998,0.240186,0.241061,0.241936,0.243686,0.245436,0.246748,0.250248,0.251123,0.253748,0.255498,0.258123,0.259436,0.263373,0.264248,0.266873,0.269498,0.273436,0.274748,0.276936,0.279561,0.279998,0.282186,0.283498,0.285248,0.287436,0.289186,0.291811,0.294436,0.296623,0.297936,0.300998,0.304061,0.306248,0.309748,0.313686,0.317623,0.321123,0.326373,0.331185,0.335123,0.33906,0.343873,0.349998,0.35656,0.363123,0.36881,0.376685,0.38281,0.391998,0.398998,0.408623,0.418248,0.42831,0.437935,0.44931,0.461997,0.474247,0.486935,0.500497,0.51406,0.530247,0.54556,0.563934,0.584059,0.603309,0.624309,0.645747,0.670246,0.695621,0.724496,0.751184,0.783559,0.815933,0.850058,0.888558,0.925745,0.967745,1.012808,1.058745,1.111244,1.163744,1.219744,1.281869,1.345306,1.415306,1.489243,1.56493,1.64893,1.738617,1.834429,1.933304,2.03874,2.15074,2.26624,2.393114,2.526113,2.663488,2.811362,2.963611,3.127236,3.298735,3.479859,3.666233,3.863982,4.072232,4.291856,4.518479,4.751229,4.999728,5.255226,5.521225,5.792474,6.077723,6.373471,6.67272,6.992969,7.311467,7.642215,7.979963,8.333462,8.688711,9.054459,9.432458,9.817456,10.219953,10.625953,11.03895,11.455448,11.875447,12.298945,12.732943,13.159941,13.604438,14.041937,14.479435,14.909933,15.357931,15.795431,,5,0,0,0
0.201686,0.195999,0.184624,0.180905,0.173905,0.166686,0.163843,0.159686,0.155093,0.152905,0.150061,0.14503,0.141093,0.141858,0.137702,0.137046,0.134749,0.13464,0.133765,0.13103,0.129608,0.128405,0.128186,0.126874,0.125671,0.12589,0.125124,0.124686,0.123702,0.123483,0.12239,0.122061,0.121624,0.121733,0.121515,0.121706,0.121843,0.121733,0.120858,0.120968,0.1213505,0.121843,0.121733,0.12239,0.122936,0.123593,0.123483,0.12403,0.124577,0.125233,0.126436,0.127421,0.128515,0.130265,0.130811,0.132124,0.133108,0.135186,0.136061,0.138577,0.140327,0.142186,0.144155,0.146343,0.148311,0.15028,0.152686,0.154764,0.156952,0.159905,0.16253,0.165155,0.167999,0.170405,0.173686,0.176749,0.179811,0.184296,0.189217,0.195124,0.201139,0.209233,0.217436,0.228155,0.240295,0.25517,0.273326,0.295201,0.320686,0.351639,0.386748,0.428748,0.475888,0.530685,0.594231,0.665106,0.742652,0.826871,0.917214,1.011495,1.107307,1.203775,1.297619,1.3849,1.462118,1.530368,1.586367,1.623117,1.644992,1.651555,1.641492,1.615242,1.576305,1.52643,1.471743,1.410493,1.342681,1.273556,1.202682,1.130495,1.062245,0.996183,0.932308,0.874121,0.820308,0.769121,0.721871,0.678121,0.638309,0.601997,0.566997,0.536372,0.51056,0.485185,0.463748,0.443185,0.42481,0.408185,0.394185,0.37931,0.368373,0.35656,0.34606,0.337311,0.329436,0.321123,0.314561,0.306686,0.300998,0.293998,0.288311,0.283061,0.278686,0.274748,0.269936,0.266436,0.262498,0.260311,0.257248,0.255061,0.252873,0.251123,0.250248,0.248498,0.246748,0.247186,0.245436,0.244123,0.242811,0.243686,0.244123,0.244123,0.243686,0.245436,0.244561,0.243686,0.244998,0.246311,0.247623,0.248061,0.249373,0.251998,0.251561,0.252436,0.255061,0.255936,0.258561,0.259873,0.262061,0.264686,0.268186,0.269061,0.271686,0.275186,0.277373,0.278248,0.281748,0.286123,0.287436,0.289186,0.293123,0.293998,0.296186,0.297061,0.300123,0.302748,0.304061,0.305811,0.308873,0.311061,0.314123,0.315873,0.318936,0.321998,0.325498,0.33031,0.334248,0.338185,0.34081,0.346498,0.352185,0.35656,0.36181,0.368373,0.374935,0.38106,0.388935,0.39506,0.402498,0.412123,0.419123,0.428748,0.438372,0.44931,0.460685,0.471622,0.484747,0.496997,0.510122,0.524122,0.54031,0.556935,0.575309,0.593684,0.612934,0.634809,0.657559,0.679872,0.705684,0.733684,0.761684,0.792746,0.825996,0.861433,0.899496,0.93887,0.980433,1.025057,1.073182,1.12262,1.177744,1.237244,1.298494,1.362806,1.432368,1.508055,1.587242,1.670367,1.760054,1.856741,1.960428,2.067615,2.184865,2.306489,2.434239,2.568988,2.713363,2.865612,3.027486,3.193735,3.371359,3.562109,3.761608,3.963732,4.178981,4.41173,4.649728,4.899978,5.160727,5.435475,5.715474,6.007723,6.308722,6.62722,6.956218,7.281717,7.629966,7.993964,8.359712,8.73246,9.110459,9.512957,9.911956,10.324954,10.755452,11.18245,11.626949,12.071445,12.526443,12.988442,13.457438,13.908938,14.374434,14.850433,15.319432,15.78143,16.243428,16.715926,17.177922,17.63292,,5,0,0,0
0.264248,0.253748,0.244998,0.235373,0.229249,0.219623,0.215249,0.209999,0.203874,0.199499,0.193374,0.191624,0.187249,0.186374,0.181999,0.180249,0.176749,0.175874,0.173249,0.171936,0.171061,0.167999,0.167999,0.166686,0.165374,0.164061,0.164061,0.162311,0.161874,0.160999,0.160561,0.159249,0.159249,0.15919425,0.159249,0.15903,0.158593,0.158811,0.157936,0.158155,0.157718,0.158155,0.158811,0.158593,0.158593,0.159139,0.159577,0.159468,0.159686,0.160452,0.161218,0.161983,0.162639,0.163405,0.164389,0.165374,0.166139,0.167671,0.168108,0.169858,0.171827,0.173467,0.175436,0.176967,0.178936,0.180796,0.183092,0.185499,0.187467,0.190311,0.193483,0.195671,0.198295,0.200483,0.203327,0.20617,0.208686,0.212295,0.215577,0.219295,0.222686,0.227717,0.233186,0.238655,0.245436,0.253748,0.263701,0.276936,0.291154,0.309639,0.330857,0.357654,0.388826,0.426013,0.471513,0.525982,0.587669,0.658762,0.739809,0.830699,0.928589,1.032932,1.144494,1.258681,1.370462,1.476774,1.574336,1.658555,1.724617,1.770117,1.797242,1.803804,1.788492,1.755242,1.708429,1.649367,1.580243,1.501493,1.419243,1.334806,1.251244,1.168994,1.089807,1.017182,0.946745,0.883308,0.823371,0.768684,0.718809,0.672871,0.633059,0.594997,0.563497,0.53506,0.507935,0.48606,0.46506,0.44581,0.428748,0.415185,0.401185,0.38981,0.37931,0.37056,0.36181,0.35306,0.34606,0.338186,0.332498,0.325936,0.320686,0.316311,0.311061,0.307561,0.304061,0.300123,0.297498,0.295311,0.293561,0.291811,0.290936,0.290061,0.288748,0.288311,0.288311,0.288311,0.287873,0.288311,0.288748,0.289623,0.290936,0.291811,0.292686,0.294873,0.295748,0.297498,0.299686,0.300998,0.304061,0.306248,0.309311,0.311936,0.314561,0.317623,0.321123,0.324623,0.327248,0.330748,0.334248,0.339498,0.342123,0.345623,0.348685,0.352185,0.355248,0.356998,0.359623,0.362685,0.366185,0.36881,0.370123,0.37231,0.375373,0.377998,0.380185,0.383248,0.387623,0.38981,0.393748,0.397685,0.402498,0.406435,0.41081,0.415185,0.421748,0.427872,0.43356,0.439685,0.44581,0.45281,0.45981,0.467247,0.475122,0.482997,0.493935,0.502685,0.513185,0.524122,0.535497,0.54731,0.559997,0.573997,0.589309,0.605059,0.621684,0.641372,0.660621,0.681184,0.702184,0.724496,0.750309,0.776996,0.805871,0.836496,0.869746,0.906058,0.941933,0.982183,1.025932,1.07187,1.12087,1.174244,1.231119,1.293244,1.357118,1.426681,1.501493,1.58068,1.663805,1.753929,1.852366,1.953866,2.064115,2.181365,2.305614,2.439489,2.577738,2.728237,2.889237,3.064236,3.24536,3.434359,3.638233,3.854357,4.078356,4.315481,4.563979,4.831728,5.109977,5.400476,5.704974,6.025222,6.354222,6.69547,7.054218,7.432216,7.820715,8.221463,8.632712,9.061459,9.502458,9.943456,10.398453,10.87445,11.353948,11.833448,12.333944,12.841443,13.355941,13.866938,14.377936,14.909932,15.434931,15.963429,16.502426,17.037924,17.590922,18.115918,18.640916,19.158914,19.66991,20.194908,20.684908,21.181906,21.678904,22.1759,22.637898,23.092896,23.540896,23.981892,,5,0,0,0
0.208249,0.199061,0.193811,0.185499,0.177405,0.175655,0.166249,0.16603,0.161218,0.155093,0.152468,0.149405,0.147874,0.142186,0.142186,0.140546,0.140874,0.138249,0.137593,0.135952,0.134421,0.133218,0.131686,0.131468,0.130921,0.130265,0.128843,0.128843,0.127858,0.126655,0.127858,0.126327,0.126218,0.126327,0.125671,0.125233,0.125561,0.125124,0.125233,0.12520575,0.125233,0.125233,0.12578,0.126108,0.126218,0.126327,0.127202,0.127858,0.128186,0.128296,0.129061,0.130702,0.132015,0.13289,0.133874,0.134968,0.136499,0.137702,0.138577,0.140874,0.142843,0.145249,0.146452,0.148749,0.151046,0.152796,0.154764,0.156514,0.15903,0.162093,0.16428,0.167124,0.169858,0.172702,0.175655,0.178717,0.182217,0.186921,0.191952,0.197202,0.203545,0.211202,0.219842,0.230123,0.242045,0.257248,0.274858,0.296076,0.321342,0.350873,0.385873,0.426888,0.473154,0.526638,0.588325,0.657559,0.733684,0.815715,0.90387,0.997714,1.092651,1.186276,1.279463,1.3674,1.447681,1.515274,1.570836,1.613492,1.64018,1.648492,1.641492,1.622242,1.588992,1.542618,1.489243,1.431931,1.368056,1.299369,1.228932,1.160682,1.091995,1.025057,0.960745,0.902995,0.847433,0.795808,0.748121,0.704371,0.664122,0.625622,0.590622,0.560435,0.534185,0.508372,0.485622,0.465497,0.446685,0.431373,0.415185,0.401185,0.389373,0.378435,0.36881,0.359185,0.35131,0.343435,0.336436,0.328561,0.322436,0.315873,0.311498,0.305373,0.300561,0.297061,0.293123,0.289186,0.285248,0.282623,0.280873,0.277373,0.275623,0.274311,0.272998,0.272123,0.270373,0.269498,0.269498,0.268623,0.268186,0.268186,0.268186,0.2684045,0.268623,0.268623,0.269498,0.270373,0.270373,0.271248,0.273436,0.273873,0.275186,0.276498,0.277373,0.279998,0.282186,0.283498,0.285248,0.286998,0.290498,0.292686,0.294436,0.297061,0.300561,0.302311,0.305373,0.307998,0.310186,0.314123,0.316311,0.318498,0.323748,0.325061,0.327686,0.329873,0.332936,0.33556,0.338186,0.34081,0.344748,0.34781,0.349998,0.352623,0.356998,0.360498,0.364435,0.367498,0.373185,0.37756,0.38106,0.38631,0.391123,0.396373,0.402498,0.406873,0.41431,0.421748,0.429185,0.434873,0.441872,0.450622,0.45981,0.467685,0.47731,0.48781,0.498747,0.51056,0.521935,0.53506,0.548622,0.563934,0.577934,0.594997,0.612497,0.630872,0.650997,0.670684,0.693871,0.718371,0.741559,0.769121,0.797996,0.829496,0.863183,0.895558,0.933183,0.972995,1.014995,1.05787,1.104245,1.157182,1.209682,1.266556,1.327368,1.391243,1.460368,1.532555,1.607805,1.690492,1.780179,1.873366,1.972241,2.076365,2.190115,2.306489,2.428989,2.561113,2.701112,2.846362,3.001236,3.162235,3.33636,3.515734,3.703858,3.896357,4.106356,4.32598,4.553479,4.786228,5.034728,5.295476,5.564974,5.837974,6.130222,6.432971,6.746219,7.059468,7.390217,7.734965,8.091964,8.447212,8.809461,9.197959,9.586457,9.981955,10.380953,10.793952,11.22095,11.647947,12.074946,12.515944,12.963942,13.41194,13.852938,14.300936,14.762934,15.231931,15.68343,16.138427,16.575926,17.044922,,5,0,0,0
0.271248,0.265998,0.255498,0.246748,0.237998,0.232748,0.224874,0.222249,0.216999,0.210874,0.207374,0.203874,0.200374,0.198624,0.195124,0.192499,0.191624,0.189874,0.186374,0.186811,0.183749,0.181561,0.181999,0.180249,0.180686,0.178061,0.178061,0.177186,0.176749,0.176311,0.174999,0.173686,0.173686,0.173905,0.173905,0.173467,0.173249,0.172592,0.172155,0.172374,0.171499,0.172374,0.17303,0.173577,0.173686,0.173467,0.173249,0.173467,0.173905,0.174342,0.175217,0.175874,0.176639,0.177514,0.178171,0.178717,0.18003,0.180796,0.182108,0.183858,0.184952,0.186592,0.18878,0.190202,0.191952,0.194139,0.195999,0.197858,0.200155,0.202452,0.205514,0.20803,0.210436,0.21317,0.215249,0.218202,0.221045,0.223999,0.228045,0.232092,0.236795,0.241717,0.247623,0.254186,0.262389,0.272014,0.284592,0.299576,0.316967,0.337857,0.363232,0.39342,0.429841,0.471732,0.521388,0.580341,0.64695,0.721543,0.804777,0.897089,0.993776,1.095276,1.198088,1.302869,1.403712,1.495805,1.577617,1.644117,1.696179,1.728117,1.740804,1.736867,1.714992,1.678242,1.629242,1.571492,1.504993,1.432806,1.356244,1.278369,1.202244,1.12787,1.055682,0.990495,0.927933,0.869746,0.815496,0.766496,0.720121,0.679434,0.640934,0.607684,0.577934,0.551247,0.526747,0.504872,0.486497,0.467685,0.451935,0.437498,0.42481,0.414748,0.404248,0.394185,0.385873,0.37756,0.369685,0.36356,0.35656,0.350873,0.344311,0.340373,0.336436,0.331185,0.327248,0.323311,0.319811,0.317623,0.314561,0.311936,0.310186,0.310623,0.309311,0.307998,0.307123,0.306686,0.306686,0.305811,0.304936,0.305811,0.307998,0.307998,0.307998,0.309311,0.310186,0.311061,0.311936,0.313686,0.314998,0.317186,0.319373,0.321123,0.324186,0.326373,0.328998,0.331186,0.332935,0.336873,0.340373,0.343435,0.346498,0.349123,0.352185,0.353935,0.357435,0.36006,0.362685,0.36531,0.36706,0.37056,0.370998,0.373185,0.376248,0.377998,0.378873,0.381935,0.383685,0.387185,0.38981,0.392873,0.395935,0.398998,0.403373,0.405123,0.409935,0.41431,0.419998,0.424373,0.429185,0.434873,0.439685,0.446247,0.451935,0.45981,0.46681,0.474685,0.482122,0.491747,0.50006,0.509247,0.518872,0.530247,0.541622,0.553872,0.567872,0.581434,0.596747,0.613372,0.629559,0.647496,0.666309,0.687309,0.709621,0.734121,0.758621,0.785746,0.814183,0.845683,0.879808,0.914808,0.95287,0.993558,1.03862,1.086307,1.135307,1.188682,1.245994,1.308994,1.373743,1.441556,1.518993,1.599055,1.683055,1.773617,1.868991,1.974866,2.083365,2.200615,2.324864,2.458739,2.602238,2.750112,2.909362,3.076486,3.254985,3.441359,3.635608,3.844732,4.067856,4.298855,4.537729,4.793229,5.059227,5.333976,5.620975,5.921973,6.238722,6.565971,6.905469,7.253717,7.617715,7.985214,8.359712,8.75521,9.152459,9.558457,9.981956,10.408954,10.849952,11.294449,11.731947,12.186945,12.645443,13.114442,13.590438,14.062937,14.545935,15.025433,15.501429,15.97393,16.442927,16.925924,17.39492,17.85692,18.318916,18.787918,19.242916,19.669912,20.117908,20.537906,,5,0,0,0
0.161874,0.156624,0.147874,0.143936,0.136936,0.130811,0.12578,0.120093,0.118343,0.112436,0.109593,0.108062,0.105108,0.103905,0.100624,0.098437064,0.09734332,0.096030824,0.094827704,0.093515208,0.092749584,0.090343352,0.090780848,0.089577728,0.088702728,0.088155856,0.088155864,0.087472268,0.08651524,0.087062112,0.085968376,0.085858992,0.086187112,0.085913678,0.085858992,0.085749616,0.085831648,0.085968368,0.085749616,0.08531212,0.085749616,0.086296488,0.08651524,0.087171488,0.087608992,0.087937112,0.088702736,0.089468352,0.089905848,0.090890216,0.091874592,0.093077712,0.094499584,0.095155824,0.097452688,0.098327688,0.099640184,0.101499,0.102921,0.105765,0.107296,0.109483,0.112218,0.114186,0.116483,0.11878,0.121296,0.124249,0.126218,0.129061,0.132343,0.134968,0.13803,0.140546,0.143499,0.146889,0.149733,0.153999,0.158483,0.162968,0.168546,0.174561,0.181342,0.189655,0.199608,0.210983,0.224873,0.242592,0.262498,0.285795,0.313357,0.346389,0.386529,0.431263,0.482341,0.542497,0.609653,0.684028,0.765184,0.851043,0.941714,1.034026,1.124807,1.212744,1.294994,1.368275,1.428868,1.476337,1.508493,1.523368,1.52293,1.506305,1.476555,1.436306,1.388181,1.331306,1.269182,1.204869,1.137057,1.07012,1.00187,0.938433,0.874996,0.818558,0.765621,0.714871,0.667621,0.623434,0.583184,0.546435,0.513185,0.482122,0.455435,0.431373,0.409498,0.389373,0.371435,0.35481,0.340373,0.326811,0.314561,0.304061,0.295311,0.286123,0.278686,0.270811,0.263811,0.257248,0.250686,0.245436,0.241061,0.235811,0.231436,0.228811,0.224436,0.221811,0.217436,0.216561,0.213498,0.211311,0.209999,0.208686,0.209124,0.208249,0.207374,0.206936,0.206061,0.206499,0.206061,0.206061,0.206936,0.208686,0.208249,0.209561,0.209999,0.210436,0.211311,0.213499,0.214374,0.216124,0.217436,0.220061,0.221811,0.223561,0.225748,0.227936,0.230124,0.232311,0.234936,0.237998,0.239748,0.243686,0.246311,0.248936,0.251998,0.255061,0.257248,0.261623,0.264248,0.266873,0.270811,0.272123,0.276061,0.278248,0.280436,0.284811,0.286998,0.290061,0.293123,0.295748,0.299686,0.302748,0.306248,0.309311,0.313248,0.317623,0.322436,0.326811,0.331623,0.335123,0.339936,0.345185,0.35131,0.35656,0.36181,0.369248,0.37581,0.383685,0.391123,0.399873,0.406435,0.41606,0.425248,0.43706,0.447123,0.458935,0.47206,0.48431,0.498747,0.513185,0.528935,0.54556,0.563934,0.582747,0.604184,0.626934,0.649247,0.673747,0.701309,0.729309,0.761684,0.794933,0.830371,0.867121,0.907808,0.950683,0.99662,1.044307,1.097682,1.153244,1.214494,1.278806,1.347493,1.419681,1.497993,1.581118,1.670805,1.763554,1.865491,1.973991,2.09124,2.214615,2.345864,2.484988,2.634613,2.789487,2.958361,3.13336,3.322359,3.520109,3.728358,3.948857,4.181606,4.426604,4.681229,4.950727,5.237726,5.535225,5.846723,6.168722,6.508221,6.858219,7.223967,7.596716,7.988715,8.394712,8.81646,9.246958,9.694958,10.146454,10.611952,11.09145,11.574449,12.074947,12.585943,13.107441,13.635939,14.157435,14.699934,15.238932,15.781428,16.327425,16.876926,17.394922,17.94092,18.493916,19.032914,19.592912,20.124908,20.649908,,5,0,0,0
0.175436,0.168436,0.159686,0.155093,0.14853,0.143718,0.137811,0.132999,0.132561,0.127093,0.124686,0.119874,0.118343,0.118343,0.114515,0.113858,0.111233,0.111343,0.109921,0.107296,0.106421,0.105765,0.105765,0.10489,0.104015,0.10478,0.102702,0.102265,0.101499,0.101718,0.100952,0.100843,0.100296,0.100733,0.100515,0.100733,0.099858936,0.100405,0.10128,0.10128,0.10171775,0.102046,0.102265,0.103249,0.104343,0.104343,0.105327,0.106421,0.106858,0.107952,0.109921,0.111452,0.112765,0.114624,0.116483,0.118343,0.120858,0.12239,0.124686,0.127858,0.130811,0.133436,0.136499,0.139561,0.142514,0.145905,0.149077,0.152358,0.155968,0.159468,0.163186,0.16778,0.171499,0.174889,0.179374,0.183858,0.18878,0.194358,0.201467,0.209014,0.216889,0.226514,0.238873,0.252327,0.268951,0.28842,0.312592,0.341357,0.375592,0.415732,0.463529,0.518982,0.584278,0.658215,0.743199,0.839449,0.945652,1.060932,1.186275,1.317962,1.455337,1.593367,1.730086,1.859366,1.981428,2.090365,2.182677,2.25399,2.304302,2.329677,2.330989,2.310864,2.269302,2.207615,2.136303,2.051865,1.957803,1.858491,1.754367,1.650242,1.546555,1.445931,1.349243,1.260431,1.176432,1.09812,1.025057,0.95637,0.894246,0.835621,0.783996,0.735434,0.693434,0.654497,0.619934,0.587559,0.558247,0.531997,0.507497,0.485622,0.465935,0.448435,0.432248,0.41781,0.403373,0.391123,0.377998,0.36706,0.355685,0.345186,0.336873,0.328123,0.319373,0.312373,0.304498,0.297936,0.290936,0.285686,0.279561,0.274748,0.272561,0.267748,0.264686,0.261623,0.257686,0.255936,0.254623,0.251561,0.249811,0.248061,0.247623,0.246311,0.244998,0.244561,0.243248,0.242811,0.242811,0.243139,0.243248,0.243686,0.244123,0.244561,0.245436,0.246748,0.245873,0.247623,0.248498,0.251561,0.252436,0.254623,0.257248,0.258998,0.260748,0.262936,0.265998,0.267748,0.270373,0.273436,0.276936,0.277811,0.279123,0.281748,0.284373,0.285686,0.287436,0.289186,0.291811,0.293561,0.296186,0.297498,0.298811,0.301873,0.304936,0.307123,0.311498,0.313248,0.317623,0.321561,0.32681,0.33031,0.33556,0.339936,0.344748,0.35131,0.356123,0.363998,0.370123,0.37581,0.38456,0.392435,0.39856,0.408185,0.418685,0.427873,0.437935,0.447997,0.460685,0.472497,0.483435,0.49831,0.510997,0.527185,0.542497,0.560435,0.577934,0.597622,0.616872,0.639184,0.661059,0.686434,0.712246,0.739809,0.769996,0.800621,0.835183,0.868871,0.906495,0.946308,0.989183,1.03337,1.082807,1.133557,1.188682,1.246432,1.307244,1.374619,1.44243,1.518555,1.59818,1.683055,1.774054,1.871616,1.973116,2.08074,2.195365,2.315239,2.441238,2.579488,2.722988,2.873487,3.030986,3.200735,3.379235,3.561233,3.756358,3.963732,4.180731,4.40648,4.640979,4.892978,5.150227,5.416226,5.696224,5.979723,6.282472,6.59047,6.910718,7.239717,7.582716,7.932713,8.291463,8.660711,9.036959,9.421957,9.824456,10.233953,10.657452,11.073951,11.514947,11.955946,12.393444,12.841441,13.29294,13.751439,14.199437,14.668433,15.126931,15.58543,16.040428,16.512927,,7.5,0,0,0
0.165374,0.157499,0.147874,0.137374,0.129936,0.125124,0.120749,0.116593,0.111343,0.109374,0.105218,0.100405,0.099640184,0.096140208,0.09460896,0.091983968,0.090999592,0.089358984,0.088265232,0.086952736,0.085202752,0.08465588,0.083562128,0.084218376,0.082140264,0.082030888,0.081456672,0.080827768,0.080827768,0.080937144,0.080390272,0.079952768,0.079624648,0.0798434,0.080609024,0.081046512,0.081265264,0.081702768,0.081046512,0.081921512,0.081812136,0.082796512,0.084109008,0.085530872,0.085421496,0.086624608,0.087937112,0.089358976,0.090452728,0.091765224,0.094390208,0.0961402,0.098546432,0.100296,0.10303,0.10664,0.108827,0.11178,0.114733,0.118671,0.12239,0.12589,0.129499,0.13453,0.13803,0.142077,0.146014,0.150389,0.154655,0.159358,0.164061,0.168546,0.17303,0.177405,0.182108,0.187796,0.192389,0.199499,0.207045,0.215905,0.224983,0.235811,0.250248,0.265998,0.284811,0.306795,0.334357,0.368045,0.407201,0.451826,0.507497,0.572138,0.646293,0.729746,0.826324,0.935808,1.054151,1.179275,1.315775,1.458399,1.600586,1.735117,1.866366,1.989741,2.092553,2.176115,2.24174,2.284614,2.298614,2.285052,2.253989,2.203677,2.13149,2.045303,1.956053,1.859804,1.756117,1.651555,1.54743,1.444181,1.343119,1.248619,1.157619,1.076245,0.99837,0.927058,0.861871,0.800183,0.743309,0.692559,0.645747,0.602872,0.566122,0.53331,0.502247,0.47381,0.448872,0.426123,0.405998,0.387185,0.369685,0.355248,0.341248,0.329436,0.317186,0.306248,0.296623,0.286561,0.277373,0.269061,0.262061,0.255936,0.248061,0.243248,0.237998,0.232748,0.226624,0.223561,0.220061,0.216124,0.213936,0.211311,0.208686,0.207811,0.205624,0.202999,0.202999,0.201249,0.199936,0.200374,0.200374,0.200374,0.199061,0.198624,0.19917075,0.199499,0.199499,0.199936,0.201686,0.202999,0.203874,0.205186,0.206936,0.207811,0.209561,0.211311,0.213061,0.216124,0.218311,0.220061,0.223998,0.225748,0.227936,0.230999,0.232748,0.237124,0.238436,0.241061,0.244123,0.246311,0.248498,0.248498,0.251123,0.254186,0.254623,0.256373,0.258998,0.260748,0.262498,0.264248,0.267748,0.270811,0.272998,0.275623,0.278686,0.284373,0.286998,0.291373,0.295748,0.300123,0.305373,0.311061,0.317623,0.323748,0.329873,0.335561,0.344311,0.35306,0.359623,0.366185,0.37931,0.388935,0.397248,0.40906,0.422623,0.43531,0.44756,0.462435,0.478622,0.493497,0.510997,0.528935,0.549497,0.570935,0.592372,0.615997,0.641372,0.670684,0.699996,0.729746,0.763871,0.801496,0.841308,0.881995,0.92837,0.976933,1.02637,1.080182,1.139682,1.204432,1.272681,1.344431,1.424056,1.508493,1.596867,1.691367,1.795929,1.907929,2.025616,2.149865,2.289864,2.437739,2.589113,2.751862,2.928611,3.12111,3.316235,3.523609,3.749358,3.993482,4.239356,4.501854,4.782729,5.081977,5.388226,5.708474,6.056723,6.415471,6.784719,7.167967,7.577466,8.004464,8.424462,8.86546,9.332708,9.810455,10.293452,10.786952,11.304949,11.840446,12.351444,12.897442,13.45394,14.024437,14.584435,15.154932,15.749929,16.344927,16.918924,17.520922,18.115918,18.696916,19.256914,19.83091,20.397908,20.978904,21.517906,22.042902,22.5749,23.099896,,7.5,0,0,0
0.290498,0.278248,0.267748,0.257248,0.249373,0.244123,0.233623,0.230123,0.225748,0.217874,0.214374,0.209999,0.206499,0.202999,0.200374,0.199499,0.197749,0.193374,0.191186,0.190311,0.187249,0.186374,0.185061,0.184186,0.184624,0.182874,0.181561,0.181124,0.181124,0.179811,0.178936,0.179374,0.178717,0.177842,0.177842,0.17767825,0.177624,0.177405,0.177405,0.177405,0.178171,0.178499,0.178936,0.179264,0.180358,0.179811,0.181014,0.180796,0.181889,0.182327,0.183639,0.185061,0.186811,0.187905,0.189655,0.191077,0.192936,0.194796,0.197202,0.199499,0.202561,0.205514,0.208467,0.21153,0.21492,0.217764,0.221811,0.225311,0.229467,0.233623,0.23778,0.241936,0.246748,0.250795,0.255498,0.259655,0.264467,0.270155,0.276498,0.283279,0.291483,0.300451,0.310295,0.322545,0.337857,0.355467,0.377342,0.40381,0.435529,0.474466,0.51931,0.574325,0.639512,0.716184,0.805105,0.90748,1.021776,1.151057,1.291494,1.441337,1.597524,1.759617,1.918866,2.07024,2.21199,2.339739,2.445176,2.523051,2.572488,2.595675,2.590425,2.554113,2.494176,2.416301,2.326177,2.221177,2.109178,1.991928,1.871179,1.752617,1.636242,1.525555,1.420556,1.324306,1.233306,1.150619,1.073182,1.002307,0.937995,0.878933,0.825121,0.776996,0.734996,0.696497,0.662372,0.631747,0.603747,0.578809,0.55606,0.535497,0.516685,0.500497,0.485622,0.471185,0.45806,0.44581,0.434435,0.423935,0.413435,0.404248,0.396373,0.388935,0.381498,0.375373,0.36881,0.364435,0.359185,0.354373,0.350435,0.347373,0.345623,0.342998,0.339498,0.338185,0.337748,0.336436,0.334248,0.333811,0.334248,0.333811,0.332935,0.333811,0.334248,0.334248,0.335998,0.335998,0.336873,0.338623,0.339498,0.34256,0.34431,0.346498,0.34781,0.350435,0.35306,0.356998,0.357435,0.360935,0.36531,0.367498,0.371435,0.372748,0.375373,0.378873,0.381935,0.381935,0.384998,0.387185,0.390685,0.39156,0.39331,0.395935,0.397248,0.39856,0.40031,0.403373,0.40731,0.40906,0.412123,0.415185,0.418685,0.42131,0.424373,0.429185,0.434873,0.43881,0.443185,0.449747,0.454997,0.460685,0.467685,0.473372,0.481247,0.48781,0.496122,0.503997,0.513185,0.523685,0.531997,0.54206,0.553872,0.565685,0.578372,0.592372,0.606809,0.623434,0.638747,0.655809,0.675496,0.696496,0.716621,0.739371,0.764309,0.790121,0.818996,0.848308,0.880246,0.913933,0.950245,0.98962,1.030308,1.077557,1.12437,1.176869,1.231119,1.288869,1.352306,1.417493,1.488368,1.561867,1.643242,1.730742,1.821741,1.917991,2.022115,2.13149,2.24874,2.371239,2.503363,2.647738,2.796487,2.954861,3.120235,3.298735,3.483359,3.679358,3.884107,4.100232,4.332981,4.570979,4.821228,5.085477,5.360226,5.645474,5.937723,6.249222,6.574721,6.914219,7.255467,7.612466,7.983464,8.361462,8.74646,9.141958,9.554956,9.971456,10.398453,10.839452,11.280449,11.742448,12.193945,12.659442,13.124941,13.607938,14.090937,14.577435,15.063932,15.557429,16.04743,16.533928,17.009924,17.499924,17.975916,18.437918,18.906914,19.382912,19.837912,20.292908,20.733908,21.160902,,7.5,0,0,0
0.204311,0.197749,0.189874,0.183749,0.175655,0.172155,0.16778,0.16253,0.159905,0.155311,0.152249,0.15028,0.147218,0.145249,0.143389,0.142296,0.140327,0.139561,0.137702,0.136718,0.134202,0.13278,0.133327,0.132671,0.132343,0.13114,0.130155,0.129608,0.129061,0.127858,0.12753,0.126765,0.126655,0.12753,0.127749,0.12742075,0.127311,0.127093,0.127093,0.127202,0.126983,0.127421,0.128186,0.128515,0.129061,0.12939,0.129718,0.130483,0.131358,0.131905,0.133108,0.134749,0.136171,0.137593,0.138905,0.140655,0.142186,0.143936,0.146014,0.148749,0.150827,0.153671,0.156186,0.158702,0.161655,0.164061,0.166577,0.169749,0.172702,0.176967,0.180139,0.184077,0.187905,0.191952,0.196545,0.201139,0.20628,0.212186,0.220061,0.228373,0.237561,0.248608,0.261514,0.276936,0.294654,0.316639,0.34267,0.373732,0.409607,0.452482,0.502247,0.559997,0.625075,0.700215,0.784215,0.878277,0.979558,1.089588,1.206182,1.326931,1.448993,1.569305,1.685023,1.792429,1.890866,1.974866,2.041365,2.09124,2.120115,2.130178,2.118803,2.090365,2.045303,1.987553,1.921053,1.845804,1.762679,1.67693,1.58768,1.49843,1.411806,1.326931,1.244681,1.169432,1.098557,1.031182,0.969058,0.911745,0.857496,0.808496,0.763871,0.722309,0.686434,0.654059,0.624747,0.597184,0.572247,0.549059,0.528935,0.51056,0.49306,0.478622,0.465497,0.451935,0.44056,0.430498,0.419123,0.40906,0.399435,0.390685,0.38281,0.374935,0.367935,0.36181,0.355248,0.349998,0.343873,0.33906,0.333811,0.331186,0.326373,0.324623,0.321123,0.318936,0.315873,0.314123,0.312811,0.311061,0.309311,0.309311,0.308873,0.308873,0.308873,0.309311,0.3092015,0.309311,0.309311,0.310186,0.311936,0.312811,0.315436,0.317623,0.317623,0.320685,0.322436,0.32681,0.329873,0.332061,0.336873,0.339936,0.343435,0.346498,0.35131,0.355248,0.358748,0.36356,0.366185,0.37056,0.373623,0.377123,0.378873,0.380623,0.382373,0.38456,0.385873,0.386748,0.388498,0.389373,0.39156,0.392435,0.393748,0.395498,0.397248,0.399873,0.402498,0.405998,0.409498,0.41256,0.415185,0.421748,0.425685,0.430498,0.434435,0.440123,0.446247,0.453248,0.459372,0.46681,0.472935,0.481685,0.489122,0.49831,0.507935,0.517122,0.52806,0.538997,0.55081,0.56306,0.576184,0.590622,0.603747,0.619497,0.636559,0.653622,0.672872,0.692121,0.714871,0.736746,0.760371,0.785746,0.812433,0.841746,0.87237,0.904308,0.939745,0.976058,1.015433,1.056557,1.100745,1.147119,1.196119,1.251244,1.308119,1.366743,1.430618,1.49843,1.57018,1.64718,1.727242,1.814741,1.905741,2.003741,2.107865,2.21549,2.332739,2.452613,2.581238,2.716862,2.859487,3.010861,3.17011,3.335485,3.508734,3.689858,3.882357,4.081856,4.29273,4.51323,4.740728,4.978727,5.221977,5.479225,5.746975,6.021723,6.301721,6.59747,6.898469,7.209968,7.530216,7.853965,8.189963,8.534712,8.882961,9.236459,9.603957,9.981955,10.359954,10.741451,11.133451,11.525449,11.917446,12.312944,12.718942,13.12144,13.534438,13.947438,14.356935,14.773433,15.182932,15.588928,,7.5,0,0,0
0.339498,0.323748,0.316748,0.304498,0.297498,0.289623,0.272123,0.272998,0.254623,0.255498,0.250248,0.239748,0.239748,0.233623,0.232748,0.225311,0.223999,0.220936,0.220061,0.217436,0.213499,0.209561,0.214811,0.209124,0.210436,0.207811,0.207811,0.206061,0.205186,0.204749,0.201249,0.200811,0.201194,0.201686,0.20103,0.20261575,0.203436,0.204311,0.200374,0.197749,0.199499,0.204202,0.20103,0.202889,0.203108,0.202999,0.202862,0.202561,0.20278,0.20442,0.205952,0.206936,0.208249,0.209233,0.211311,0.213827,0.212842,0.215358,0.218639,0.219733,0.223999,0.224545,0.228592,0.23253,0.236248,0.239858,0.243358,0.247952,0.252436,0.255608,0.260858,0.265561,0.26928,0.273873,0.278576,0.284701,0.288311,0.292795,0.299795,0.308436,0.314889,0.323639,0.333592,0.347045,0.362248,0.379529,0.401295,0.428748,0.464404,0.505638,0.55081,0.607684,0.679981,0.764855,0.857605,0.965558,1.095713,1.23965,1.391243,1.550711,1.729867,1.913178,2.086428,2.248302,2.412364,2.561551,2.674863,2.754487,2.807862,2.840675,2.829737,2.778112,2.70855,2.627175,2.521301,2.399239,2.268864,2.14199,2.00724,1.869429,1.748242,1.61743,1.504118,1.394743,1.295431,1.206619,1.121307,1.04212,0.975183,0.915245,0.857933,0.804996,0.762121,0.724934,0.689934,0.658434,0.625622,0.598497,0.580122,0.55431,0.536372,0.520185,0.507935,0.494372,0.477747,0.464185,0.45806,0.443623,0.432248,0.422623,0.418248,0.411248,0.406435,0.395498,0.396373,0.38806,0.38106,0.377998,0.377123,0.372748,0.368373,0.367935,0.365748,0.367498,0.36531,0.364435,0.36388825,0.3639703125,0.363998,0.36356,0.364654,0.36531,0.365748,0.366623,0.367498,0.370998,0.370998,0.371873,0.376685,0.37406,0.382373,0.38806,0.38456,0.389373,0.390685,0.395498,0.397248,0.400748,0.409935,0.407748,0.412998,0.413873,0.418685,0.418685,0.42306,0.423498,0.426123,0.430935,0.43356,0.433998,0.438372,0.439685,0.443185,0.444935,0.445373,0.453685,0.453248,0.456748,0.457622,0.46331,0.47031,0.472497,0.476435,0.48431,0.492622,0.496997,0.501372,0.512747,0.520185,0.525435,0.533747,0.545122,0.554309,0.559122,0.569622,0.580997,0.595434,0.609434,0.621247,0.631747,0.648809,0.671121,0.682059,0.697371,0.724496,0.743746,0.766059,0.792309,0.814183,0.842621,0.874558,0.901246,0.940183,0.979558,1.018058,1.06312,1.106432,1.156744,1.207057,1.265681,1.317306,1.383806,1.457305,1.521618,1.59643,1.689617,1.774492,1.868116,1.963491,2.07549,2.202365,2.323989,2.441239,2.577738,2.745737,2.889237,3.060736,3.237485,3.419484,3.620733,3.793983,4.011857,4.261231,4.516729,4.747728,5.008477,5.291976,5.589475,5.911473,6.205472,6.54847,6.893219,7.302717,7.563465,7.992214,8.380712,8.75346,9.204958,9.593456,10.065955,10.531452,10.898951,11.374949,11.784447,12.232446,12.760943,13.222941,13.719938,14.248435,14.741935,15.158432,15.68693,16.306427,16.680927,17.156922,17.660918,18.20692,18.696914,19.137916,19.613912,20.11091,20.579908,20.964906,21.398904,21.9449,22.343898,22.714898,23.162896,23.561892,23.876892,,7.5,0,0,0
0.216999,0.209999,0.203874,0.195124,0.185936,0.181124,0.174999,0.168655,0.167343,0.162311,0.15728,0.155968,0.152686,0.150389,0.14678,0.144811,0.142733,0.141968,0.140327,0.138468,0.13803,0.136499,0.135733,0.136061,0.135186,0.133765,0.133327,0.132343,0.131686,0.131577,0.130702,0.130155,0.130593,0.130483,0.130921,0.13114,0.130811,0.130483,0.130155,0.130702,0.13114,0.132124,0.132233,0.133327,0.134202,0.134858,0.135952,0.137155,0.137921,0.139452,0.141311,0.143608,0.145358,0.147546,0.150061,0.152468,0.154327,0.157718,0.160014,0.163952,0.167014,0.170514,0.174014,0.178061,0.18178,0.185499,0.189217,0.193264,0.197639,0.201686,0.206608,0.211202,0.217108,0.221264,0.226514,0.23253,0.238983,0.247077,0.256045,0.266545,0.278904,0.292358,0.308983,0.328123,0.351857,0.37942,0.413326,0.453466,0.501154,0.556935,0.62234,0.6977,0.783887,0.881886,0.990714,1.111463,1.242275,1.382056,1.527743,1.674742,1.821741,1.963053,2.09474,2.212427,2.311739,2.392239,2.449113,2.481051,2.485863,2.467926,2.426364,2.364676,2.285927,2.19449,2.098677,1.994553,1.886491,1.777117,1.668617,1.561868,1.459056,1.361494,1.269619,1.185182,1.10687,1.033807,0.966433,0.905183,0.847871,0.795808,0.748559,0.705246,0.667184,0.633059,0.601997,0.575309,0.548622,0.524997,0.503997,0.484747,0.467685,0.45281,0.438373,0.42481,0.412123,0.400748,0.390248,0.37931,0.370123,0.360935,0.352185,0.345623,0.339061,0.332061,0.325936,0.320248,0.316311,0.311061,0.306248,0.302311,0.300123,0.298373,0.295748,0.293998,0.291811,0.290936,0.290061,0.287873,0.288748,0.287436,0.289186,0.289186,0.289623,0.290061,0.290498,0.292248,0.293561,0.294436,0.297498,0.297936,0.301873,0.304936,0.308873,0.312373,0.314998,0.319373,0.323311,0.327248,0.331623,0.335998,0.341685,0.346935,0.352185,0.355248,0.36006,0.36531,0.369248,0.37231,0.376248,0.378873,0.381935,0.38456,0.384998,0.386748,0.38806,0.389373,0.390248,0.392873,0.394623,0.395935,0.397248,0.399873,0.401623,0.404248,0.407748,0.412123,0.416498,0.420873,0.42481,0.429185,0.434873,0.441435,0.446247,0.453685,0.460247,0.467247,0.475997,0.48431,0.492622,0.50356,0.511872,0.521935,0.53331,0.546435,0.557809,0.571372,0.586247,0.601122,0.617747,0.634809,0.652309,0.671559,0.693434,0.715309,0.739809,0.765184,0.792746,0.820308,0.850058,0.882871,0.91787,0.955495,0.993558,1.037307,1.081932,1.130057,1.180369,1.234619,1.292369,1.353181,1.419243,1.489243,1.563617,1.644117,1.727242,1.815616,1.910116,2.012491,2.120115,2.235614,2.357239,2.486738,2.623238,2.768487,2.920736,3.079986,3.253235,3.431734,3.621608,3.821107,4.029356,4.24898,4.47648,4.716228,4.968228,5.234226,5.505475,5.790724,6.088222,6.399721,6.71822,7.045468,7.386716,7.736715,8.104213,8.469962,8.856711,9.250458,9.652956,10.065955,10.475453,10.902451,11.339949,11.777447,12.228945,12.680444,13.145941,13.60794,14.080438,14.549434,15.021933,15.501429,15.973926,16.435926,16.904924,17.39492,17.863918,18.332918,18.794914,19.270914,,7.5,0,0,0
0.246748,0.237998,0.229248,0.222249,0.212624,0.209124,0.200374,0.194686,0.189436,0.183311,0.179374,0.177186,0.172811,0.171936,0.167561,0.167561,0.164499,0.163186,0.16253,0.160124,0.158374,0.155968,0.155749,0.156186,0.155311,0.154218,0.15378,0.153343,0.152139,0.153014,0.152358,0.152577,0.152139,0.151483,0.15203,0.152358,0.152358,0.152905,0.153343,0.153452,0.154108,0.154874,0.155858,0.156077,0.157499,0.158046,0.159358,0.160999,0.162093,0.163952,0.165811,0.168436,0.170842,0.173139,0.175764,0.178827,0.18178,0.18528,0.188999,0.192936,0.197639,0.202014,0.206936,0.211858,0.21678,0.222249,0.22717,0.232311,0.238873,0.244123,0.250467,0.25703,0.263811,0.270483,0.277483,0.285358,0.294873,0.305373,0.316857,0.330311,0.346279,0.36531,0.386967,0.41442,0.445919,0.484747,0.532106,0.588216,0.655043,0.73434,0.827527,0.93362,1.056557,1.195244,1.352525,1.525118,1.708211,1.900054,2.103053,2.305177,2.500738,2.685362,2.855549,3.001674,3.11936,3.20336,3.25586,3.27336,3.25061,3.197235,3.114986,3.007361,2.877861,2.736112,2.590863,2.439489,2.28724,2.13499,1.987116,1.846241,1.712367,1.588993,1.472618,1.368494,1.273119,1.185619,1.105995,1.032495,0.96687,0.906496,0.851371,0.803246,0.761246,0.722746,0.687746,0.655372,0.627372,0.600247,0.576622,0.554747,0.534622,0.517122,0.499622,0.484747,0.468997,0.454997,0.441873,0.429622,0.418248,0.406873,0.396373,0.388498,0.379748,0.373623,0.365748,0.358748,0.352623,0.348248,0.342123,0.338623,0.335123,0.333373,0.329873,0.326373,0.325498,0.323748,0.321998,0.320248,0.319373,0.320248,0.319373,0.319373,0.320248,0.320248,0.320248,0.321123,0.321123,0.323748,0.325498,0.326373,0.329873,0.330748,0.334248,0.335123,0.337748,0.340373,0.342998,0.346498,0.349998,0.353498,0.356123,0.358748,0.360498,0.362248,0.363998,0.366623,0.368373,0.370123,0.372748,0.374498,0.375373,0.376248,0.377998,0.378873,0.381498,0.384998,0.386748,0.389373,0.393748,0.396373,0.398998,0.403373,0.406873,0.411247,0.415623,0.420873,0.425248,0.433122,0.438373,0.445373,0.450622,0.457623,0.465497,0.473372,0.481247,0.490872,0.499622,0.510122,0.521497,0.532872,0.543372,0.556497,0.571372,0.586247,0.601122,0.618622,0.636122,0.656247,0.677246,0.696496,0.720121,0.745496,0.772621,0.801496,0.832996,0.867121,0.90212,0.937995,0.97912,1.023745,1.069245,1.121744,1.175994,1.233744,1.296744,1.361493,1.432368,1.509368,1.588993,1.674742,1.768366,1.868116,1.974866,2.086865,2.204989,2.334489,2.470988,2.615363,2.770237,2.939111,3.115861,3.30136,3.498234,3.703858,3.928732,4.157981,4.39948,4.656729,4.931478,5.214976,5.508975,5.820474,6.144223,6.48197,6.828469,7.188967,7.566966,7.964215,8.364962,8.777961,9.201459,9.638957,10.079955,10.531453,10.996951,11.469448,11.962945,12.445945,12.942942,13.450439,13.954436,14.461936,14.979932,15.501431,16.02643,16.561925,17.086922,17.625922,18.150916,18.654916,19.158914,19.66991,20.180908,20.670908,21.160904,21.650902,22.1409,22.595898,23.036896,23.484896,,10,0,0,0
0.264248,0.253748,0.243248,0.232748,0.223124,0.217874,0.212186,0.205624,0.199061,0.192499,0.190749,0.186811,0.179374,0.177624,0.175436,0.172811,0.171499,0.170186,0.166686,0.165374,0.162749,0.162093,0.160999,0.160343,0.159468,0.157718,0.157499,0.1570615,0.156624,0.156405,0.156077,0.155639,0.155968,0.156077,0.156323,0.156514,0.156733,0.156514,0.156733,0.156843,0.157608,0.158264,0.159249,0.160561,0.161436,0.162639,0.163733,0.164827,0.166468,0.168108,0.170514,0.172921,0.175764,0.17828,0.181452,0.184186,0.187905,0.191733,0.195561,0.200045,0.205405,0.210764,0.215686,0.221264,0.226952,0.233186,0.238873,0.244889,0.251561,0.259108,0.265342,0.27267,0.279998,0.287217,0.294436,0.301983,0.309967,0.319701,0.329654,0.341029,0.354264,0.369138,0.385982,0.405779,0.429404,0.458279,0.492622,0.534075,0.582419,0.640278,0.708856,0.78848,0.879808,0.985683,1.107088,1.244244,1.392556,1.553555,1.725273,1.901803,2.078553,2.25049,2.414114,2.561551,2.68755,2.787737,2.859487,2.900174,2.904986,2.878737,2.826237,2.749237,2.649488,2.535738,2.414114,2.283739,2.15074,2.016865,1.883866,1.756117,1.633617,1.516368,1.408743,1.310744,1.218869,1.135745,1.05787,0.98787,0.92312,0.865371,0.811996,0.764746,0.723621,0.685121,0.650997,0.622122,0.594122,0.568747,0.546872,0.525872,0.506622,0.490872,0.474247,0.461122,0.448872,0.435747,0.425248,0.414748,0.405123,0.394623,0.387623,0.380623,0.374498,0.369248,0.362248,0.357873,0.355248,0.348248,0.346498,0.343873,0.342998,0.341248,0.338623,0.337748,0.337748,0.336873,0.337748,0.335998,0.336873,0.336873,0.338623,0.341248,0.341248,0.341248,0.343873,0.346498,0.348248,0.349998,0.352623,0.356123,0.359623,0.362248,0.363998,0.368373,0.372748,0.375373,0.378873,0.384123,0.388498,0.392873,0.396373,0.400748,0.405123,0.406873,0.411248,0.414748,0.417373,0.420872,0.425248,0.426123,0.431373,0.433122,0.435748,0.440123,0.443623,0.446248,0.451497,0.454998,0.461122,0.467247,0.469872,0.475997,0.482122,0.488247,0.496122,0.503997,0.510997,0.520622,0.528497,0.538122,0.548622,0.558247,0.570497,0.581872,0.596747,0.610747,0.626497,0.642247,0.659746,0.678121,0.697371,0.718371,0.741121,0.765621,0.792746,0.819871,0.847871,0.881996,0.915245,0.953745,0.990495,1.030745,1.07712,1.125244,1.175994,1.230244,1.287994,1.350119,1.417493,1.485743,1.562742,1.644117,1.731617,1.822616,1.917991,2.021241,2.12974,2.243489,2.364239,2.491988,2.630238,2.773737,2.925112,3.085236,3.25236,3.429109,3.611984,3.805358,4.010982,4.229731,4.45548,4.688228,4.933227,5.188726,5.452975,5.724224,6.012973,6.308722,6.61847,6.933469,7.260717,7.601966,7.946714,8.303712,8.665962,9.050959,9.442958,9.841956,10.240954,10.671452,11.09495,11.525448,11.966447,12.414444,12.879942,13.341941,13.817937,14.300936,14.801434,15.30193,15.795429,16.302929,16.813924,17.331924,17.84992,18.381918,18.920914,19.438914,19.97091,20.481908,20.985908,21.510902,22.000902,22.4909,22.980896,23.484894,23.953894,24.408892,24.87089,25.297886,,10,0,0,0
0.175874,0.167124,0.158811,0.152686,0.146561,0.139999,0.137155,0.130593,0.125343,0.123374,0.12053,0.118561,0.114405,0.112983,0.111452,0.109265,0.107296,0.106202,0.104343,0.103468,0.101718,0.100515,0.099749552,0.099421432,0.098765184,0.098327688,0.098546432,0.097890192,0.097233944,0.097124568,0.096249568,0.095593328,0.096358944,0.096796448,0.096468328,0.096687072,0.097233944,0.097671448,0.097124568,0.097124568,0.097780816,0.098546432,0.099312056,0.099749552,0.10128,0.10139,0.102593,0.103358,0.104562,0.105983,0.107952,0.109593,0.111452,0.113858,0.115936,0.118452,0.120968,0.123155,0.126218,0.129827,0.133108,0.136827,0.140327,0.144811,0.148421,0.152249,0.156514,0.16078,0.16603,0.170733,0.175327,0.180686,0.186483,0.191405,0.196327,0.20267,0.209014,0.216452,0.224764,0.234498,0.24478,0.25703,0.27103,0.287217,0.307342,0.330639,0.359295,0.39167,0.430935,0.477966,0.532872,0.596637,0.669481,0.75359,0.850605,0.959433,1.078432,1.209463,1.3499,1.499743,1.651555,1.802929,1.954741,2.101302,2.236052,2.352426,2.450864,2.530051,2.583426,2.6088,2.607051,2.585175,2.539238,2.472301,2.391364,2.299927,2.198427,2.08949,1.975303,1.860679,1.747804,1.63668,1.529055,1.430618,1.337431,1.249056,1.165932,1.08937,1.018932,0.95287,0.893371,0.837371,0.788808,0.745059,0.705684,0.668059,0.634372,0.604184,0.575747,0.550809,0.527185,0.50706,0.489122,0.471622,0.455872,0.440122,0.426998,0.41256,0.399873,0.38806,0.37756,0.367498,0.35831,0.349123,0.340811,0.333373,0.325498,0.318061,0.313248,0.307561,0.302311,0.297498,0.293561,0.290061,0.286998,0.283936,0.280436,0.277811,0.276936,0.274748,0.271686,0.270811,0.270373,0.268623,0.267311,0.266873,0.265561,0.265561,0.265123,0.265889,0.266436,0.266436,0.266764,0.267311,0.266873,0.269061,0.269498,0.270373,0.271686,0.272998,0.274748,0.276061,0.277373,0.279123,0.281311,0.283061,0.284373,0.286561,0.289623,0.290498,0.293123,0.293998,0.296186,0.298373,0.298373,0.301436,0.304498,0.306248,0.307998,0.309748,0.311061,0.314561,0.316748,0.318498,0.321123,0.326373,0.329873,0.332936,0.335123,0.34081,0.345185,0.348248,0.351748,0.357435,0.362685,0.36881,0.374498,0.37931,0.387185,0.394185,0.399873,0.40731,0.415185,0.42481,0.434435,0.443622,0.454122,0.464622,0.476873,0.488685,0.50181,0.516685,0.530685,0.546872,0.565247,0.582747,0.601559,0.621247,0.643122,0.667184,0.691246,0.718809,0.745059,0.777871,0.810246,0.844371,0.880683,0.918745,0.961183,1.00537,1.051745,1.103807,1.158057,1.216682,1.277494,1.340494,1.410931,1.486181,1.565805,1.64893,1.740367,1.837491,1.941616,2.04574,2.16124,2.283739,2.415864,2.549738,2.696737,2.851612,3.015236,3.186735,3.365234,3.555983,3.758108,3.968982,4.190356,4.42048,4.668979,4.926228,5.188726,5.461725,5.752224,6.053223,6.359471,6.67797,7.012218,7.360467,7.712215,8.072714,8.441962,8.83046,9.225958,9.624956,10.034455,10.461453,10.891951,11.32595,11.766947,12.218446,12.676942,13.135442,13.593939,14.059437,14.531934,15.007933,15.476929,15.949428,16.400927,16.876926,,10,0,0,0
0.171061,0.171936,0.158811,0.150061,0.142624,0.13978,0.138686,0.128843,0.128405,0.119983,0.122827,0.118343,0.11353,0.112765,0.112655,0.109921,0.110796,0.107679,0.105437,0.104562,0.101499,0.100515,0.101062,0.098983936,0.099530808,0.097015192,0.100952,0.098655808,0.098218312,0.097999568,0.098026908,0.098088431,0.098218312,0.098108936,0.09750738,0.096358952,0.09734332,0.100952,0.095046456,0.099312056,0.096468328,0.098655816,0.100187,0.099421432,0.100597108,0.101937,0.100843,0.104015,0.103577,0.105108,0.11003,0.107952,0.11014,0.111015,0.115499,0.116921,0.118124,0.119655,0.122171,0.128843,0.13103,0.133655,0.136718,0.139561,0.144374,0.149952,0.15203,0.158811,0.161436,0.165702,0.167561,0.175108,0.182436,0.189217,0.187577,0.19917,0.205186,0.211202,0.218202,0.227936,0.24117,0.25342,0.264576,0.278467,0.301436,0.322873,0.350435,0.373951,0.416935,0.462982,0.508482,0.563497,0.629887,0.715965,0.812762,0.90398,1.01062,1.140557,1.282087,1.408306,1.548743,1.716961,1.875554,2.009865,2.139365,2.278052,2.408864,2.485863,2.542301,2.597425,2.63505,2.628925,2.584738,2.540551,2.495926,2.411489,2.306489,2.209802,2.10874,2.000241,1.878179,1.765304,1.659867,1.555305,1.453368,1.361931,1.273994,1.189557,1.112557,1.044307,0.97912,0.914808,0.866246,0.814621,0.774371,0.733246,0.697809,0.664121,0.635684,0.607247,0.580997,0.556934,0.541622,0.521935,0.505747,0.487372,0.47381,0.461122,0.44931,0.432248,0.421747,0.41431,0.40556,0.392873,0.383685,0.37756,0.370123,0.361373,0.351748,0.349123,0.344748,0.33906,0.332498,0.328123,0.327686,0.321998,0.31806,0.313686,0.314998,0.313686,0.308436,0.305373,0.307561,0.304061,0.303623,0.300123,0.300998,0.303186,0.300561,0.297061,0.298811,0.303186,0.302748,0.298811,0.300123,0.303186,0.307123,0.303623,0.302311,0.306248,0.310623,0.302748,0.306686,0.311061,0.316311,0.316311,0.314561,0.317623,0.32506,0.325936,0.323748,0.32506,0.331623,0.333811,0.330748,0.331186,0.336435,0.342123,0.341685,0.338186,0.343435,0.350436,0.350435,0.348248,0.352185,0.36006,0.36181,0.360936,0.363998,0.373185,0.37756,0.37581,0.377998,0.388498,0.394623,0.397248,0.398123,0.408185,0.41781,0.421748,0.423935,0.43356,0.44581,0.453685,0.457622,0.46681,0.482997,0.494372,0.500497,0.50881,0.526747,0.544685,0.553434,0.56481,0.585809,0.608559,0.623434,0.636559,0.659746,0.689496,0.711809,0.730621,0.757308,0.792746,0.825558,0.850933,0.882871,0.925308,0.97037,1.007558,1.044307,1.097245,1.158932,1.210119,1.255181,1.319494,1.396931,1.468243,1.531243,1.608242,1.707992,1.805992,1.888241,1.983615,2.10349,2.233864,2.346739,2.460489,2.610988,2.777237,2.925987,3.066861,3.24361,3.453609,3.646984,3.823733,4.031982,4.28923,4.541229,4.761729,5.001477,5.300727,5.610474,5.879973,6.154722,6.497721,6.868719,7.195968,7.503966,7.878464,8.305461,8.693961,9.036958,9.439459,9.915455,10.363453,10.748452,11.16845,11.679447,12.176445,12.603443,13.023441,13.537939,14.076937,14.528435,14.965932,15.46643,16.033429,16.498925,16.897924,,10,0,0,0
0.182436,0.176749,0.167124,0.162311,0.15378,0.151593,0.146124,0.142843,0.140655,0.134311,0.132124,0.128843,0.126874,0.122936,0.123265,0.122061,0.121624,0.120093,0.118671,0.116483,0.115608,0.114077,0.113093,0.112655,0.113093,0.111999,0.111561,0.110468,0.11014,0.109702,0.109812,0.109483,0.109155,0.109593,0.109483,0.109265,0.109046,0.109593,0.109483,0.109265,0.109812,0.11003,0.111015,0.111561,0.112108,0.11353,0.11364,0.114405,0.114952,0.116265,0.117796,0.119218,0.121077,0.122718,0.124686,0.126765,0.128405,0.130593,0.133436,0.136061,0.138796,0.142296,0.145468,0.148639,0.152139,0.155749,0.159468,0.163405,0.167889,0.172592,0.176967,0.181889,0.186811,0.192499,0.198077,0.204202,0.211092,0.218749,0.228264,0.238545,0.250248,0.263592,0.279451,0.298592,0.31992,0.346717,0.378654,0.41606,0.460247,0.511435,0.571809,0.642137,0.721871,0.813965,0.917433,1.032932,1.160244,1.298494,1.446587,1.602555,1.761804,1.924116,2.08599,2.24174,2.385676,2.519988,2.636363,2.7313,2.799112,2.845049,2.862987,2.852487,2.818362,2.763237,2.691487,2.602238,2.501613,2.390489,2.272364,2.14899,2.025615,1.903991,1.785867,1.674742,1.569743,1.469118,1.376369,1.289744,1.208369,1.13312,1.063995,1.000995,0.944995,0.893371,0.847871,0.804996,0.765621,0.731496,0.699121,0.669372,0.643997,0.620372,0.598497,0.577497,0.559997,0.542497,0.526747,0.511872,0.496122,0.481247,0.468997,0.458498,0.446248,0.434873,0.425248,0.416498,0.405123,0.398123,0.389373,0.381498,0.376248,0.370123,0.363998,0.359623,0.354373,0.350873,0.346498,0.342123,0.338623,0.335998,0.333373,0.331623,0.329873,0.326373,0.325498,0.323748,0.321998,0.320248,0.321123,0.319373,0.320248,0.320248,0.319373,0.318498,0.318498,0.319373,0.320248,0.321123,0.321998,0.324623,0.325498,0.327248,0.328998,0.329873,0.330748,0.333373,0.336873,0.337748,0.340373,0.342123,0.343873,0.343873,0.346498,0.347373,0.348248,0.349123,0.350873,0.351748,0.352623,0.354373,0.356123,0.356123,0.358748,0.359623,0.361373,0.364873,0.367498,0.370998,0.373623,0.377123,0.381498,0.384998,0.389373,0.393748,0.399873,0.405123,0.411248,0.416498,0.422623,0.429623,0.437497,0.445372,0.451498,0.461122,0.471622,0.480372,0.490872,0.501372,0.511872,0.524122,0.537247,0.549497,0.563497,0.578372,0.593247,0.610747,0.629122,0.647497,0.667622,0.689496,0.712246,0.734996,0.760371,0.787496,0.816371,0.847871,0.879371,0.91262,0.94762,0.986995,1.02812,1.070995,1.116495,1.165494,1.218869,1.273119,1.331744,1.395618,1.461243,1.532993,1.610867,1.690492,1.777116,1.868116,1.963491,2.063241,2.17174,2.285489,2.404489,2.532238,2.666988,2.808737,2.957486,3.114986,3.27861,3.455359,3.637358,3.830733,4.031107,4.243731,4.464229,4.693479,4.931478,5.181726,5.438975,5.704975,5.981473,6.270222,6.56422,6.866969,7.185468,7.510966,7.841715,8.182963,8.541711,8.903959,9.278458,9.652956,10.044956,10.447453,10.839452,11.248949,11.661948,12.078445,12.501942,12.925442,13.359439,13.779438,14.206436,14.633435,,10,0,0,0
0.173686,0.168874,0.160561,0.15378,0.14678,0.140655,0.137374,0.13103,0.129936,0.12403,0.122718,0.120093,0.118233,0.116046,0.113421,0.111562,0.108827,0.107843,0.108499,0.106093,0.10478,0.104233,0.104124,0.102155,0.101827,0.101827,0.100843,0.100296,0.100187,0.099968312,0.098765192,0.098983936,0.099640192,0.099312056,0.100187,0.099640184,0.100077,0.09974956,0.100515,0.100296,0.100952,0.101827,0.102483,0.103249,0.103796,0.104452,0.106093,0.107187,0.10839,0.109483,0.111015,0.113749,0.115499,0.118015,0.120421,0.122827,0.12578,0.128186,0.131468,0.135405,0.138905,0.142952,0.146889,0.151155,0.15553,0.159577,0.164061,0.168655,0.173577,0.178717,0.184186,0.189764,0.195124,0.200045,0.205733,0.212295,0.219295,0.22717,0.236139,0.246092,0.257358,0.27092,0.286889,0.305483,0.327904,0.354701,0.386092,0.424482,0.469654,0.523794,0.586138,0.659856,0.745715,0.843496,0.953526,1.079088,1.217338,1.367618,1.527743,1.696617,1.870741,2.04574,2.217677,2.381739,2.532676,2.667863,2.7803,2.867799,2.926861,2.956174,2.952236,2.924237,2.870862,2.792987,2.701988,2.596113,2.478863,2.351989,2.22249,2.09124,1.960866,1.833116,1.711492,1.597742,1.490993,1.390368,1.294119,1.206619,1.125245,1.05087,0.981745,0.918745,0.861871,0.810246,0.765621,0.722746,0.684246,0.648372,0.616872,0.587997,0.561747,0.537247,0.517122,0.497872,0.479497,0.461997,0.446247,0.431372,0.417373,0.402498,0.391123,0.379748,0.369248,0.358748,0.349123,0.340373,0.332498,0.324623,0.316748,0.311498,0.305373,0.300123,0.295748,0.292248,0.286998,0.284373,0.279998,0.277373,0.274748,0.272998,0.271248,0.269498,0.268623,0.266873,0.265998,0.264248,0.264248,0.2638105,0.263373,0.263373,0.264248,0.263373,0.264248,0.264248,0.265998,0.265998,0.266873,0.270373,0.271248,0.273873,0.275623,0.276498,0.279123,0.280873,0.282623,0.286123,0.288748,0.290498,0.293123,0.295748,0.296623,0.297498,0.299248,0.300123,0.300123,0.302748,0.304498,0.306248,0.306248,0.308873,0.308873,0.311498,0.313248,0.314998,0.317623,0.320248,0.324623,0.328123,0.330748,0.334248,0.338623,0.342998,0.347373,0.352623,0.357873,0.363998,0.370998,0.377123,0.384123,0.391998,0.398998,0.409498,0.417373,0.426123,0.437497,0.447123,0.459372,0.469872,0.483872,0.496997,0.510122,0.525872,0.541622,0.559122,0.577497,0.594122,0.615997,0.637872,0.660621,0.684246,0.709621,0.739371,0.769996,0.800621,0.836496,0.869746,0.90912,0.94937,0.992245,1.037745,1.08762,1.140994,1.196994,1.256494,1.320369,1.387743,1.461243,1.539118,1.622243,1.711492,1.805992,1.909241,2.016865,2.13149,2.25399,2.384364,2.522613,2.666988,2.821862,2.987236,3.163986,3.34686,3.541984,3.746733,3.966357,4.195606,4.43448,4.693478,4.959477,5.237726,5.528225,5.830974,6.151223,6.47672,6.814469,7.169717,7.537216,7.915215,8.301963,8.702712,9.106958,9.533957,9.967955,10.412454,10.867451,11.336449,11.812447,12.298944,12.799443,13.28944,13.789938,14.286935,14.801434,15.301932,15.802428,16.323925,16.834926,17.331924,17.81492,18.311916,,10,0,0,0
0.268623,0.261623,0.253748,0.244561,0.234498,0.224436,0.221374,0.213936,0.209999,0.205186,0.200374,0.196217,0.191842,0.189436,0.188124,0.186374,0.183967,0.181342,0.179374,0.179155,0.175655,0.175327,0.173358,0.173139,0.172483,0.171717,0.171499,0.170952,0.170296,0.169749,0.168108,0.168327,0.16868225,0.169092,0.169202,0.169092,0.169858,0.170296,0.170296,0.170842,0.170733,0.172483,0.173577,0.175108,0.176311,0.178171,0.180358,0.181999,0.183749,0.186046,0.189874,0.193483,0.19753,0.20092,0.20628,0.210436,0.215249,0.220499,0.226405,0.233186,0.240077,0.247405,0.255061,0.262826,0.271905,0.280217,0.288858,0.298592,0.308764,0.319482,0.330092,0.34267,0.355248,0.36881,0.382263,0.398451,0.41617,0.437498,0.460357,0.487372,0.51931,0.555622,0.598606,0.648919,0.709949,0.781699,0.866246,0.965558,1.081713,1.2169,1.372212,1.547868,1.746273,1.968303,2.21374,2.482363,2.767175,3.069048,3.384485,3.704733,4.023231,4.332105,4.629604,4.905228,5.150227,5.359351,5.526475,5.649849,5.723349,5.741724,5.711974,5.638474,5.519475,5.360226,5.176476,4.968228,4.744229,4.502729,4.252481,4.003981,3.760733,3.522734,3.291735,3.081736,2.880487,2.693238,2.514738,2.353739,2.20324,2.06324,1.938991,1.821741,1.720242,1.625742,1.539993,1.462993,1.389493,1.326493,1.266994,1.212744,1.161994,1.118245,1.077995,1.039495,1.002745,0.967745,0.936245,0.904745,0.874996,0.846995,0.824246,0.799746,0.775246,0.752496,0.733246,0.715746,0.694747,0.677247,0.663246,0.647497,0.635247,0.621247,0.608997,0.600247,0.589747,0.579247,0.572247,0.561747,0.556497,0.549497,0.542497,0.538997,0.533747,0.526747,0.523247,0.517997,0.514497,0.510997,0.509247,0.503997,0.502247,0.502247,0.500497,0.496997,0.495248,0.496997,0.495247,0.493497,0.495248,0.493497,0.496997,0.496997,0.495248,0.496998,0.498747,0.496997,0.498747,0.500497,0.502247,0.503997,0.503997,0.505747,0.503998,0.505747,0.505747,0.507497,0.507497,0.507497,0.508372,0.509247,0.509247,0.512747,0.514497,0.516247,0.517997,0.519747,0.523247,0.528497,0.531997,0.531997,0.537247,0.542497,0.547747,0.549497,0.558247,0.563497,0.568747,0.575747,0.584497,0.591497,0.596747,0.605497,0.614247,0.624747,0.635247,0.645747,0.657997,0.671996,0.682497,0.698246,0.712246,0.726246,0.743746,0.761246,0.780496,0.801496,0.822496,0.843496,0.869746,0.892495,0.920496,0.950245,0.979995,1.013245,1.049995,1.086744,1.125245,1.163744,1.209244,1.256494,1.308994,1.361493,1.417493,1.480493,1.545243,1.613493,1.683492,1.760491,1.844491,1.933741,2.02649,2.12799,2.232989,2.344989,2.462238,2.586488,2.717738,2.857737,3.009986,3.165735,3.328485,3.501734,3.687233,3.876233,4.077481,4.28923,4.51323,4.751228,4.989227,5.242976,5.508975,5.783724,6.070722,6.362971,6.67097,6.985969,7.313217,7.643965,7.990464,8.343962,8.707961,9.07896,9.460458,9.841956,10.237454,10.646953,11.056451,11.469449,11.899947,12.323444,12.757442,13.184441,13.628939,14.073436,14.514435,14.962432,15.392932,15.840927,16.281927,16.722924,,20,0,0,0
0.181124,0.173249,0.161874,0.149186,0.145249,0.136061,0.131686,0.125343,0.119874,0.116155,0.109374,0.10653,0.104452,0.101608,0.09734332,0.095483944,0.093624584,0.092749592,0.090671472,0.089030856,0.087608984,0.085968368,0.086624616,0.085093376,0.084874624,0.084327744,0.083124632,0.083562128,0.083452752,0.08290588,0.082359008,0.082249632,0.08257776,0.083234008,0.083890248,0.08465588,0.085640248,0.085749616,0.085858992,0.086077744,0.087499608,0.089358976,0.0901246,0.090780848,0.093296464,0.095812072,0.096577696,0.097780816,0.101062,0.103468,0.107733,0.109702,0.113311,0.118671,0.12239,0.12578,0.130593,0.137046,0.143171,0.148202,0.154108,0.162639,0.17128,0.177733,0.183967,0.193374,0.202342,0.210545,0.217983,0.226842,0.237452,0.247076,0.254733,0.26392,0.274858,0.286342,0.295748,0.306686,0.320576,0.337529,0.351748,0.369904,0.393857,0.422076,0.453357,0.488138,0.532216,0.588763,0.654825,0.725153,0.809918,0.919183,1.043651,1.176651,1.327587,1.51068,1.718273,1.928928,2.146365,2.393114,2.65955,2.909361,3.138173,3.371797,3.609358,3.803607,3.945357,4.057356,4.155356,4.199981,4.175481,4.118606,4.040731,3.932232,3.782608,3.611108,3.440484,3.25936,3.060736,2.862112,2.674863,2.491988,2.310864,2.14549,1.993241,1.847116,1.709742,1.582867,1.469118,1.361493,1.261744,1.172494,1.09462,1.023745,0.95462,0.893371,0.841746,0.792746,0.746371,0.706121,0.668496,0.636997,0.606372,0.576622,0.552122,0.529372,0.505747,0.483872,0.462872,0.447123,0.429623,0.413873,0.397248,0.384998,0.371873,0.360498,0.348248,0.337748,0.328998,0.321998,0.313248,0.306248,0.301873,0.296623,0.291373,0.284373,0.281748,0.279998,0.274748,0.272123,0.269498,0.269498,0.267748,0.265998,0.264248,0.264248,0.264248,0.263373,0.2638105,0.263373,0.264248,0.264248,0.264248,0.265123,0.267748,0.267748,0.266873,0.269498,0.272998,0.275623,0.275623,0.276498,0.280873,0.284373,0.285248,0.285248,0.289623,0.293998,0.294873,0.296623,0.300123,0.303623,0.305373,0.304498,0.307123,0.311498,0.313248,0.314123,0.314998,0.320248,0.322873,0.325498,0.325498,0.329873,0.335123,0.337748,0.338623,0.345623,0.352623,0.355248,0.357873,0.363998,0.370998,0.375373,0.380623,0.388498,0.396373,0.403373,0.410373,0.417373,0.427873,0.438373,0.446248,0.455872,0.468997,0.482997,0.496122,0.505747,0.522372,0.539872,0.556497,0.571372,0.588872,0.612497,0.636122,0.657122,0.680746,0.709621,0.740246,0.769996,0.798871,0.835621,0.876745,0.918745,0.95637,1.002745,1.05612,1.110369,1.162869,1.220619,1.289744,1.364118,1.435868,1.509368,1.596868,1.694867,1.790241,1.887366,1.999366,2.125365,2.255739,2.383489,2.523489,2.686238,2.855987,3.019611,3.19636,3.398484,3.618108,3.828983,4.045981,4.294481,4.563979,4.828228,5.090726,5.382976,5.715474,6.039222,6.357722,6.695469,7.075218,7.461967,7.834714,8.212713,8.637961,9.085959,9.512958,9.932955,10.398453,10.888451,11.36095,11.822947,12.305945,12.841442,13.362939,13.852938,14.356935,14.913433,15.476931,15.987929,16.470925,17.016924,17.583918,18.115918,18.612918,19.151914,19.71191,20.25091,20.733908,21.223906,,20,0,0,0
0.191624,0.188124,0.178499,0.169749,0.164061,0.157936,0.155093,0.149624,0.14678,0.142843,0.138249,0.135843,0.132999,0.131468,0.130921,0.129171,0.126655,0.12578,0.125452,0.122936,0.121843,0.121077,0.12064,0.119327,0.119327,0.11889,0.119108,0.117905,0.117468,0.117577,0.11714,0.116593,0.116811,0.11714,0.117249,0.118015,0.118233,0.118233,0.118671,0.118671,0.119218,0.120421,0.121515,0.122499,0.123374,0.124905,0.125999,0.127421,0.12939,0.131249,0.133874,0.136171,0.138905,0.142186,0.144921,0.148749,0.152249,0.155968,0.160671,0.165264,0.170514,0.175874,0.181889,0.187796,0.194249,0.20103,0.208139,0.215795,0.223889,0.232967,0.242483,0.252655,0.262936,0.275076,0.288311,0.301764,0.317514,0.33556,0.356889,0.380513,0.407638,0.439029,0.47556,0.518763,0.568747,0.62759,0.697043,0.778418,0.871933,0.979776,1.104463,1.245775,1.404149,1.58243,1.778648,1.992803,2.223365,2.467926,2.725613,2.991174,3.260672,3.526234,3.786108,4.034606,4.262106,4.468605,4.645354,4.786228,4.887728,4.949852,4.969103,4.948978,4.888603,4.791478,4.672479,4.524604,4.352231,4.165856,3.965482,3.759858,3.551609,3.34511,3.142985,2.955736,2.776362,2.604863,2.445613,2.295114,2.15424,2.02824,1.909241,1.800742,1.703617,1.615242,1.535617,1.460368,1.392118,1.331744,1.274869,1.224119,1.175994,1.133119,1.09637,1.05962,1.02462,0.99312,0.962495,0.93362,0.903871,0.87762,0.853996,0.829496,0.807621,0.785746,0.765621,0.746371,0.726246,0.708746,0.691246,0.675497,0.661497,0.648372,0.635247,0.623872,0.612497,0.601122,0.590622,0.581872,0.572247,0.565247,0.557372,0.550372,0.542497,0.537247,0.529372,0.524122,0.517122,0.511872,0.507497,0.502247,0.499622,0.494372,0.489997,0.487372,0.482997,0.477747,0.474248,0.472497,0.469872,0.468123,0.465497,0.462872,0.461997,0.460247,0.456747,0.455872,0.454122,0.453248,0.453248,0.452373,0.451498,0.449748,0.449748,0.447998,0.446247,0.446247,0.445372,0.444497,0.445372,0.442747,0.443623,0.442748,0.442748,0.442747,0.443623,0.445373,0.447123,0.446248,0.447997,0.450622,0.454997,0.455873,0.456747,0.461998,0.464622,0.468122,0.472497,0.476872,0.482122,0.486497,0.492622,0.497872,0.503997,0.511872,0.519747,0.526747,0.535497,0.544247,0.553872,0.563497,0.573997,0.584497,0.597622,0.608997,0.624747,0.638747,0.655372,0.671121,0.689497,0.709621,0.727996,0.750746,0.773496,0.799746,0.825996,0.853996,0.883745,0.91437,0.94762,0.983495,1.020245,1.06137,1.10512,1.152369,1.202244,1.253869,1.310744,1.370243,1.433243,1.503243,1.575868,1.653742,1.735991,1.823492,1.916241,2.01424,2.11749,2.22949,2.344989,2.471864,2.601363,2.741362,2.887487,3.043236,3.20686,3.380984,3.564733,3.757233,3.956732,4.171981,4.39073,4.623479,4.861478,5.111727,5.372476,5.645474,5.925473,6.219472,6.520471,6.830219,7.148717,7.481216,7.815465,8.161964,8.525961,8.88996,9.271459,9.666957,10.058955,10.457953,10.870952,11.283948,11.703947,12.127445,12.568443,13.002442,13.429439,13.866937,14.297435,14.745434,,20,0,0,0
0.173249,0.165374,0.158374,0.149186,0.143499,0.139561,0.135405,0.131686,0.125999,0.121405,0.118343,0.116811,0.111562,0.110905,0.110249,0.107843,0.106749,0.10478,0.103687,0.102921,0.101499,0.100624,0.100187,0.099421432,0.097999568,0.098327688,0.09767144,0.097562064,0.097261286,0.097015192,0.096796448,0.096796448,0.097671448,0.098108944,0.097890192,0.098655808,0.098983928,0.09974956,0.100077,0.100952,0.101827,0.102921,0.104233,0.106312,0.107405,0.109265,0.111015,0.113093,0.11539,0.117905,0.120968,0.12414,0.128077,0.132015,0.136608,0.140874,0.145905,0.151483,0.156843,0.163405,0.170077,0.177296,0.185061,0.192608,0.200811,0.209342,0.21853,0.228045,0.237561,0.247952,0.25867,0.269498,0.280983,0.293014,0.305592,0.31992,0.334686,0.351639,0.371654,0.392873,0.418357,0.44756,0.481575,0.521388,0.568856,0.625731,0.693325,0.773496,0.866464,0.976714,1.104901,1.25365,1.422962,1.61568,1.831804,2.073303,2.335364,2.617988,2.921174,3.237048,3.559484,3.884107,4.206106,4.515855,4.801978,5.064477,5.293726,5.4801,5.616599,5.704099,5.741724,5.722474,5.654225,5.543975,5.400475,5.220226,5.010227,4.784479,4.541229,4.285731,4.031981,3.781732,3.533233,3.302235,3.081736,2.873487,2.677488,2.490239,2.322239,2.16299,2.01774,1.884741,1.765741,1.657242,1.553992,1.464743,1.382494,1.305494,1.237244,1.174244,1.118245,1.065744,1.018495,0.978245,0.937995,0.901245,0.866246,0.831246,0.803246,0.769996,0.745496,0.719246,0.694747,0.671997,0.649247,0.628247,0.610747,0.591497,0.573997,0.558247,0.544247,0.531997,0.519747,0.509247,0.496997,0.488247,0.479497,0.470748,0.463748,0.456747,0.449748,0.442748,0.437498,0.433998,0.428748,0.423497,0.419998,0.414748,0.411248,0.409498,0.405998,0.404248,0.400748,0.398998,0.395498,0.395498,0.393748,0.391998,0.390248,0.391998,0.390248,0.388498,0.388498,0.388498,0.390248,0.388498,0.390248,0.390248,0.390248,0.391998,0.391998,0.391998,0.391998,0.391998,0.391998,0.391998,0.393748,0.395498,0.395498,0.397248,0.398998,0.400748,0.400748,0.400748,0.404248,0.405998,0.411248,0.412998,0.418248,0.419998,0.423498,0.426998,0.430498,0.435747,0.440998,0.446247,0.451498,0.458497,0.463747,0.470747,0.477747,0.486497,0.495247,0.503997,0.516247,0.524997,0.533747,0.547747,0.556497,0.570497,0.582747,0.596747,0.610747,0.628247,0.643996,0.661497,0.680747,0.701746,0.720996,0.745496,0.768246,0.796246,0.822496,0.850496,0.881995,0.915245,0.948496,0.985245,1.023745,1.063995,1.107744,1.154994,1.205744,1.256494,1.314244,1.375493,1.438493,1.508493,1.578493,1.657242,1.741242,1.828741,1.924991,2.02299,2.12974,2.24174,2.358989,2.486738,2.621488,2.766737,2.915487,3.072985,3.240985,3.421234,3.606734,3.804483,4.016232,4.238481,4.46773,4.710979,4.966477,5.232476,5.505475,5.792474,6.088222,6.401471,6.721719,7.050718,7.393717,7.747215,8.102463,8.476962,8.86546,9.260958,9.670457,10.086954,10.520952,10.975951,11.423949,11.878946,12.347945,12.823943,13.306941,13.789939,14.286936,14.787434,15.280933,15.78493,16.281927,16.799924,,20,0,0,0
0.178499,0.173249,0.164499,0.157936,0.151811,0.147436,0.14328,0.140218,0.135843,0.133874,0.130374,0.126874,0.126436,0.123593,0.121186,0.120311,0.118343,0.117468,0.11703,0.115827,0.115171,0.114077,0.112765,0.113421,0.112108,0.11178,0.110905,0.11178,0.110687,0.110249,0.110358,0.109265,0.109812,0.11022175,0.110905,0.110905,0.111343,0.11178,0.111999,0.112655,0.113311,0.113968,0.11539,0.116702,0.117358,0.11889,0.120749,0.121624,0.123265,0.12589,0.127749,0.130374,0.133546,0.136499,0.139452,0.143499,0.147108,0.150718,0.15553,0.160343,0.164936,0.170405,0.176311,0.18178,0.188124,0.195233,0.201577,0.208358,0.217764,0.225748,0.234827,0.245655,0.256155,0.267748,0.280873,0.295201,0.310732,0.330092,0.35131,0.375263,0.404357,0.437935,0.475451,0.520403,0.573888,0.634919,0.706996,0.791324,0.886808,0.997276,1.123713,1.266119,1.422962,1.599492,1.790679,1.998053,2.221177,2.455238,2.697613,2.947424,3.19986,3.442234,3.680233,3.902482,4.104606,4.282231,4.43273,4.547354,4.626104,4.670729,4.671604,4.637479,4.566604,4.466855,4.342605,4.19648,4.032857,3.852607,3.665358,3.472859,3.27861,3.088736,2.904112,2.729113,2.564613,2.410614,2.263615,2.12624,2.000241,1.883866,1.774492,1.676492,1.588992,1.507618,1.434993,1.367618,1.307244,1.251244,1.200494,1.15412,1.11212,1.07362,1.03862,1.00537,0.974745,0.946745,0.917871,0.892495,0.867121,0.842621,0.820746,0.798871,0.778746,0.759496,0.741121,0.723621,0.706121,0.690371,0.675497,0.661497,0.649246,0.636997,0.625622,0.615997,0.604622,0.594997,0.585372,0.576622,0.567872,0.561747,0.554747,0.548622,0.542497,0.537247,0.530247,0.526747,0.519747,0.516247,0.513622,0.509247,0.505747,0.501372,0.500497,0.497872,0.492622,0.490872,0.489122,0.485622,0.485622,0.483872,0.482997,0.481247,0.480372,0.479497,0.478622,0.478622,0.476872,0.476872,0.47709075,0.4769266875,0.476872,0.476872,0.475997,0.473372,0.473372,0.471622,0.470748,0.470747,0.469872,0.469872,0.468122,0.468997,0.468123,0.468122,0.468997,0.469872,0.470747,0.473373,0.475997,0.475122,0.479497,0.482122,0.482997,0.487372,0.491747,0.494372,0.499622,0.503997,0.510122,0.513622,0.520622,0.526747,0.532872,0.540747,0.549497,0.558247,0.567872,0.577497,0.587122,0.597622,0.609872,0.621247,0.633497,0.648372,0.663247,0.678996,0.697371,0.712246,0.732371,0.752496,0.772621,0.796246,0.820746,0.846121,0.872371,0.901245,0.932745,0.96337,0.997495,1.03337,1.070995,1.11212,1.154994,1.200494,1.250369,1.301994,1.357993,1.415743,1.479618,1.545243,1.616117,1.693117,1.772742,1.856741,1.946866,2.039616,2.13849,2.24349,2.356364,2.472738,2.597863,2.727362,2.865611,3.010861,3.167485,3.326735,3.498234,3.678483,3.865732,4.063482,4.268231,4.48173,4.703979,4.934978,5.174726,5.423225,5.682224,5.948223,6.219472,6.502971,6.795219,7.097968,7.411216,7.731466,8.056963,8.392963,8.73596,9.08946,9.453458,9.820955,10.191955,10.573453,10.95145,11.336449,11.728447,12.127446,12.529943,12.935942,13.34544,13.754938,,20,0,0,0
0.221374,0.212624,0.200374,0.189874,0.185061,0.177186,0.171936,0.167124,0.161655,0.156624,0.15028,0.148968,0.146343,0.142405,0.14153,0.138249,0.137374,0.135624,0.133655,0.134093,0.131577,0.130374,0.129827,0.12939,0.128186,0.127421,0.127968,0.127311,0.125561,0.125124,0.125343,0.12589,0.125233,0.127311,0.125671,0.126765,0.127858,0.127749,0.12892475,0.129718,0.130374,0.130921,0.133327,0.134968,0.135296,0.138249,0.140108,0.141749,0.144921,0.147874,0.150171,0.154108,0.158811,0.163296,0.168108,0.174124,0.179046,0.184077,0.190967,0.197967,0.205733,0.214155,0.223124,0.230561,0.239858,0.249592,0.259326,0.268951,0.280654,0.290279,0.301873,0.314123,0.325607,0.337748,0.35131,0.365748,0.380185,0.398451,0.418466,0.44056,0.466701,0.496997,0.532982,0.575309,0.625294,0.686215,0.759496,0.843277,0.946089,1.06662,1.205088,1.366306,1.555086,1.76246,1.996741,2.264489,2.546676,2.851174,3.18411,3.521859,3.864857,4.220106,4.559604,4.872853,5.179976,5.449475,5.664724,5.849349,5.981473,6.042722,6.058473,6.025223,5.921974,5.781973,5.615725,5.402226,5.167727,4.920978,4.653229,4.38198,4.112481,3.846482,3.587483,3.347735,3.120235,2.903237,2.703737,2.511238,2.337989,2.18049,2.02824,1.891741,1.774492,1.660742,1.559243,1.468243,1.385993,1.307243,1.240744,1.179494,1.116494,1.067495,1.021995,0.976495,0.939745,0.901245,0.862746,0.831246,0.801496,0.771746,0.743746,0.717496,0.692996,0.668496,0.649247,0.626497,0.605497,0.587997,0.573997,0.556497,0.542497,0.531997,0.517997,0.505747,0.498747,0.486497,0.475997,0.470748,0.460247,0.453248,0.447997,0.442748,0.435747,0.430498,0.426998,0.419998,0.416498,0.412998,0.409498,0.407748,0.405998,0.402498,0.398998,0.398998,0.397248,0.395498,0.393748,0.395498,0.3950605,0.395498,0.395498,0.395498,0.395498,0.395498,0.393748,0.395498,0.397248,0.397248,0.398998,0.400748,0.402498,0.400748,0.404248,0.404248,0.4038105,0.403263625,0.402498,0.402498,0.402498,0.405998,0.405998,0.405998,0.407748,0.405998,0.409498,0.412998,0.416498,0.416498,0.419998,0.423498,0.426997,0.432248,0.433998,0.439248,0.444497,0.451497,0.454997,0.461997,0.467247,0.474247,0.482998,0.495247,0.502247,0.509247,0.521497,0.531997,0.540747,0.554747,0.568747,0.579247,0.593247,0.610747,0.626497,0.642246,0.661496,0.680746,0.701746,0.726246,0.748996,0.773496,0.799746,0.831246,0.859245,0.894246,0.930995,0.965995,1.006245,1.048245,1.093744,1.137494,1.189994,1.245994,1.303744,1.364994,1.433243,1.503243,1.574993,1.662492,1.746492,1.837491,1.937241,2.04399,2.15424,2.274989,2.406239,2.532238,2.677488,2.833237,2.987236,3.155236,3.345985,3.527984,3.725733,3.949731,4.170231,4.39598,4.660229,4.920978,5.179976,5.477475,5.781974,6.074223,6.403221,6.75147,7.076968,7.432217,7.822464,8.182963,8.564462,8.991459,9.393959,9.803456,10.265453,10.702951,11.140449,11.630448,12.106446,12.564944,13.079442,13.590439,14.055936,14.573936,15.098932,15.571431,16.050928,16.589927,17.065924,17.56992,18.10192,18.577914,,20,0,0,0
0.163624,0.154874,0.147874,0.139561,0.133874,0.128624,0.12578,0.120093,0.117249,0.11528,0.109812,0.109155,0.106312,0.104999,0.102155,0.101062,0.100187,0.09854644,0.09854644,0.097015192,0.0952652,0.094608952,0.09460896,0.094499576,0.093843334,0.092968336,0.093296464,0.09285896,0.092640216,0.091546464,0.091546464,0.09198396,0.092202712,0.09285896,0.092968344,0.09340584,0.093952704,0.094499584,0.095374576,0.095812072,0.09646832,0.097999568,0.099093312,0.10128,0.102374,0.104015,0.105437,0.108062,0.110249,0.112765,0.116265,0.119765,0.123593,0.127311,0.132015,0.136936,0.141858,0.147327,0.153999,0.160452,0.167889,0.175983,0.184405,0.193702,0.20267,0.212514,0.222905,0.234061,0.246092,0.258998,0.272123,0.286889,0.302201,0.31817,0.336107,0.355795,0.377451,0.401513,0.429623,0.461779,0.49831,0.539872,0.589309,0.647606,0.71509,0.794605,0.889214,1.000339,1.129619,1.277494,1.450743,1.648055,1.869866,2.120115,2.398801,2.707675,3.039736,3.391922,3.768608,4.162356,4.562229,4.962103,5.361101,5.751349,6.116223,6.452221,6.75672,7.019218,7.223967,7.376217,7.468967,7.507466,7.481216,7.395466,7.265967,7.089218,6.868719,6.611471,6.326221,6.025222,5.706724,5.384726,5.064477,4.761728,4.46598,4.182481,3.914732,3.660983,3.422984,3.204235,3.001236,2.813987,2.644238,2.491988,2.348489,2.21899,2.09999,1.991491,1.893491,1.804242,1.720242,1.648492,1.581993,1.518993,1.461243,1.406993,1.356243,1.307244,1.259994,1.217994,1.175994,1.137494,1.102494,1.065745,1.032495,1.000995,0.969495,0.939746,0.913495,0.887246,0.864496,0.841746,0.822496,0.801496,0.783996,0.768246,0.752496,0.736747,0.720996,0.708746,0.696496,0.684246,0.673747,0.663247,0.650997,0.643997,0.631747,0.622996,0.615997,0.608997,0.601997,0.594997,0.587997,0.582747,0.573997,0.570497,0.563497,0.558247,0.554747,0.547747,0.545997,0.540747,0.537247,0.531997,0.531997,0.526747,0.524998,0.523247,0.519747,0.516247,0.516247,0.512748,0.510997,0.507497,0.503997,0.502247,0.498747,0.498747,0.496997,0.493497,0.493497,0.491747,0.489997,0.488248,0.486497,0.488247,0.486497,0.488248,0.489997,0.488247,0.489997,0.488248,0.489997,0.493497,0.495247,0.496997,0.500497,0.503997,0.505747,0.510997,0.514497,0.517997,0.523247,0.530247,0.537247,0.542497,0.551247,0.558247,0.565247,0.575747,0.582747,0.593247,0.605496,0.615997,0.628247,0.640497,0.654497,0.668497,0.685996,0.701746,0.719246,0.740246,0.761246,0.782246,0.806746,0.831246,0.855746,0.881996,0.913495,0.944995,0.978245,1.013245,1.053495,1.091995,1.135745,1.182995,1.230244,1.282744,1.336993,1.396493,1.459493,1.531242,1.602992,1.676492,1.756992,1.844491,1.935491,2.029991,2.13149,2.24174,2.357239,2.477988,2.605738,2.742238,2.887487,3.037986,3.198985,3.370485,3.550733,3.737982,3.935732,4.143981,4.36098,4.581479,4.817728,5.059227,5.316476,5.575475,5.846724,6.131972,6.413721,6.711219,7.015718,7.328968,7.657965,7.990464,8.333462,8.690461,9.047459,9.421958,9.799956,10.184955,10.576953,10.972451,11.388949,11.805448,12.221945,12.641943,13.068941,13.516939,,30,0,0,0
0.217874,0.208249,0.199499,0.187686,0.182436,0.178499,0.172374,0.168436,0.165374,0.158811,0.157499,0.154218,0.149624,0.147436,0.146343,0.144374,0.142624,0.141421,0.140983,0.139452,0.138468,0.136827,0.13639,0.135077,0.135405,0.134421,0.13464,0.133765,0.133874,0.133655,0.132124,0.132452,0.133436,0.133874,0.134093,0.135186,0.135843,0.136061,0.136171,0.137155,0.138686,0.139999,0.142624,0.144046,0.145796,0.148421,0.150389,0.152905,0.156077,0.159358,0.162968,0.167889,0.17303,0.177842,0.183202,0.189217,0.195452,0.20267,0.20978,0.218202,0.226623,0.236248,0.24642,0.256811,0.267748,0.278795,0.291154,0.303951,0.317842,0.332279,0.348685,0.36542,0.383467,0.403263,0.425029,0.449419,0.476544,0.508263,0.543591,0.585809,0.633059,0.68884,0.754684,0.830589,0.920495,1.025495,1.147994,1.291494,1.456212,1.64368,1.855429,2.09474,2.361176,2.65255,2.969736,3.313172,3.674983,4.053857,4.440605,4.831728,5.221101,5.598224,5.955223,6.286846,6.585221,6.845969,7.055968,7.213467,7.314967,7.362216,7.349967,7.281717,7.159217,6.994718,6.793469,6.55897,6.299971,6.021723,5.725974,5.424976,5.123977,4.829978,4.544729,4.273481,4.016231,3.774733,3.547234,3.330235,3.132485,2.945237,2.777238,2.617988,2.477989,2.348489,2.231239,2.12274,2.019491,1.928491,1.842742,1.765742,1.695742,1.629242,1.569743,1.513743,1.459493,1.408743,1.361493,1.314244,1.272244,1.228494,1.191744,1.154994,1.119994,1.086745,1.051745,1.023745,0.992245,0.964245,0.937995,0.915245,0.894246,0.871496,0.850496,0.831246,0.811996,0.794496,0.778746,0.762996,0.748996,0.736746,0.720996,0.710496,0.696496,0.685997,0.675497,0.664997,0.654496,0.645747,0.638747,0.628247,0.622996,0.614247,0.607247,0.600247,0.594997,0.587997,0.580997,0.575747,0.572247,0.568747,0.563497,0.559997,0.556497,0.551247,0.547747,0.544247,0.540747,0.538997,0.535497,0.533747,0.528497,0.526747,0.523247,0.517997,0.517997,0.514497,0.510997,0.509247,0.509247,0.505747,0.503997,0.502247,0.500498,0.498747,0.496997,0.496997,0.498747,0.496997,0.498747,0.496997,0.498747,0.498747,0.500497,0.503997,0.507497,0.509247,0.510997,0.514497,0.517997,0.523247,0.528497,0.531997,0.537247,0.544247,0.549497,0.556497,0.563497,0.573997,0.579247,0.589747,0.598497,0.608997,0.621247,0.631747,0.647496,0.659747,0.673746,0.687746,0.705246,0.722746,0.736746,0.761246,0.782246,0.804996,0.827746,0.850496,0.878496,0.908245,0.936246,0.969495,1.002745,1.039495,1.077995,1.118245,1.161994,1.205744,1.256494,1.307244,1.361494,1.422743,1.487492,1.550493,1.623993,1.695742,1.777992,1.861991,1.949491,2.04224,2.14374,2.24874,2.357239,2.477988,2.603989,2.733488,2.869987,3.015236,3.165736,3.331984,3.499984,3.678483,3.865732,4.056482,4.26123,4.46948,4.689979,4.915727,5.151976,5.396976,5.645475,5.904473,6.166972,6.438221,6.714719,7.003469,7.297467,7.601966,7.906464,8.221463,8.543461,8.87596,9.204959,9.547958,9.890956,10.247955,10.601454,10.97245,11.35045,11.724947,12.109946,12.498445,,30,0,0,0
0.221374,0.215249,0.203874,0.196874,0.186811,0.181999,0.178717,0.171499,0.167561,0.164499,0.160999,0.155311,0.155311,0.151593,0.148749,0.14678,0.14503,0.145905,0.143936,0.14153,0.140764,0.138577,0.138905,0.137702,0.137483,0.136827,0.136171,0.136499,0.135843,0.135077,0.134749,0.135515,0.135186,0.135624,0.135952,0.136827,0.137593,0.13814,0.138905,0.140218,0.140764,0.142405,0.143827,0.146014,0.148421,0.150389,0.152249,0.155093,0.158264,0.161436,0.165593,0.169749,0.174889,0.180358,0.185827,0.191514,0.197967,0.205295,0.212733,0.220827,0.229905,0.239967,0.249811,0.260201,0.271467,0.283498,0.295967,0.308107,0.322654,0.338514,0.354701,0.372201,0.390576,0.410373,0.433341,0.457732,0.484529,0.517122,0.554091,0.596309,0.643778,0.698793,0.765184,0.841308,0.930558,1.034682,1.157401,1.299806,1.461681,1.644992,1.854554,2.092553,2.354614,2.639425,2.951799,3.292172,3.649609,4.024107,4.403855,4.797603,5.185227,5.566725,5.920223,6.262347,6.57122,6.835469,7.050718,7.225717,7.344717,7.402467,7.395466,7.341216,7.234467,7.076968,6.880969,6.64997,6.392721,6.112722,5.815223,5.508975,5.204476,4.905228,4.609479,4.33473,4.073981,3.823733,3.589234,3.370485,3.167486,2.981986,2.806987,2.647738,2.507738,2.378239,2.257489,2.14899,2.04924,1.956491,1.872491,1.795491,1.723742,1.660742,1.602992,1.545243,1.492743,1.443743,1.396493,1.352744,1.308994,1.266994,1.228494,1.191744,1.158495,1.123495,1.093745,1.060495,1.030745,1.002745,0.978245,0.951995,0.929245,0.908245,0.890746,0.869746,0.850496,0.834746,0.817246,0.801496,0.787496,0.773496,0.762996,0.748996,0.736746,0.726246,0.715746,0.705246,0.694747,0.684247,0.677246,0.668497,0.661497,0.654496,0.647496,0.640497,0.633497,0.628247,0.621247,0.617746,0.612497,0.607247,0.603747,0.598497,0.594997,0.591497,0.586247,0.584497,0.580997,0.577497,0.575747,0.572247,0.570497,0.566997,0.563497,0.558247,0.556497,0.552997,0.551247,0.547747,0.547747,0.544247,0.540747,0.538997,0.537247,0.537247,0.537247,0.535497,0.535497,0.535497,0.535497,0.535497,0.535497,0.537248,0.540747,0.540747,0.544247,0.545997,0.549497,0.552997,0.556497,0.559997,0.563497,0.570497,0.575747,0.580997,0.589747,0.596747,0.605497,0.612497,0.619497,0.631747,0.640497,0.652747,0.663247,0.675497,0.691246,0.705246,0.722746,0.736746,0.755996,0.775246,0.792746,0.815496,0.839996,0.864496,0.890745,0.916995,0.946745,0.979995,1.011495,1.046495,1.084995,1.125244,1.168994,1.214494,1.263494,1.312493,1.368493,1.426243,1.487493,1.557493,1.627492,1.704492,1.783241,1.868991,1.959991,2.057991,2.15774,2.26624,2.379989,2.504238,2.630238,2.766737,2.908487,3.062486,3.221735,3.389735,3.566483,3.757233,3.954982,4.156231,4.37323,4.598979,4.836978,5.080227,5.328726,5.594725,5.871223,6.147722,6.434721,6.737469,7.041967,7.356966,7.675465,7.997464,8.343963,8.686961,9.033458,9.390457,9.757957,10.132455,10.503453,10.881451,11.26645,11.665448,12.064446,12.459945,12.872943,13.29294,13.70244,14.111934,,30,0,0,0
0.202999,0.195124,0.183749,0.176749,0.167999,0.161436,0.154874,0.150718,0.143936,0.140874,0.135843,0.133436,0.129936,0.12578,0.125124,0.123155,0.121405,0.120202,0.118671,0.116811,0.114624,0.114843,0.11364,0.113312,0.112655,0.113749,0.112218,0.112436,0.11221775,0.111999,0.112218,0.112546,0.112983,0.114405,0.114733,0.115718,0.116265,0.117905,0.118999,0.12053,0.121843,0.12403,0.126436,0.128624,0.131686,0.134421,0.13814,0.14153,0.145686,0.150389,0.155858,0.161764,0.16778,0.174889,0.182327,0.190639,0.19928,0.208249,0.218311,0.229686,0.24117,0.253748,0.266436,0.280655,0.294326,0.308764,0.324295,0.340264,0.356779,0.373732,0.392326,0.411576,0.431701,0.45281,0.476107,0.502357,0.530685,0.563169,0.600356,0.644434,0.694418,0.753262,0.822058,0.904089,1.002308,1.117151,1.25365,1.414649,1.602117,1.815179,2.061928,2.342802,2.65605,3.002986,3.384485,3.797482,4.23498,4.689104,5.159852,5.636725,6.110972,6.56772,6.998219,7.400716,7.757716,8.065713,8.312462,8.497962,8.606462,8.639711,8.595961,8.489212,8.314213,8.074464,7.799714,7.484716,7.138218,6.765469,6.38397,5.998972,5.615724,5.242976,4.885978,4.55348,4.240231,3.947982,3.674983,3.419484,3.183236,2.966237,2.768487,2.586488,2.423739,2.276739,2.14024,2.017741,1.903991,1.802491,1.706242,1.623992,1.543492,1.471743,1.408743,1.345743,1.291494,1.235494,1.184744,1.137494,1.091995,1.048245,1.006245,0.971245,0.934495,0.897746,0.867996,0.836496,0.806746,0.782246,0.755996,0.733246,0.712246,0.692996,0.675497,0.656246,0.640497,0.626497,0.612497,0.600247,0.586247,0.577497,0.566997,0.558247,0.549497,0.540747,0.531997,0.523247,0.517997,0.510997,0.505747,0.498747,0.495247,0.489997,0.484747,0.481247,0.474247,0.470748,0.465497,0.463747,0.463747,0.460247,0.458498,0.454997,0.453248,0.449748,0.449747,0.447997,0.447997,0.446248,0.446248,0.444497,0.446248,0.442747,0.442747,0.440998,0.439248,0.439247,0.439248,0.439248,0.440998,0.437498,0.440998,0.439247,0.442747,0.442747,0.444498,0.446248,0.449748,0.449747,0.453248,0.456747,0.461998,0.463747,0.468998,0.472497,0.475998,0.482997,0.488247,0.493497,0.500497,0.507497,0.516247,0.524998,0.531997,0.542497,0.552997,0.565247,0.575747,0.584497,0.598497,0.610747,0.626497,0.642247,0.656247,0.675496,0.694747,0.713996,0.733246,0.757746,0.778746,0.806746,0.831246,0.860996,0.890746,0.925745,0.960745,0.997495,1.035995,1.077995,1.123495,1.168994,1.221494,1.275744,1.335244,1.396493,1.461243,1.532993,1.608242,1.686992,1.772741,1.868991,1.96524,2.07374,2.183989,2.304739,2.430739,2.563738,2.705487,2.855987,3.022236,3.191985,3.370485,3.566484,3.769483,3.982982,4.20873,4.44673,4.698729,4.959477,5.234226,5.522975,5.820474,6.130222,6.453971,6.784719,7.129469,7.475966,7.839964,8.214463,8.595963,8.984459,9.383458,9.799956,10.223454,10.653952,11.09145,11.539449,12.011947,12.480944,12.956943,13.443439,13.929936,14.419935,14.916935,15.427929,15.931928,16.435928,16.925924,17.42992,17.91292,18.416918,,30,0,0,0
0.196874,0.189874,0.175874,0.165811,0.157061,0.149624,0.142186,0.13978,0.133436,0.128405,0.122499,0.118561,0.115936,0.111343,0.11003,0.109046,0.107405,0.103796,0.104015,0.103577,0.101827,0.099968304,0.100187,0.099749552,0.100077,0.099093312,0.099421432,0.099530808,0.099858936,0.100487686,0.101171,0.10139,0.102702,0.104671,0.105327,0.106421,0.109265,0.111233,0.112983,0.115171,0.118124,0.12064,0.124358,0.128515,0.132015,0.136061,0.141968,0.147546,0.152905,0.160233,0.167889,0.175764,0.186483,0.195999,0.206717,0.21842,0.231108,0.243577,0.258451,0.273873,0.289076,0.306139,0.323529,0.341467,0.358967,0.378107,0.39692,0.415623,0.43706,0.457294,0.478622,0.501591,0.525325,0.550481,0.578372,0.608559,0.641262,0.680965,0.726465,0.776777,0.838902,0.91262,0.997714,1.100963,1.223244,1.36565,1.535618,1.735117,1.964366,2.226865,2.528301,2.862987,3.235298,3.643483,4.075731,4.540354,5.024227,5.5151,6.006848,6.494221,6.957968,7.381467,7.768215,8.095464,8.354461,8.553962,8.676461,8.716711,8.679961,8.569712,8.380712,8.133963,7.834715,7.489965,7.127717,6.75147,6.357722,5.963973,5.573724,5.193976,4.829978,4.48348,4.156231,3.855232,3.576984,3.317985,3.078236,2.854236,2.649487,2.462238,2.288989,2.13149,1.991491,1.865492,1.748242,1.643242,1.548742,1.459493,1.380743,1.305494,1.235494,1.175994,1.119994,1.067495,1.020245,0.972995,0.929246,0.885496,0.846996,0.810246,0.776996,0.745496,0.715746,0.687747,0.661497,0.638747,0.615997,0.594997,0.575747,0.559997,0.542497,0.528497,0.516247,0.503997,0.491747,0.481248,0.470747,0.461998,0.451498,0.446248,0.437498,0.432248,0.425248,0.419997,0.416498,0.411247,0.405997,0.400748,0.397248,0.395498,0.390248,0.388498,0.384998,0.383248,0.377998,0.377998,0.372748,0.372748,0.370998,0.369247,0.369248,0.367498,0.367498,0.365748,0.365748,0.365748,0.363998,0.365748,0.367498,0.367498,0.369248,0.369248,0.369248,0.370998,0.372748,0.372748,0.376248,0.377998,0.381498,0.381498,0.383248,0.386748,0.390248,0.391998,0.395498,0.400748,0.405998,0.409498,0.412997,0.419997,0.425247,0.428748,0.435747,0.442747,0.447997,0.456747,0.465497,0.470747,0.481247,0.489997,0.500498,0.510997,0.521497,0.533747,0.545997,0.561747,0.575747,0.591497,0.608997,0.624747,0.645747,0.663247,0.682497,0.708746,0.729747,0.754247,0.783996,0.813746,0.841746,0.874996,0.909995,0.950245,0.990495,1.035995,1.081495,1.130495,1.184744,1.240744,1.301994,1.364994,1.434993,1.510243,1.588993,1.672992,1.763992,1.863741,1.966991,2.07899,2.19974,2.329239,2.469239,2.617988,2.773737,2.941737,3.121985,3.310985,3.510484,3.723983,3.953232,4.191231,4.450229,4.717979,4.997977,5.297225,5.608725,5.941223,6.282471,6.64297,7.012218,7.395468,7.794466,8.203962,8.623961,9.057958,9.495457,9.939955,10.412454,10.88495,11.360949,11.857946,12.354945,12.869442,13.39094,13.926437,14.461935,15.011432,15.53293,16.092928,16.652926,17.219922,17.76592,18.325916,18.892914,19.42491,19.97091,20.509906,21.034904,21.559902,22.0779,22.5889,,30,0,0,0
0.174124,0.165374,0.155749,0.148311,0.139561,0.136061,0.131468,0.127749,0.123811,0.12053,0.116374,0.112983,0.110358,0.109483,0.106312,0.105655,0.104124,0.102812,0.101827,0.101937,0.099202688,0.098983928,0.099093304,0.096687072,0.096358944,0.096030822,0.095812072,0.0963316015,0.096905816,0.096577696,0.095593328,0.096905816,0.097890192,0.097124568,0.098874568,0.099858936,0.099530808,0.10139,0.102702,0.10314,0.104562,0.10653,0.107843,0.109812,0.112874,0.114515,0.117686,0.12064,0.123702,0.126983,0.131905,0.135952,0.140655,0.146889,0.152468,0.158046,0.165046,0.171936,0.179483,0.188671,0.197202,0.206389,0.216889,0.227827,0.23778,0.250358,0.263155,0.274858,0.289623,0.304608,0.320248,0.336982,0.35492,0.373295,0.394732,0.417263,0.441654,0.470638,0.503013,0.538778,0.58045,0.629231,0.684465,0.749762,0.825121,0.912402,1.016089,1.136182,1.273338,1.431056,1.613055,1.814741,2.04224,2.297302,2.572051,2.874799,3.199423,3.538484,3.892857,4.255981,4.619104,4.974352,5.318226,5.634974,5.921098,6.177472,6.383971,6.537971,6.64647,6.69372,6.68147,6.62022,6.50472,6.345472,6.156471,5.932473,5.683974,5.419725,5.143227,4.859728,4.577979,4.303231,4.033732,3.785232,3.548983,3.326734,3.118486,2.922487,2.742237,2.575988,2.421989,2.280239,2.15424,2.03874,1.933741,1.835742,1.748241,1.667742,1.592492,1.524243,1.461243,1.405243,1.352743,1.303744,1.258244,1.214494,1.174244,1.135744,1.095494,1.062245,1.027245,0.995745,0.965995,0.936246,0.909995,0.883746,0.859245,0.834745,0.813746,0.794496,0.775246,0.757746,0.741996,0.724497,0.712246,0.698246,0.685996,0.671996,0.659746,0.650997,0.640497,0.633497,0.622997,0.612497,0.605497,0.600247,0.589747,0.584497,0.575747,0.570497,0.566997,0.559997,0.554747,0.549497,0.542497,0.538997,0.533747,0.531997,0.524998,0.523247,0.519747,0.516247,0.514497,0.509247,0.505747,0.503997,0.502247,0.502247,0.500498,0.498747,0.498747,0.498747,0.495248,0.495247,0.4943725,0.493497,0.493498,0.493497,0.493497,0.493497,0.493497,0.493498,0.493497,0.496997,0.495248,0.500497,0.502247,0.503997,0.507497,0.509247,0.512747,0.516247,0.521497,0.523247,0.530247,0.535497,0.540747,0.547747,0.554747,0.561747,0.570497,0.577497,0.586247,0.598497,0.608997,0.619497,0.631747,0.645747,0.659747,0.673747,0.691246,0.706997,0.726246,0.748996,0.768246,0.789246,0.815496,0.839996,0.864496,0.894246,0.925745,0.958995,0.993995,1.032495,1.070994,1.112995,1.156744,1.202244,1.254744,1.303744,1.361493,1.420993,1.485743,1.553993,1.623993,1.702742,1.779742,1.867241,1.956491,2.05274,2.15599,2.264489,2.378239,2.498989,2.624987,2.756237,2.894487,3.039736,3.191985,3.354735,3.522734,3.699483,3.886732,4.082731,4.28573,4.49748,4.721478,4.952478,5.192227,5.442475,5.703224,5.965723,6.242222,6.52922,6.817969,7.122467,7.426967,7.738465,8.056964,8.396463,8.728962,9.071959,9.428957,9.792956,10.160453,10.538452,10.926951,11.322449,11.728448,12.137945,12.554443,12.977941,13.397941,13.828438,14.258934,14.671934,15.112933,15.56093,16.001928,16.449925,,30,0,0,0
0.196874,0.188999,0.180249,0.170624,0.164936,0.157936,0.151811,0.149843,0.144374,0.139124,0.134749,0.13278,0.130593,0.128624,0.125999,0.12403,0.12403,0.122061,0.121077,0.120311,0.118452,0.118233,0.117686,0.116483,0.116374,0.116374,0.116265,0.116265,0.115718,0.115608,0.116155,0.116265,0.117249,0.118124,0.11878,0.119983,0.121077,0.122827,0.12414,0.12578,0.127421,0.129499,0.132671,0.134858,0.13803,0.140874,0.144811,0.149077,0.153452,0.158483,0.164389,0.171061,0.178171,0.185499,0.194467,0.203436,0.21328,0.22378,0.234936,0.247951,0.260967,0.275076,0.289733,0.305592,0.322217,0.339279,0.357107,0.376138,0.396373,0.418138,0.440451,0.464951,0.49131,0.519419,0.550481,0.585591,0.624856,0.669918,0.721653,0.781809,0.851152,0.932964,1.028339,1.140557,1.273338,1.427993,1.608461,1.816491,2.057115,2.330989,2.637675,2.981986,3.36086,3.778233,4.224481,4.700479,5.198352,5.713724,6.234347,6.75147,7.265966,7.757715,8.223213,8.643212,9.022959,9.357208,9.623207,9.822706,9.952205,10.009956,9.990705,9.897956,9.742206,9.523458,9.260959,8.94596,8.594212,8.217964,7.813715,7.395467,6.977219,6.56422,6.159972,5.780224,5.416226,5.073227,4.747728,4.44148,4.154481,3.891982,3.650483,3.424734,3.226985,3.043236,2.873487,2.719488,2.577738,2.448238,2.329239,2.22249,2.12449,2.035241,1.95299,1.875991,1.804242,1.737742,1.672992,1.613492,1.555742,1.499742,1.448993,1.399994,1.354494,1.310744,1.268744,1.226744,1.189994,1.153244,1.121744,1.088495,1.062245,1.034245,1.009745,0.985245,0.962495,0.943246,0.922245,0.902996,0.885495,0.869746,0.855745,0.839996,0.825996,0.813746,0.799746,0.789246,0.778746,0.764746,0.759496,0.748997,0.740246,0.731496,0.724496,0.713996,0.706997,0.701746,0.692996,0.687746,0.682496,0.677246,0.671996,0.666747,0.661497,0.656246,0.652747,0.647496,0.645747,0.642246,0.638747,0.635247,0.633497,0.629997,0.626497,0.622997,0.621247,0.617747,0.615997,0.614247,0.614247,0.610747,0.607247,0.608997,0.607247,0.605497,0.605497,0.605497,0.606372,0.607247,0.607247,0.608997,0.610747,0.610747,0.612497,0.615997,0.617746,0.619497,0.622996,0.629996,0.633497,0.636997,0.642247,0.649246,0.656247,0.663246,0.670247,0.678996,0.685997,0.696496,0.705247,0.717496,0.726246,0.736746,0.752496,0.766496,0.782246,0.796246,0.813746,0.832996,0.852246,0.871496,0.894246,0.918745,0.943245,0.969495,1.000995,1.028995,1.062245,1.097244,1.132245,1.172495,1.212744,1.259994,1.305493,1.356244,1.410494,1.468243,1.525992,1.592493,1.662492,1.735992,1.816492,1.902241,1.99149,2.08424,2.18749,2.294239,2.404489,2.525239,2.652988,2.789487,2.932986,3.085236,3.242735,3.414234,3.590983,3.776483,3.975982,4.187731,4.402979,4.632229,4.870228,5.116976,5.375976,5.634974,5.909724,6.194973,6.481971,6.786469,7.087467,7.405966,7.727964,8.060464,8.392961,8.74296,9.099958,9.460458,9.831456,10.212954,10.601453,10.989951,11.381948,11.787948,12.193945,12.603443,13.009441,13.443439,13.866938,14.279934,14.699934,15.119934,,40,0,0,0
0.179374,0.174124,0.160999,0.155311,0.149624,0.141749,0.139343,0.135405,0.129061,0.125999,0.123155,0.119874,0.116811,0.115718,0.113968,0.112655,0.112218,0.110468,0.107733,0.108171,0.107187,0.105765,0.104124,0.104343,0.104124,0.1040695,0.103864375,0.103687,0.103577,0.10303,0.104015,0.103577,0.103905,0.105218,0.106202,0.106858,0.108062,0.108718,0.109483,0.111233,0.112218,0.114733,0.11703,0.11878,0.121515,0.124249,0.127202,0.130593,0.13453,0.138577,0.143936,0.149405,0.154983,0.161655,0.168546,0.175983,0.184405,0.193483,0.20267,0.213499,0.225202,0.236905,0.249811,0.263045,0.277483,0.292358,0.307889,0.324514,0.342342,0.360935,0.381388,0.403482,0.42656,0.451497,0.478732,0.509575,0.543372,0.582966,0.627809,0.679106,0.738934,0.808058,0.888558,0.982839,1.094838,1.225213,1.376368,1.551805,1.753929,1.984491,2.243927,2.535301,2.859924,3.21736,3.602358,4.018857,4.45723,4.914853,5.383851,5.855474,6.328846,6.786469,7.225718,7.635216,8.009714,8.349213,8.634461,8.85846,9.022959,9.126209,9.16296,9.127959,9.02996,8.879461,8.679962,8.431462,8.140963,7.822464,7.474216,7.106718,6.73397,6.357721,5.988473,5.636725,5.297226,4.975227,4.663729,4.37148,4.098481,3.844732,3.610233,3.393235,3.197235,3.018736,2.854236,2.703737,2.565488,2.437738,2.322239,2.218989,2.12099,2.03524,1.954741,1.881241,1.812992,1.748242,1.683492,1.627492,1.573242,1.518993,1.469993,1.424493,1.378993,1.336994,1.294993,1.258244,1.217994,1.184744,1.151495,1.119994,1.091995,1.065745,1.041245,1.016745,0.995745,0.974745,0.953745,0.934495,0.916996,0.899496,0.885495,0.869746,0.855746,0.843496,0.831246,0.818996,0.806746,0.794496,0.785746,0.776996,0.766496,0.759496,0.750746,0.740246,0.733246,0.726246,0.719246,0.710496,0.705246,0.699997,0.694747,0.689496,0.684246,0.678997,0.673747,0.668497,0.666747,0.663247,0.659747,0.656247,0.652747,0.650996,0.643997,0.642247,0.638746,0.636997,0.633497,0.631747,0.629997,0.628247,0.626497,0.624747,0.621247,0.619497,0.621247,0.621247,0.621247,0.621247,0.621247,0.621247,0.622997,0.624747,0.626497,0.628247,0.631747,0.635246,0.636997,0.642246,0.647496,0.650997,0.656247,0.661497,0.666747,0.675496,0.684246,0.689496,0.699997,0.708746,0.717497,0.729746,0.738496,0.748996,0.762996,0.776996,0.790996,0.806746,0.824246,0.839996,0.859245,0.878496,0.899496,0.920495,0.948496,0.971245,0.999245,1.027245,1.056995,1.088495,1.121745,1.158495,1.196994,1.240744,1.284494,1.328244,1.377244,1.427993,1.482243,1.543492,1.606492,1.672993,1.746492,1.821741,1.900491,1.987991,2.07549,2.17174,2.271489,2.379989,2.493738,2.612738,2.742238,2.876987,3.015236,3.165735,3.321485,3.491234,3.664483,3.851732,4.044232,4.254231,4.462479,4.681229,4.912228,5.150227,5.396975,5.654225,5.913223,6.189722,6.464472,6.747969,7.038469,7.339467,7.650966,7.969463,8.291463,8.62396,8.96346,9.309958,9.659957,10.023955,10.391454,10.758952,11.129949,11.511449,11.889448,12.284945,12.666444,13.058441,13.450439,13.852936,,40,0,0,0
0.325498,0.307998,0.300998,0.290498,0.281748,0.271248,0.267748,0.260748,0.253748,0.250248,0.244998,0.241498,0.236248,0.234498,0.232748,0.229248,0.227498,0.225749,0.223999,0.222249,0.220499,0.216999,0.216999,0.216999,0.216999,0.216999,0.216124,0.215249,0.215249,0.215249,0.215249,0.214374,0.213499,0.214374,0.215249,0.215249,0.216124,0.216124,0.216999,0.218749,0.218749,0.220061,0.222686,0.223998,0.226186,0.227498,0.229686,0.231873,0.234498,0.238217,0.241936,0.246311,0.250686,0.256045,0.261405,0.267092,0.273873,0.28142,0.289076,0.297826,0.307998,0.318717,0.329436,0.34092,0.353935,0.367498,0.382154,0.397029,0.413545,0.430935,0.44931,0.468888,0.488904,0.510997,0.534841,0.560544,0.588434,0.621356,0.657012,0.699121,0.746152,0.800949,0.866464,0.941933,1.032276,1.139245,1.2659,1.415962,1.59118,1.793741,2.02649,2.295552,2.602238,2.943049,3.317985,3.733608,4.180731,4.649729,5.136227,5.634974,6.140722,6.637719,7.108467,7.554716,7.971214,8.340462,8.64671,8.88471,9.05271,9.154209,9.169959,9.106958,8.97046,8.776211,8.527712,8.219713,7.876714,7.505717,7.108468,6.698969,6.292971,5.893973,5.508975,5.146726,4.803728,4.48698,4.18948,3.909482,3.657483,3.429984,3.218235,3.023985,2.857737,2.703737,2.563738,2.439489,2.323989,2.217239,2.12274,2.035241,1.95299,1.882991,1.812992,1.751742,1.690492,1.632742,1.576743,1.525993,1.476992,1.429743,1.385993,1.345744,1.305494,1.268744,1.233744,1.200494,1.168994,1.139244,1.112994,1.084995,1.062245,1.041245,1.020245,1.000995,0.981745,0.964245,0.946745,0.930995,0.916996,0.904745,0.892496,0.880246,0.867996,0.857496,0.845246,0.834745,0.825996,0.817246,0.808496,0.803246,0.794496,0.789246,0.782246,0.776996,0.769996,0.762996,0.757746,0.752496,0.748996,0.745496,0.740246,0.736746,0.729746,0.726246,0.720996,0.715746,0.712246,0.708746,0.706997,0.703496,0.698246,0.694747,0.691246,0.687747,0.685996,0.682496,0.680747,0.680747,0.678997,0.677246,0.677247,0.675497,0.673747,0.673746,0.677246,0.677246,0.678997,0.680747,0.682497,0.685997,0.689496,0.691246,0.696496,0.699997,0.705246,0.710496,0.715746,0.722747,0.731496,0.738496,0.745496,0.752496,0.764746,0.776996,0.785746,0.797996,0.811996,0.824246,0.839996,0.853996,0.869746,0.890745,0.909996,0.929246,0.951995,0.976495,1.000995,1.025495,1.055245,1.086745,1.119994,1.154994,1.191744,1.233744,1.275744,1.319494,1.366743,1.420993,1.475243,1.531243,1.594243,1.660742,1.732492,1.805992,1.886491,1.972241,2.06324,2.15774,2.262739,2.374739,2.497238,2.621488,2.752737,2.892737,3.043236,3.202486,3.368735,3.541984,3.734483,3.932232,4.135231,4.35398,4.576229,4.814228,5.055726,5.309476,5.571975,5.850224,6.130223,6.41197,6.712969,7.010469,7.325467,7.636966,7.962464,8.291463,8.634462,8.97746,9.327457,9.691457,10.055455,10.419454,10.797452,11.18245,11.584948,11.983947,12.386445,12.792443,13.208941,13.614941,14.020938,14.440935,14.853935,15.266932,15.672929,16.078929,16.498927,16.904924,17.303924,17.68192,,40,0,0,0
0.370998,0.360498,0.346498,0.330748,0.320248,0.306248,0.297498,0.288748,0.278248,0.272998,0.267748,0.264248,0.258998,0.251998,0.250248,0.244998,0.241498,0.241498,0.237998,0.236248,0.232748,0.230998,0.229248,0.227499,0.228373,0.225748,0.226624,0.225748,0.225749,0.224873,0.223998,0.224873,0.223999,0.224874,0.225748,0.225748,0.226623,0.227498,0.226623,0.229248,0.230123,0.231873,0.234061,0.235811,0.237561,0.239311,0.241936,0.245436,0.248498,0.252436,0.257248,0.26228,0.267967,0.273983,0.280545,0.288201,0.295858,0.305264,0.31467,0.326373,0.338514,0.351201,0.365639,0.380951,0.396701,0.413763,0.432138,0.452044,0.472607,0.494154,0.516903,0.541513,0.56645,0.592591,0.621028,0.651543,0.684903,0.721871,0.763215,0.810793,0.86548,0.926183,0.999901,1.088057,1.193494,1.316869,1.466274,1.644555,1.855866,2.09999,2.384364,2.716862,3.098361,3.523609,3.994357,4.520229,5.086352,5.678724,6.294722,6.927343,7.561716,8.179463,8.765711,9.315208,9.819205,10.253204,10.597953,10.860451,11.0267,11.0932,11.04595,10.902451,10.671453,10.359953,9.978455,9.540956,9.06496,8.557462,8.032464,7.507466,6.992969,6.495971,6.023472,5.589475,5.186976,4.812478,4.46598,4.147481,3.856982,3.594484,3.356485,3.142986,2.950486,2.778987,2.624988,2.481489,2.348489,2.23299,2.12799,2.029991,1.93549,1.851491,1.777992,1.704492,1.637993,1.571493,1.508493,1.452493,1.396494,1.347494,1.298494,1.252993,1.214495,1.172495,1.137494,1.102495,1.070995,1.039495,1.011495,0.990496,0.969495,0.944995,0.927495,0.909995,0.892496,0.874995,0.860995,0.846996,0.832996,0.822495,0.811995,0.797996,0.790996,0.780496,0.773496,0.762996,0.759496,0.748996,0.745496,0.738496,0.731496,0.727996,0.720996,0.720996,0.717496,0.710496,0.706997,0.706996,0.703496,0.699997,0.692997,0.692996,0.689496,0.685997,0.685996,0.682497,0.678996,0.675496,0.671996,0.671997,0.668496,0.664997,0.664997,0.664997,0.664997,0.661497,0.661497,0.663247,0.664997,0.664997,0.664997,0.664997,0.668496,0.671996,0.675497,0.678997,0.682497,0.685996,0.689496,0.692997,0.699996,0.706997,0.710496,0.720996,0.727996,0.734996,0.741996,0.755996,0.766496,0.776996,0.787496,0.801496,0.815496,0.829496,0.846996,0.864496,0.878495,0.899495,0.920495,0.941495,0.965996,0.990495,1.018495,1.049995,1.077995,1.112994,1.151495,1.186494,1.228494,1.270494,1.319494,1.375494,1.427993,1.487493,1.550492,1.616993,1.683492,1.763992,1.847992,1.931991,2.026491,2.12799,2.23649,2.348489,2.467488,2.596988,2.736988,2.887486,3.044986,3.216485,3.394985,3.590983,3.790483,4.000482,4.231481,4.47298,4.721479,4.987477,5.263976,5.561475,5.858974,6.163473,6.48197,6.817969,7.167968,7.514466,7.878464,8.256463,8.644962,9.033458,9.432456,9.838456,10.265454,10.688951,11.115951,11.556949,12.022445,12.480945,12.946443,13.418939,13.905437,14.384934,14.874935,15.371932,15.87593,16.386926,16.890926,17.380924,17.89192,18.388916,18.871914,19.354914,19.830912,20.30691,20.775906,21.237906,21.678902,22.1199,22.546898,22.938898,,40,0,0,0
0.209124,0.199499,0.188124,0.180686,0.173249,0.164499,0.159905,0.154655,0.15028,0.146343,0.140874,0.139124,0.13453,0.133874,0.130374,0.12753,0.126218,0.125561,0.123702,0.123374,0.120311,0.120202,0.119765,0.119218,0.118233,0.118671,0.117905,0.117358,0.118015,0.117249,0.117468,0.117249,0.118561,0.11889,0.119218,0.119765,0.121186,0.12239,0.123483,0.124468,0.126436,0.128077,0.130702,0.132561,0.135296,0.13803,0.14153,0.144593,0.148202,0.152577,0.157608,0.163077,0.168546,0.175217,0.18178,0.189655,0.197967,0.20617,0.215577,0.226514,0.23778,0.24992,0.261951,0.275951,0.290389,0.304607,0.320795,0.337092,0.355795,0.374717,0.394623,0.415841,0.438373,0.462763,0.488575,0.51745,0.549169,0.584825,0.624637,0.668825,0.719465,0.778855,0.844808,0.921589,1.011276,1.115182,1.235932,1.37615,1.535618,1.718929,1.926741,2.162552,2.425489,2.718175,3.039298,3.391922,3.766858,4.162356,4.579729,5.006727,5.437225,5.859848,6.272846,6.66572,7.024468,7.344717,7.622966,7.846964,8.013215,8.112962,8.151463,8.132213,8.048214,7.909964,7.727964,7.507466,7.250217,6.963218,6.65347,6.329721,6.004223,5.676974,5.351476,5.046977,4.752978,4.471229,4.201731,3.947982,3.711732,3.489484,3.286485,3.095735,2.927737,2.771987,2.626738,2.493738,2.372989,2.26274,2.15949,2.06674,1.98099,1.902241,1.832241,1.763992,1.700992,1.643242,1.587242,1.532993,1.482243,1.434993,1.392993,1.349243,1.310744,1.270494,1.235494,1.198744,1.165494,1.133994,1.102495,1.076245,1.051745,1.025495,1.004495,0.981745,0.962495,0.943245,0.923996,0.906496,0.890746,0.874996,0.860996,0.850496,0.836496,0.824246,0.813746,0.801496,0.792746,0.782246,0.773496,0.766496,0.757746,0.750746,0.743746,0.736747,0.729746,0.724497,0.715746,0.712246,0.708746,0.705246,0.701746,0.694747,0.692996,0.689496,0.684246,0.680747,0.678996,0.677246,0.675497,0.673746,0.670246,0.666746,0.664997,0.661497,0.657997,0.656247,0.652747,0.652747,0.649246,0.647496,0.643997,0.643997,0.642247,0.642247,0.640497,0.642247,0.640497,0.642246,0.642246,0.643997,0.643997,0.645747,0.647497,0.650997,0.654497,0.659747,0.663246,0.666747,0.671997,0.677246,0.682497,0.689496,0.696496,0.705246,0.715746,0.724497,0.734996,0.745496,0.757746,0.771746,0.782246,0.796246,0.813746,0.829496,0.845246,0.864496,0.885495,0.908246,0.929245,0.953745,0.978245,1.004495,1.035995,1.067495,1.100744,1.133995,1.174244,1.212744,1.254744,1.300244,1.345743,1.398243,1.452493,1.508492,1.569742,1.632742,1.699242,1.772742,1.849741,1.931991,2.01949,2.11224,2.20674,2.311739,2.421989,2.533988,2.654738,2.784237,2.920737,3.060736,3.211235,3.372234,3.536733,3.709983,3.891982,4.080982,4.283981,4.49573,4.717978,4.947227,5.185227,5.431975,5.690974,5.955223,6.229971,6.51697,6.807468,7.108467,7.409466,7.724465,8.046464,8.371962,8.697462,9.04046,9.386957,9.736956,10.100954,10.468454,10.842952,11.21395,11.598947,11.987447,12.379445,12.774943,13.180941,13.597441,13.985937,14.412937,14.825931,15.245932,,40,0,0,0
0.196874,0.185499,0.174124,0.164499,0.156624,0.148311,0.141968,0.135843,0.129499,0.126436,0.122936,0.117249,0.114405,0.112655,0.109593,0.104999,0.104562,0.102593,0.103249,0.101171,0.09974956,0.099093312,0.097780816,0.097562064,0.096796448,0.096358952,0.096249568,0.096358952,0.095812072,0.095921448,0.096687072,0.09734332,0.098437064,0.098546432,0.099968304,0.10128,0.102593,0.103796,0.105327,0.107187,0.108937,0.111015,0.113858,0.117358,0.120421,0.123702,0.127421,0.131796,0.136936,0.141858,0.147874,0.154546,0.161764,0.169421,0.178499,0.18703,0.197749,0.208905,0.220061,0.232639,0.246967,0.261733,0.276936,0.293233,0.310076,0.328342,0.347154,0.365967,0.386967,0.408951,0.431373,0.454451,0.478951,0.504325,0.531778,0.561638,0.592919,0.629012,0.668168,0.712574,0.762231,0.818558,0.884402,0.960308,1.048464,1.151494,1.272025,1.413337,1.576305,1.763117,1.977053,2.222927,2.499863,2.809175,3.147798,3.522734,3.926107,4.356605,4.803728,5.263101,5.731224,6.192347,6.63597,7.057718,7.449716,7.797964,8.091964,8.326462,8.497962,8.599461,8.627461,8.587211,8.476962,8.308962,8.095464,7.832964,7.531965,7.199468,6.845969,6.476721,6.107472,5.741724,5.381225,5.043477,4.716228,4.40823,4.115981,3.839482,3.583983,3.344234,3.125486,2.922486,2.742237,2.574238,2.420238,2.280239,2.15074,2.03349,1.926741,1.828741,1.735991,1.655492,1.580243,1.511992,1.445493,1.384243,1.326494,1.272244,1.221494,1.170744,1.125244,1.083245,1.041245,1.004495,0.965995,0.932745,0.899496,0.867996,0.839996,0.813746,0.789246,0.766496,0.745496,0.726246,0.706997,0.687747,0.671996,0.657997,0.643996,0.631747,0.617747,0.607247,0.598497,0.587997,0.577497,0.568747,0.561747,0.554747,0.547747,0.542497,0.537247,0.531997,0.526747,0.521497,0.517997,0.514497,0.510997,0.507497,0.503997,0.503997,0.502247,0.498747,0.496997,0.495247,0.496997,0.493497,0.493497,0.492622,0.491747,0.491747,0.491747,0.491747,0.489997,0.488248,0.486497,0.486497,0.484747,0.486498,0.484747,0.484747,0.484747,0.482998,0.484747,0.482998,0.486498,0.488247,0.488247,0.491747,0.493497,0.496997,0.498747,0.500497,0.503997,0.507497,0.514497,0.517997,0.524997,0.530247,0.535497,0.542497,0.549497,0.554747,0.565247,0.573997,0.584497,0.594997,0.605496,0.615997,0.628247,0.642247,0.656246,0.670247,0.687747,0.705246,0.720996,0.741996,0.762996,0.783996,0.806746,0.832996,0.859246,0.890745,0.920495,0.953745,0.988745,1.028995,1.067495,1.111245,1.154994,1.203994,1.258244,1.312494,1.373743,1.434993,1.504993,1.576742,1.651992,1.739492,1.825242,1.921491,2.022991,2.13149,2.24699,2.371239,2.500738,2.642488,2.789487,2.946986,3.116736,3.295234,3.485984,3.685484,3.897232,4.119481,4.35748,4.604229,4.866728,5.143227,5.430225,5.731224,6.040973,6.361222,6.69547,7.041969,7.395468,7.755964,8.137463,8.522463,8.91796,9.316958,9.722957,10.149955,10.580452,11.014451,11.458948,11.920946,12.382945,12.851941,13.33494,13.814439,14.311436,14.769934,15.259931,15.763929,16.260926,16.771922,17.268922,17.75892,18.262916,18.745916,,40,0,0,0
0.148749,0.143936,0.138249,0.132999,0.128186,0.128186,0.125343,0.121624,0.11878,0.116155,0.114843,0.114624,0.110905,0.111233,0.110358,0.10664,0.107843,0.106312,0.107187,0.106202,0.105874,0.104562,0.103687,0.104562,0.103905,0.103577,0.103577,0.102593,0.102812,0.103358,0.10314,0.103358,0.103577,0.104999,0.10489,0.105765,0.105983,0.106202,0.107733,0.10828,0.109046,0.110577,0.111999,0.113202,0.115061,0.116593,0.118671,0.120858,0.122936,0.125671,0.128515,0.132233,0.135405,0.139233,0.143827,0.148093,0.153014,0.158264,0.164499,0.171608,0.178499,0.186483,0.194577,0.203764,0.21328,0.223889,0.23428,0.245764,0.258451,0.271795,0.284045,0.297826,0.311498,0.325279,0.338842,0.35131,0.36367,0.376357,0.387513,0.397576,0.406326,0.414857,0.42142,0.425138,0.428638,0.431263,0.431373,0.430388,0.427435,0.424591,0.419451,0.412779,0.405123,0.39692,0.387951,0.378217,0.368263,0.358529,0.347701,0.33742,0.326154,0.315217,0.304826,0.294873,0.283936,0.274092,0.26567,0.257358,0.249483,0.241061,0.233514,0.226623,0.22017,0.213827,0.208139,0.203764,0.199389,0.195014,0.190749,0.187249,0.18528,0.181561,0.178171,0.176967,0.176092,0.174233,0.172264,0.170952,0.170186,0.169421,0.168546,0.167014,0.167233,0.167452,0.167014,0.166577,0.166577,0.167124,0.167561,0.166905,0.167342,0.168436,0.168764,0.169749,0.170733,0.171171,0.17303,0.173249,0.173467,0.175108,0.176967,0.178717,0.179592,0.180796,0.182327,0.184952,0.186374,0.188233,0.190421,0.192827,0.195342,0.198186,0.199717,0.203217,0.206608,0.208795,0.211639,0.215139,0.218749,0.222467,0.225967,0.230014,0.23428,0.238436,0.241717,0.247186,0.251561,0.25703,0.261514,0.266764,0.272889,0.279014,0.283389,0.288639,0.294654,0.299467,0.304389,0.309858,0.314232,0.320248,0.325498,0.328779,0.331732,0.334904,0.338404,0.34092,0.343654,0.345076,0.34792,0.350764,0.35131,0.351857,0.353279,0.355029,0.355248,0.355248,0.357107,0.35842,0.36017,0.358748,0.360717,0.363123,0.364654,0.36531,0.36881,0.372529,0.377123,0.380623,0.384342,0.389592,0.397248,0.403373,0.410373,0.41781,0.428748,0.439248,0.450623,0.462435,0.476872,0.492841,0.509685,0.526528,0.546653,0.570716,0.595872,0.62059,0.649028,0.681184,0.715309,0.749652,0.786621,0.826652,0.869089,0.913058,0.95812,1.004057,1.051307,1.099432,1.145369,1.191307,1.237244,1.282306,1.325181,1.366306,1.405243,1.445056,1.482243,1.517243,1.553118,1.590742,1.63318,1.673429,1.716742,1.763992,1.818241,1.874679,1.934616,2.002865,2.079865,2.163865,2.25399,2.351989,2.461363,2.579488,2.704613,2.836737,2.981111,3.14211,3.309235,3.487734,3.675858,3.880607,4.097606,4.323355,4.560479,4.815978,5.090727,5.374226,5.668224,5.977973,6.310471,6.65172,7.005218,7.369217,7.761215,8.163713,8.573211,8.99496,9.435957,9.897955,10.363453,10.828952,11.315449,11.822947,12.337444,12.848442,13.36994,13.901937,14.447934,14.983432,15.518932,16.061427,16.617925,17.142922,17.681922,18.220916,18.780914,19.326912,19.84491,20.36291,,0,2.5,0,0
0.148749,0.142624,0.135624,0.132999,0.126436,0.125124,0.120968,0.118561,0.117468,0.116593,0.112874,0.112874,0.111124,0.11014,0.108827,0.108608,0.106968,0.104999,0.106093,0.10478,0.10303,0.102812,0.10303,0.102812,0.102921,0.102812,0.103358,0.102483,0.102812,0.10314,0.102265,0.10303,0.103577,0.10478,0.105218,0.105546,0.106749,0.107405,0.108608,0.109702,0.110687,0.112218,0.113749,0.115718,0.117796,0.118999,0.121624,0.12403,0.126765,0.129061,0.132561,0.13628,0.140108,0.144702,0.148858,0.154327,0.160343,0.166139,0.172483,0.180249,0.188342,0.196874,0.205842,0.215795,0.226405,0.237233,0.249373,0.261186,0.274858,0.288858,0.302967,0.316967,0.331186,0.345732,0.359732,0.372748,0.385435,0.398341,0.409279,0.418576,0.426998,0.433451,0.437826,0.440451,0.440779,0.439138,0.436951,0.432794,0.425685,0.418029,0.408951,0.398998,0.387951,0.375701,0.363342,0.35131,0.33917,0.326701,0.314561,0.303186,0.291811,0.280108,0.269389,0.258998,0.24992,0.241061,0.232967,0.225858,0.219077,0.212952,0.206061,0.200811,0.195671,0.191077,0.187905,0.183967,0.180796,0.178389,0.176311,0.173249,0.17128,0.169968,0.168218,0.167671,0.166905,0.165811,0.165811,0.164936,0.164171,0.164061,0.164499,0.16428,0.165264,0.164827,0.165046,0.16603,0.166577,0.166905,0.166577,0.167343,0.168764,0.16953,0.170077,0.171827,0.17303,0.174233,0.174999,0.177077,0.177952,0.18003,0.180686,0.182764,0.184842,0.186811,0.187905,0.190858,0.192717,0.195014,0.19753,0.200045,0.202452,0.205295,0.208577,0.211858,0.214702,0.217545,0.221374,0.225092,0.228045,0.23067,0.236795,0.240842,0.24467,0.249264,0.25353,0.259764,0.263592,0.269608,0.274967,0.28142,0.287326,0.292576,0.298592,0.305154,0.310842,0.316639,0.320795,0.327139,0.331842,0.337967,0.341357,0.345842,0.34956,0.352732,0.35492,0.357545,0.359951,0.362248,0.364326,0.364545,0.366623,0.367717,0.368482,0.36881,0.369685,0.370779,0.37231,0.373185,0.373404,0.376029,0.378435,0.37931,0.382592,0.384779,0.389154,0.393091,0.39681,0.402935,0.409716,0.415185,0.42131,0.430279,0.439029,0.449091,0.460029,0.471841,0.485404,0.499841,0.516685,0.53331,0.552997,0.576184,0.598497,0.623434,0.651434,0.681184,0.712684,0.747902,0.78509,0.824683,0.866683,0.911745,0.960308,1.007995,1.059182,1.11212,1.165494,1.217557,1.270931,1.323431,1.374181,1.425806,1.47393,1.520743,1.56493,1.608242,1.648492,1.690492,1.729867,1.770554,1.813866,1.859366,1.908366,1.959991,2.018178,2.07899,2.146365,2.221615,2.302989,2.393989,2.494613,2.601363,2.719488,2.842862,2.976736,3.11936,3.274235,3.436984,3.611983,3.798357,3.996107,4.201731,4.42223,4.647979,4.889478,5.146726,5.414476,5.692724,5.983223,6.289472,6.61147,6.935219,7.279968,7.631715,8.006213,8.377212,8.772711,9.176959,9.596957,10.023954,10.454453,10.90595,11.360949,11.833447,12.305944,12.792442,13.28594,13.793438,14.297437,14.801434,15.319432,15.837429,16.348425,16.848926,17.359924,17.898918,18.416916,18.941914,19.459914,19.97791,,0,2.5,0,0
0.114624,0.111999,0.104999,0.102812,0.09887456,0.095374584,0.093624584,0.0909996,0.089030856,0.087937112,0.085093368,0.084437128,0.084109008,0.08137464,0.080827768,0.080390272,0.07978871,0.078859024,0.079077776,0.078558246,0.078312152,0.077984032,0.078202784,0.07760122,0.076890288,0.077327776,0.076780904,0.07776528,0.076780904,0.07743716,0.078421528,0.0789684,0.07962464,0.079952768,0.081155888,0.081593384,0.08290588,0.083890256,0.08531212,0.086405864,0.087608992,0.0892496,0.091108976,0.093624584,0.096358944,0.098327688,0.101499,0.104124,0.107952,0.111452,0.116265,0.12064,0.12578,0.131577,0.137483,0.143718,0.151155,0.158811,0.167452,0.177077,0.187467,0.198295,0.209999,0.223014,0.236467,0.250686,0.26578,0.28142,0.297498,0.31467,0.331295,0.348357,0.364326,0.379967,0.394951,0.408295,0.420435,0.43181,0.440779,0.447669,0.453247,0.455544,0.455654,0.453357,0.449529,0.443732,0.435638,0.426888,0.416498,0.405451,0.392873,0.379857,0.366076,0.351967,0.33742,0.323748,0.310076,0.297279,0.284483,0.271905,0.26053,0.249373,0.238873,0.22892,0.219186,0.211967,0.203874,0.197092,0.189983,0.184624,0.178608,0.174014,0.169202,0.164827,0.161108,0.158483,0.15553,0.152686,0.15028,0.147983,0.145905,0.144702,0.143171,0.141858,0.141202,0.140655,0.139889,0.139233,0.138905,0.13852225,0.13803,0.137921,0.13808475,0.138139,0.1381256875,0.13814,0.138139,0.139233,0.139671,0.139999,0.140108,0.141311,0.142296,0.143608,0.144046,0.145905,0.146233,0.148311,0.149405,0.150061,0.15203,0.153671,0.154983,0.157171,0.158811,0.160452,0.162749,0.165592,0.168436,0.170186,0.173249,0.175764,0.179046,0.182546,0.185717,0.189108,0.193155,0.196546,0.201249,0.205077,0.209999,0.214811,0.219842,0.22553,0.231108,0.237452,0.243139,0.249264,0.255827,0.26217,0.268951,0.27628,0.282623,0.288639,0.294983,0.30067,0.307014,0.312811,0.318717,0.322436,0.327029,0.329982,0.332717,0.336217,0.337967,0.339826,0.342232,0.343764,0.345076,0.345185,0.345732,0.345514,0.345076,0.344092,0.343326,0.343435,0.342998,0.342232,0.342342,0.342342,0.343435,0.343435,0.344529,0.347592,0.349998,0.352404,0.357435,0.362467,0.367717,0.373842,0.380623,0.389154,0.397248,0.407966,0.418466,0.432248,0.446029,0.460685,0.477747,0.496997,0.51756,0.539653,0.564153,0.591059,0.621247,0.652965,0.686215,0.723621,0.762559,0.802371,0.845902,0.890964,0.937777,0.986558,1.03512,1.084557,1.133557,1.181682,1.228494,1.273119,1.318181,1.359744,1.399556,1.436743,1.473493,1.509368,1.544368,1.579805,1.617867,1.656805,1.701429,1.750429,1.803366,1.862866,1.927616,1.998928,2.078115,2.16999,2.266239,2.371239,2.487613,2.616238,2.752738,2.898862,3.058111,3.228735,3.408109,3.600609,3.807982,4.026731,4.259481,4.50273,4.761728,5.036477,5.325226,5.627974,5.944723,6.282472,6.639469,6.998218,7.377966,7.769965,8.181213,8.595962,9.02821,9.474456,9.932956,10.408953,10.891951,11.38195,11.889446,12.407445,12.925442,13.45744,14.003437,14.549435,15.102433,15.66593,16.229425,16.789422,17.359924,17.91292,18.479916,19.025914,19.571912,20.11791,20.642908,21.160906,21.664904,22.175902,,0,2.5,0,0
0.157061,0.153124,0.147874,0.142843,0.140218,0.135405,0.130811,0.126874,0.124905,0.123374,0.119874,0.119983,0.116811,0.117577,0.115718,0.114624,0.11364,0.111233,0.110796,0.109921,0.110468,0.109593,0.109046,0.108608,0.10839,0.107733,0.10828,0.107077,0.10828,0.107515,0.107296,0.107843,0.108171,0.10839,0.108827,0.108718,0.11014,0.110468,0.111124,0.11189,0.112327,0.11353,0.114624,0.116046,0.117249,0.118233,0.120311,0.121952,0.123593,0.125999,0.128843,0.131905,0.134311,0.13803,0.14164,0.14503,0.149186,0.154655,0.159139,0.165483,0.171171,0.177842,0.185499,0.193264,0.202124,0.211092,0.221264,0.23242,0.243577,0.256155,0.26928,0.282404,0.296623,0.310186,0.324623,0.338514,0.352185,0.366513,0.379748,0.392545,0.404466,0.414748,0.423826,0.431701,0.437498,0.440888,0.443513,0.444607,0.443076,0.440451,0.435748,0.428529,0.421201,0.411685,0.401295,0.390138,0.378982,0.366513,0.354264,0.342232,0.330201,0.317186,0.305592,0.294436,0.283498,0.273983,0.264248,0.255717,0.247186,0.239639,0.231327,0.224873,0.218749,0.213061,0.208358,0.203655,0.199827,0.19578,0.192171,0.189546,0.187467,0.184842,0.182217,0.181124,0.179046,0.178061,0.176967,0.176749,0.175217,0.174561,0.173358,0.173686,0.174342,0.173796,0.173358,0.173796,0.173467,0.173577,0.174014,0.174561,0.174999,0.175327,0.176092,0.177842,0.17828,0.179702,0.179702,0.181124,0.182764,0.183749,0.184405,0.186046,0.187796,0.189983,0.191077,0.191842,0.194358,0.196436,0.198077,0.20103,0.203108,0.205952,0.20792,0.210545,0.214264,0.217217,0.219077,0.223014,0.226295,0.229249,0.233514,0.238217,0.242264,0.246311,0.251452,0.256264,0.261842,0.266217,0.271139,0.278139,0.284592,0.291483,0.297061,0.303076,0.310295,0.31642,0.322654,0.328014,0.336217,0.342889,0.347592,0.352185,0.35667,0.362795,0.36717,0.369576,0.373623,0.377123,0.379748,0.38117,0.383467,0.384779,0.385654,0.385217,0.385763,0.385654,0.385217,0.385217,0.386748,0.387185,0.386967,0.387185,0.390029,0.390685,0.392654,0.396373,0.399654,0.402498,0.40731,0.411685,0.417154,0.423279,0.431154,0.439248,0.448435,0.457185,0.468997,0.48081,0.493716,0.507935,0.525216,0.542716,0.561091,0.583403,0.606809,0.631528,0.657778,0.68709,0.717496,0.751184,0.786402,0.823808,0.865589,0.907589,0.95112,0.995745,1.042557,1.090245,1.136182,1.185619,1.233744,1.281869,1.328244,1.371118,1.415306,1.457306,1.495368,1.532555,1.570617,1.606492,1.643242,1.682617,1.721117,1.763554,1.807304,1.856304,1.908366,1.966991,2.02999,2.10174,2.17874,2.264489,2.355489,2.455239,2.562863,2.679237,2.804362,2.935612,3.079986,3.233985,3.394984,3.568234,3.751108,3.947107,4.150106,4.367105,4.598979,4.842228,5.092477,5.356726,5.638475,5.927223,6.236972,6.54672,6.873969,7.215217,7.568716,7.932714,8.305462,8.699211,9.092959,9.502458,9.925956,10.366952,10.814951,11.26995,11.738947,12.221945,12.704944,13.18444,13.684938,14.181937,14.678934,15.186431,15.68693,16.204927,16.708923,17.20592,17.70292,18.19992,,0,2.5,0,0
0.125124,0.120749,0.114624,0.110249,0.108937,0.105437,0.102374,0.097999568,0.098218312,0.094499584,0.092968344,0.091874592,0.092312088,0.089140232,0.088702728,0.088374616,0.087062112,0.085421496,0.085202752,0.08531212,0.085093376,0.084874624,0.083671504,0.083562128,0.084437128,0.083671504,0.084327744,0.084327752,0.083890256,0.083999624,0.084437128,0.084983992,0.085640248,0.086843368,0.086952736,0.08804648,0.088593352,0.08859336,0.09045272,0.091218344,0.092640216,0.094280832,0.095921448,0.09734332,0.09920268,0.102483,0.104452,0.106858,0.110577,0.11353,0.117577,0.121733,0.126218,0.131796,0.136608,0.142296,0.148749,0.156077,0.163624,0.172483,0.181561,0.191733,0.202014,0.213717,0.225311,0.238108,0.251123,0.265342,0.278795,0.293451,0.307998,0.322873,0.336764,0.34967,0.362576,0.37406,0.383576,0.392982,0.400748,0.406982,0.410482,0.412232,0.412998,0.411576,0.408623,0.404029,0.397904,0.391342,0.383795,0.375592,0.366185,0.356342,0.346607,0.335451,0.324295,0.314451,0.304279,0.294764,0.284264,0.27453,0.265889,0.256155,0.247186,0.239092,0.231436,0.224874,0.21678,0.210764,0.204858,0.199608,0.193264,0.188671,0.184514,0.180467,0.176421,0.173139,0.170733,0.167999,0.165374,0.162639,0.161108,0.159905,0.158264,0.157608,0.155968,0.156077,0.15553,0.154546,0.154436,0.15429975,0.154218,0.153999,0.154108,0.154436,0.154874,0.155749,0.156296,0.156843,0.157061,0.157827,0.159249,0.159796,0.161218,0.162858,0.163952,0.165046,0.166468,0.168546,0.169858,0.170405,0.172702,0.173905,0.176311,0.178061,0.179921,0.181999,0.184186,0.186155,0.187905,0.190639,0.194249,0.196983,0.199936,0.20278,0.206608,0.210108,0.214264,0.21853,0.22203,0.227608,0.232311,0.237998,0.242155,0.248826,0.254733,0.260092,0.267201,0.273545,0.280764,0.287764,0.29542,0.301764,0.309639,0.316201,0.323201,0.329436,0.336217,0.342779,0.348467,0.356014,0.361045,0.36706,0.371545,0.377342,0.382045,0.386201,0.38992,0.394185,0.397904,0.400966,0.40381,0.405341,0.40556,0.408185,0.409279,0.410154,0.41081,0.413216,0.41431,0.414966,0.417373,0.418466,0.421748,0.425248,0.428091,0.433341,0.43706,0.444498,0.450404,0.459154,0.465935,0.476872,0.486716,0.497654,0.511216,0.525435,0.541841,0.559341,0.578372,0.598716,0.62234,0.646622,0.67309,0.70459,0.737621,0.771527,0.809152,0.850058,0.893371,0.939308,0.986995,1.037745,1.090682,1.144494,1.199619,1.255619,1.310306,1.363681,1.416181,1.467368,1.51593,1.563618,1.609117,1.651555,1.693554,1.736429,1.776679,1.817367,1.862429,1.910553,1.963053,2.018178,2.079865,2.14899,2.225115,2.304739,2.396614,2.495489,2.604863,2.723862,2.855112,2.996861,3.14736,3.310985,3.485109,3.670608,3.868357,4.082732,4.305855,4.546479,4.796729,5.066227,5.344475,5.633225,5.944723,6.268471,6.60972,6.957968,7.330717,7.717465,8.111213,8.515461,8.938958,9.372958,9.827956,10.286454,10.758952,11.24195,11.738947,12.239444,12.739944,13.257941,13.782938,14.314935,14.839933,15.378931,15.92843,16.474425,16.981922,17.52092,18.066918,18.591916,19.123914,19.655912,20.17391,20.698908,21.202906,21.7069,22.1969,22.686896,,0,2.5,0,0
0.112874,0.108937,0.105437,0.100843,0.096249568,0.094499584,0.09253084,0.089687096,0.08651524,0.08771836,0.084109,0.084327752,0.082468384,0.081374648,0.079952768,0.0789684,0.078312152,0.077874656,0.077327776,0.076452784,0.07535904,0.076452784,0.075468416,0.07590592,0.075796536,0.07593326,0.076124664,0.07590592,0.076671536,0.07656216,0.076452784,0.07689028,0.0772184,0.077327776,0.078421528,0.07864028,0.07929652,0.080280888,0.080937144,0.08170276,0.082687136,0.084109,0.085530872,0.087062112,0.088483976,0.09045272,0.092312088,0.094280832,0.096358952,0.09854644,0.102155,0.104999,0.108499,0.11189,0.116593,0.120858,0.125671,0.130593,0.13639,0.143389,0.150499,0.157608,0.166468,0.175436,0.18528,0.195233,0.20617,0.21853,0.231655,0.244889,0.25867,0.273217,0.288311,0.303076,0.317842,0.332607,0.347154,0.36192,0.375263,0.387404,0.398451,0.408951,0.417482,0.423169,0.427654,0.430716,0.432357,0.432029,0.429404,0.425576,0.420326,0.413216,0.404795,0.394623,0.38456,0.373842,0.362576,0.35131,0.33906,0.327139,0.314889,0.303514,0.292576,0.280983,0.270045,0.260311,0.250686,0.242155,0.233405,0.225092,0.217327,0.210436,0.203874,0.197967,0.19228,0.187905,0.184077,0.179483,0.175546,0.172811,0.170624,0.166905,0.164499,0.162968,0.161655,0.160124,0.159139,0.157608,0.157827,0.156186,0.155968,0.15553,0.155202,0.15553,0.155749,0.155749,0.156405,0.156405,0.156843,0.157061,0.157718,0.158811,0.160561,0.16078,0.162093,0.162968,0.164499,0.165374,0.165811,0.167343,0.169202,0.170296,0.172592,0.17303,0.175108,0.176967,0.178499,0.180249,0.18178,0.184405,0.187686,0.190421,0.192717,0.195999,0.199827,0.202014,0.205077,0.208686,0.212952,0.217217,0.220717,0.22553,0.23078,0.236358,0.240623,0.246748,0.252217,0.258889,0.26567,0.272233,0.279233,0.28667,0.29367,0.300342,0.308654,0.316639,0.324514,0.331404,0.339498,0.347592,0.354373,0.362139,0.367388,0.374279,0.38117,0.385216,0.390904,0.396154,0.40031,0.404248,0.406654,0.408841,0.411466,0.41256,0.413216,0.41431,0.415185,0.414966,0.415185,0.414966,0.415623,0.416498,0.417154,0.41781,0.418685,0.421966,0.426123,0.428529,0.431591,0.437279,0.442966,0.448435,0.455435,0.463966,0.472935,0.483872,0.495685,0.506622,0.521716,0.537247,0.555185,0.571809,0.592809,0.616434,0.641809,0.666528,0.696934,0.72734,0.761465,0.797996,0.836058,0.878496,0.92312,0.969495,1.01762,1.067495,1.118245,1.171182,1.222369,1.274431,1.323431,1.375493,1.423181,1.469118,1.511993,1.554868,1.593367,1.630117,1.665555,1.701429,1.739492,1.776242,1.815179,1.857616,1.903116,1.951678,2.00374,2.064115,2.13149,2.204114,2.284615,2.375614,2.471864,2.575988,2.689738,2.812237,2.944361,3.087861,3.242735,3.402859,3.578734,3.765108,3.961982,4.169356,4.38723,4.621729,4.866728,5.127476,5.398725,5.685725,5.984973,6.296471,6.62197,6.959719,7.318467,7.685966,8.069214,8.462962,8.87596,9.299458,9.729956,10.177954,10.632952,11.105449,11.588448,12.081946,12.578943,13.089941,13.614939,14.136435,14.661434,15.193431,15.72893,16.271427,16.778924,17.331922,17.87792,18.42392,18.948916,19.473912,,0,2.5,0,0
0.159686,0.153999,0.148749,0.141311,0.138468,0.135186,0.131686,0.127749,0.128186,0.125343,0.121186,0.117905,0.117249,0.116811,0.115061,0.115718,0.114515,0.113858,0.113749,0.111999,0.111233,0.111124,0.111233,0.111124,0.112437,0.111671,0.112765,0.113202,0.113421,0.114077,0.114296,0.115061,0.116483,0.118233,0.119765,0.121296,0.12239,0.124577,0.12578,0.128296,0.130046,0.132452,0.135186,0.138249,0.141202,0.144702,0.148202,0.151811,0.156296,0.160671,0.16603,0.171608,0.17828,0.185061,0.191842,0.200045,0.208467,0.218311,0.227936,0.23942,0.25178,0.265889,0.280326,0.295311,0.313029,0.331076,0.350982,0.370779,0.392873,0.41617,0.441654,0.467466,0.492841,0.520513,0.549497,0.57695,0.604512,0.632403,0.661497,0.687965,0.712465,0.73609,0.758184,0.776559,0.792527,0.805215,0.816152,0.823808,0.827527,0.826871,0.823371,0.817027,0.806308,0.792308,0.77634,0.758402,0.738277,0.715309,0.692121,0.668278,0.643559,0.61709,0.591716,0.567216,0.542497,0.518872,0.496779,0.474904,0.454779,0.435091,0.415404,0.398342,0.382592,0.367279,0.354154,0.341029,0.330748,0.320248,0.310623,0.301654,0.294873,0.287655,0.281092,0.275623,0.271686,0.267748,0.264686,0.260092,0.25703,0.25528,0.252436,0.249373,0.249373,0.247623,0.247842,0.245436,0.245436,0.24478,0.245436,0.244342,0.243686,0.244998,0.246092,0.246748,0.246748,0.248061,0.249155,0.251561,0.251561,0.252655,0.254842,0.257467,0.258998,0.261186,0.262936,0.266436,0.268623,0.271248,0.27453,0.278248,0.281967,0.285686,0.289842,0.294654,0.299467,0.304061,0.308654,0.314342,0.320904,0.326811,0.333373,0.339717,0.348029,0.356123,0.363342,0.371654,0.381716,0.392654,0.402279,0.412998,0.424373,0.43706,0.447998,0.459591,0.472279,0.485841,0.497654,0.509685,0.522372,0.535497,0.547309,0.557153,0.567435,0.578153,0.586247,0.593466,0.600028,0.606372,0.611622,0.615559,0.617966,0.619715,0.619934,0.621028,0.61884,0.61709,0.616434,0.615122,0.612497,0.609434,0.608559,0.606372,0.604841,0.603309,0.602434,0.605278,0.606372,0.608341,0.611622,0.616216,0.622997,0.628247,0.635684,0.644434,0.656684,0.668497,0.682934,0.699559,0.717496,0.737184,0.758184,0.783121,0.810246,0.841308,0.874558,0.909558,0.94937,0.993558,1.04037,1.090245,1.143619,1.202682,1.266119,1.330431,1.398681,1.47043,1.544805,1.619617,1.693554,1.768804,1.847116,1.921491,1.991491,2.058865,2.121865,2.184865,2.23649,2.283739,2.328364,2.370364,2.407989,2.442114,2.473614,2.506864,2.540113,2.571613,2.604863,2.643363,2.690612,2.740488,2.795612,2.861237,2.935611,3.016111,3.102736,3.19811,3.30836,3.427359,3.555108,3.688983,3.837733,4.000482,4.168481,4.34523,4.53598,4.744228,4.959478,5.183477,5.419726,5.675224,5.942973,6.212472,6.494221,6.795219,7.113718,7.433967,7.769965,8.114712,8.483962,8.858461,9.232958,9.624957,10.037955,10.461453,10.884951,11.318949,11.770446,12.232445,12.701442,13.163442,13.635939,14.129437,14.619435,15.105932,15.599433,16.09293,16.596926,17.107922,17.590922,18.10192,,0,5,0,0
0.160999,0.157499,0.151374,0.146561,0.142624,0.139999,0.137374,0.13628,0.134311,0.129718,0.130374,0.128077,0.124905,0.126327,0.124796,0.123155,0.122827,0.12239,0.121624,0.12064,0.119765,0.119765,0.12022975,0.12064,0.120749,0.120968,0.121624,0.122171,0.123593,0.12403,0.124577,0.125233,0.126983,0.129061,0.13114,0.132671,0.135515,0.136936,0.139671,0.142624,0.145468,0.148858,0.152905,0.156514,0.161108,0.166358,0.171389,0.177186,0.183092,0.190421,0.199061,0.207811,0.216889,0.226952,0.238436,0.250686,0.263811,0.278358,0.294108,0.311389,0.329654,0.349123,0.37067,0.39331,0.416826,0.441107,0.466482,0.493825,0.521278,0.549388,0.576731,0.605169,0.632403,0.658325,0.681731,0.703715,0.723184,0.741121,0.75534,0.766934,0.775902,0.779621,0.780277,0.776559,0.77109,0.76234,0.749434,0.73609,0.720996,0.703278,0.682059,0.661278,0.639622,0.616872,0.593684,0.570497,0.548403,0.527185,0.505091,0.48431,0.464622,0.444716,0.425466,0.408185,0.391123,0.376685,0.362029,0.348248,0.335998,0.324842,0.313029,0.302311,0.292904,0.285029,0.277592,0.270811,0.264686,0.25878,0.253311,0.248717,0.24478,0.24128,0.237561,0.234717,0.23253,0.230561,0.228811,0.227061,0.225967,0.224436,0.223561,0.222686,0.221155,0.220717,0.221374,0.220499,0.221592,0.219624,0.220717,0.221592,0.221592,0.221374,0.222686,0.224436,0.225311,0.226186,0.227499,0.228592,0.23078,0.231217,0.233405,0.235811,0.238217,0.240405,0.242811,0.245436,0.247842,0.251123,0.254186,0.257686,0.262717,0.265123,0.270155,0.275186,0.280436,0.285248,0.290498,0.296842,0.303623,0.311061,0.316748,0.324404,0.334686,0.341467,0.351529,0.359842,0.369685,0.380404,0.391123,0.402498,0.413216,0.424154,0.434435,0.444935,0.45456,0.465716,0.47381,0.482779,0.49131,0.498966,0.50531,0.510997,0.516028,0.521278,0.524122,0.526528,0.528278,0.530247,0.532435,0.531778,0.530247,0.529153,0.529372,0.525216,0.52281,0.521497,0.519091,0.517778,0.514278,0.51406,0.511653,0.510122,0.509685,0.509903,0.511435,0.513841,0.516028,0.521716,0.526966,0.533966,0.541622,0.551247,0.562841,0.575966,0.590622,0.607028,0.626059,0.648153,0.671121,0.697371,0.726684,0.760809,0.795371,0.833871,0.878933,0.92662,0.977808,1.033807,1.09112,1.154994,1.220619,1.289306,1.361493,1.436306,1.51243,1.586368,1.658555,1.728992,1.798554,1.861991,1.918429,1.973116,2.022115,2.06499,2.099115,2.13149,2.16124,2.184865,2.207615,2.228614,2.25749,2.28724,2.317864,2.353739,2.395739,2.446489,2.500739,2.563738,2.636363,2.724737,2.817487,2.920737,3.035361,3.162235,3.29786,3.443109,3.602358,3.776483,3.961981,4.157981,4.364481,4.59198,4.824728,5.074977,5.333976,5.615725,5.909723,6.215972,6.53447,6.872219,7.225718,7.584465,7.955464,8.347463,8.760461,9.176959,9.600457,10.041455,10.503453,10.972452,11.434449,11.913947,12.410945,12.918441,13.41894,13.926437,14.461934,14.983433,15.51543,16.029929,16.565425,17.079924,17.59792,18.115918,18.640918,19.172914,19.690912,20.201908,20.705904,21.202904,,0,5,0,0
0.179374,0.175874,0.170186,0.164499,0.158593,0.156405,0.151374,0.149405,0.14678,0.143499,0.140218,0.138468,0.137811,0.13639,0.135405,0.135843,0.133765,0.131905,0.132233,0.132343,0.131577,0.130155,0.130374,0.130593,0.131905,0.13114,0.130483,0.130483,0.130921,0.131358,0.13278,0.133436,0.134311,0.135733,0.137155,0.138686,0.138905,0.141639,0.143171,0.14503,0.147327,0.150061,0.152905,0.155749,0.158593,0.161655,0.165811,0.169858,0.174342,0.179155,0.184952,0.191186,0.198405,0.205842,0.214264,0.222795,0.232202,0.24292,0.254842,0.267311,0.281858,0.296842,0.313795,0.331514,0.350873,0.372201,0.393857,0.417263,0.443076,0.470201,0.499294,0.52795,0.558247,0.588434,0.619059,0.649903,0.68009,0.709184,0.738715,0.765184,0.789683,0.811996,0.830152,0.845246,0.856839,0.864277,0.868214,0.867777,0.864277,0.856402,0.844589,0.829277,0.810246,0.789465,0.766059,0.740902,0.715746,0.689278,0.661497,0.634809,0.607466,0.580559,0.554091,0.529153,0.504872,0.482779,0.461997,0.441873,0.42306,0.405123,0.389373,0.373185,0.359623,0.34606,0.334904,0.323967,0.314561,0.305373,0.297498,0.290279,0.282842,0.277373,0.272342,0.267092,0.26403,0.260311,0.25703,0.253748,0.251561,0.248936,0.246967,0.245655,0.243467,0.243467,0.242373,0.24128,0.241061,0.240842,0.240842,0.239748,0.240186,0.240842,0.240623,0.242373,0.243686,0.243905,0.244998,0.245436,0.247623,0.247842,0.250467,0.251342,0.253967,0.256373,0.258342,0.259873,0.263373,0.265561,0.267748,0.271029,0.274311,0.279123,0.282186,0.286998,0.291373,0.295748,0.299248,0.305811,0.310404,0.317623,0.323092,0.330092,0.337967,0.344748,0.352404,0.360717,0.369685,0.379748,0.389154,0.399873,0.410154,0.421748,0.432685,0.443404,0.454779,0.465716,0.47556,0.486716,0.496779,0.506622,0.515372,0.523466,0.531997,0.537903,0.542716,0.546216,0.549497,0.552778,0.554747,0.555403,0.556278,0.554091,0.553435,0.549935,0.54731,0.544685,0.543372,0.540091,0.538341,0.536591,0.533528,0.530903,0.52981,0.52981,0.531341,0.531997,0.534622,0.537247,0.541841,0.546653,0.552341,0.559559,0.566997,0.576841,0.588434,0.602434,0.616653,0.632841,0.650997,0.670246,0.692559,0.716184,0.744621,0.774809,0.807183,0.843933,0.882433,0.924433,0.969495,1.018057,1.069245,1.12612,1.183432,1.244244,1.308994,1.374181,1.440681,1.509368,1.575868,1.644555,1.709304,1.774054,1.838366,1.895241,1.945116,1.994116,2.03699,2.07724,2.109615,2.141115,2.170865,2.200615,2.22774,2.25749,2.285489,2.318739,2.353739,2.395739,2.441238,2.493738,2.554113,2.618863,2.694112,2.775487,2.862112,2.960111,3.065986,3.177985,3.29961,3.432609,3.571733,3.721358,3.879733,4.042482,4.220981,4.40823,4.605979,4.810729,5.027727,5.255226,5.489725,5.731224,5.984973,6.250971,6.522221,6.79872,7.096218,7.397217,7.703464,8.020214,8.350963,8.683461,9.026459,9.379959,9.750956,10.118454,10.492954,10.884951,11.280449,11.679447,12.074946,12.477444,12.886942,13.30344,13.719939,14.132936,14.556434,14.969433,15.37193,15.798929,,0,5,0,0
0.143936,0.139561,0.132561,0.128405,0.125343,0.123155,0.11878,0.115499,0.115061,0.111562,0.109593,0.109483,0.106421,0.104671,0.104452,0.103905,0.103905,0.102921,0.102921,0.10128,0.101171,0.100077,0.100187,0.100733,0.101062,0.100515,0.100187,0.10139,0.100952,0.10139,0.101499,0.102702,0.10303,0.104343,0.105108,0.105983,0.108062,0.108937,0.110249,0.11178,0.11364,0.115827,0.117905,0.120421,0.122608,0.125452,0.128296,0.131796,0.135186,0.138468,0.14328,0.147874,0.153561,0.159358,0.165702,0.172155,0.179483,0.187796,0.196546,0.206608,0.217436,0.229467,0.242045,0.256811,0.272123,0.288748,0.307014,0.326045,0.347592,0.370998,0.394841,0.420435,0.447232,0.475669,0.504872,0.53506,0.565247,0.597075,0.628794,0.659418,0.689059,0.718153,0.744402,0.768684,0.790777,0.809808,0.825558,0.836715,0.845464,0.849621,0.849402,0.844152,0.834964,0.822058,0.805215,0.786402,0.765621,0.741996,0.717277,0.69059,0.66259,0.634809,0.606591,0.578372,0.551903,0.52631,0.501372,0.477747,0.454779,0.434216,0.413435,0.394623,0.376248,0.36006,0.345623,0.331842,0.319373,0.307561,0.296623,0.286998,0.278467,0.270592,0.262717,0.25703,0.251342,0.246748,0.242592,0.238436,0.234936,0.231436,0.229248,0.225749,0.224436,0.222905,0.222467,0.220717,0.219186,0.218967,0.217874,0.217217,0.216342,0.216998,0.217874,0.217655,0.218749,0.218749,0.219186,0.219624,0.220499,0.221155,0.223124,0.223998,0.225967,0.227717,0.229905,0.231655,0.233623,0.235155,0.237342,0.240186,0.243248,0.246092,0.249155,0.252873,0.256155,0.259655,0.264686,0.267967,0.272998,0.277811,0.282404,0.28853,0.294873,0.301436,0.307998,0.314123,0.320904,0.329217,0.337967,0.347373,0.356123,0.365092,0.374279,0.385435,0.395935,0.40556,0.41606,0.42656,0.437279,0.447779,0.458279,0.46681,0.475779,0.483654,0.492404,0.498091,0.503997,0.509029,0.513403,0.516685,0.519091,0.520841,0.520622,0.520841,0.518872,0.516247,0.515153,0.513404,0.511216,0.509029,0.505966,0.502685,0.50181,0.499404,0.499185,0.498966,0.499622,0.50006,0.501591,0.504216,0.509029,0.51231,0.51756,0.524122,0.532216,0.541841,0.55256,0.56481,0.580122,0.595434,0.614028,0.633059,0.65384,0.680746,0.706121,0.736309,0.769996,0.804559,0.843058,0.884183,0.931433,0.979558,1.031182,1.088495,1.148432,1.212744,1.278369,1.347056,1.420118,1.493618,1.565805,1.639742,1.712804,1.784991,1.852804,1.917116,1.97749,2.030865,2.08074,2.12624,2.16474,2.204114,2.235614,2.266239,2.295114,2.324864,2.351989,2.382614,2.417614,2.457863,2.502489,2.553238,2.610113,2.673988,2.743987,2.821862,2.910237,3.006486,3.111486,3.22786,3.352984,3.486859,3.631233,3.783483,3.946232,4.122981,4.310231,4.507979,4.717978,4.938477,5.169477,5.407475,5.661224,5.923723,6.198472,6.481971,6.775969,7.087468,7.407716,7.736715,8.077964,8.433213,8.791959,9.166458,9.551457,9.950455,10.359953,10.776452,11.203449,11.640948,12.081945,12.526444,12.970942,13.42944,13.894937,14.356936,14.822434,15.291431,15.753428,16.239926,,0,5,0,0
0.132124,0.131249,0.123374,0.121624,0.117249,0.115061,0.114186,0.11003,0.10828,0.107624,0.105874,0.104015,0.103577,0.10139,0.101062,0.101062,0.101499,0.101718,0.100952,0.100077,0.099421432,0.098546432,0.099093304,0.099640184,0.100296,0.100296,0.101062,0.101827,0.101937,0.103468,0.104562,0.105327,0.107733,0.109483,0.110468,0.112765,0.114952,0.116702,0.120093,0.122499,0.125124,0.128843,0.132999,0.13628,0.140765,0.146561,0.150827,0.157171,0.163514,0.169858,0.177952,0.186921,0.195889,0.206389,0.21842,0.230233,0.243248,0.257467,0.272889,0.289842,0.308654,0.328342,0.349014,0.371654,0.395716,0.41967,0.445919,0.472935,0.499841,0.528607,0.557044,0.584497,0.611622,0.6382,0.66259,0.683371,0.703715,0.721434,0.736965,0.750309,0.759277,0.76584,0.76934,0.769559,0.766496,0.761027,0.753809,0.743965,0.733027,0.720121,0.704809,0.688403,0.671559,0.652528,0.632184,0.613372,0.593903,0.573341,0.554528,0.533747,0.513403,0.495247,0.476216,0.457185,0.439466,0.423279,0.407091,0.39156,0.376904,0.363342,0.349342,0.337092,0.325279,0.313467,0.304498,0.295311,0.286123,0.277592,0.270811,0.263592,0.257467,0.251998,0.246311,0.242811,0.239311,0.235373,0.232311,0.229905,0.226842,0.224436,0.222686,0.219842,0.217874,0.217436,0.215686,0.214811,0.214374,0.213717,0.212405,0.213061,0.212405,0.212186,0.21328,0.213936,0.214155,0.214811,0.215905,0.21678,0.217873,0.219624,0.219842,0.221592,0.223998,0.226186,0.227936,0.230561,0.231873,0.234061,0.237342,0.239967,0.243248,0.246967,0.251998,0.25528,0.258561,0.263592,0.267967,0.272561,0.277155,0.283279,0.289186,0.295311,0.302529,0.308873,0.315436,0.325279,0.333154,0.341029,0.350654,0.359623,0.368154,0.378217,0.386967,0.396373,0.404248,0.413216,0.419998,0.429841,0.436841,0.443404,0.449529,0.455654,0.459372,0.463529,0.467247,0.469435,0.473154,0.47556,0.477529,0.478622,0.478841,0.47813,0.477747,0.47731,0.475779,0.474247,0.473372,0.472497,0.471622,0.47031,0.469872,0.469216,0.469654,0.470966,0.47206,0.473154,0.47731,0.48081,0.48606,0.491529,0.499185,0.50706,0.516247,0.528497,0.540091,0.553216,0.570497,0.587122,0.606372,0.629997,0.652309,0.679872,0.710059,0.742871,0.779184,0.817683,0.860558,0.904308,0.953308,1.004933,1.05787,1.11562,1.175994,1.236369,1.300244,1.363681,1.427556,1.489243,1.551368,1.610867,1.66468,1.720242,1.770992,1.816054,1.859366,1.900491,1.937241,1.971366,2.00549,2.037865,2.072865,2.11224,2.151615,2.193615,2.242614,2.297739,2.352864,2.419364,2.491113,2.571613,2.659113,2.757987,2.863862,2.975861,3.10186,3.23486,3.375735,3.530609,3.695983,3.870108,4.061731,4.262981,4.47123,4.696979,4.938477,5.188726,5.449475,5.736474,6.025223,6.329721,6.65347,6.985968,7.323717,7.684216,8.060464,8.434963,8.83746,9.246959,9.656456,10.093955,10.538453,10.98645,11.444948,11.927946,12.414445,12.893943,13.401439,13.912439,14.412935,14.937933,15.455931,15.956428,16.449925,16.960924,17.46492,17.968918,18.479916,18.962914,19.459912,19.956912,,0,5,0,0
0.158374,0.153999,0.150499,0.143936,0.139999,0.137811,0.134749,0.131686,0.12928,0.12578,0.12578,0.124249,0.122499,0.121186,0.121515,0.118999,0.120093,0.11889,0.118999,0.119327,0.117577,0.118343,0.11714,0.117796,0.119218,0.119436,0.119874,0.120202,0.12064,0.121843,0.123374,0.124468,0.126546,0.12753,0.129827,0.131796,0.134311,0.137483,0.139561,0.142405,0.145577,0.149514,0.153233,0.157389,0.162202,0.167452,0.173686,0.179264,0.185936,0.193155,0.201905,0.211092,0.220936,0.231655,0.243467,0.255826,0.26917,0.284592,0.300451,0.317951,0.337529,0.357982,0.379967,0.403263,0.42831,0.454013,0.481357,0.509904,0.540091,0.570716,0.601887,0.633387,0.663903,0.692996,0.721434,0.747902,0.772402,0.794715,0.81484,0.831246,0.844808,0.854214,0.858808,0.860996,0.857714,0.851152,0.842621,0.829715,0.815496,0.797777,0.778527,0.755121,0.731715,0.70634,0.68009,0.65384,0.629122,0.602872,0.577934,0.553435,0.528278,0.504654,0.481685,0.460247,0.43881,0.419998,0.403154,0.385654,0.369904,0.354592,0.341685,0.329217,0.316748,0.305373,0.295967,0.286998,0.279561,0.27278,0.265998,0.260092,0.253748,0.249373,0.244998,0.240842,0.238873,0.236248,0.233186,0.231873,0.229467,0.227498,0.226842,0.224874,0.224655,0.223342,0.223561,0.223123,0.221592,0.222905,0.222248,0.222686,0.223342,0.224217,0.224873,0.226624,0.226842,0.228155,0.229467,0.231655,0.23253,0.23428,0.237123,0.238655,0.241061,0.243905,0.247186,0.250248,0.25353,0.255717,0.259217,0.26228,0.266655,0.271467,0.275842,0.280873,0.285904,0.290717,0.296186,0.301217,0.307123,0.313686,0.322436,0.328779,0.338842,0.345623,0.353935,0.363998,0.37231,0.382373,0.392873,0.404248,0.415404,0.426998,0.436623,0.447341,0.457622,0.467685,0.475997,0.484966,0.494153,0.500279,0.507279,0.513622,0.517778,0.521716,0.525653,0.52631,0.528935,0.529591,0.530466,0.530466,0.52806,0.527403,0.525216,0.523028,0.52106,0.51756,0.515372,0.513185,0.510122,0.509247,0.508153,0.50706,0.505747,0.505966,0.507935,0.510341,0.515154,0.519091,0.525653,0.531997,0.539216,0.550372,0.559778,0.572247,0.587122,0.603309,0.622559,0.642247,0.665434,0.690371,0.717934,0.748121,0.781809,0.820308,0.859683,0.904746,0.950683,1.000558,1.055245,1.111682,1.172932,1.234182,1.299369,1.366743,1.434118,1.502368,1.571493,1.639305,1.704929,1.768367,1.826991,1.884741,1.938991,1.988866,2.03524,2.079865,2.11924,2.15599,2.19449,2.23299,2.272364,2.317864,2.364239,2.417614,2.474488,2.539238,2.605738,2.685362,2.774612,2.872612,2.978486,3.096611,3.223485,3.363485,3.509609,3.667983,3.836857,4.018857,4.213981,4.41698,4.632229,4.868478,5.106477,5.365475,5.638474,5.920223,6.219472,6.530971,6.854719,7.192468,7.545966,7.908214,8.286213,8.672961,9.075459,9.481457,9.911957,10.349453,10.786952,11.245448,11.714448,12.197445,12.683943,13.184441,13.691938,14.202937,14.734934,15.270432,15.802428,16.341424,16.855924,17.380924,17.92692,18.465916,18.983914,19.529914,20.06191,20.579906,21.104906,21.629902,,0,5,0,0
0.168436,0.163624,0.158374,0.154436,0.149186,0.144374,0.144155,0.140218,0.136499,0.134311,0.132999,0.131358,0.12939,0.130046,0.12928,0.126983,0.125561,0.126983,0.125561,0.12589,0.125124,0.124686,0.123811,0.125015,0.126108,0.125999,0.127311,0.12939,0.128515,0.129718,0.13114,0.132124,0.133874,0.13628,0.137811,0.140546,0.142514,0.144921,0.147436,0.151155,0.153233,0.156843,0.160999,0.165702,0.169967,0.17478,0.180467,0.185608,0.192061,0.19917,0.207374,0.21678,0.225858,0.236358,0.247842,0.260748,0.274311,0.289186,0.305483,0.324514,0.344967,0.36717,0.390685,0.417263,0.446138,0.476325,0.509575,0.54545,0.584934,0.626169,0.6697,0.716184,0.764527,0.81484,0.865808,0.918964,0.972776,1.02812,1.081276,1.133994,1.1854,1.234619,1.278806,1.318181,1.354931,1.385993,1.410493,1.428868,1.441993,1.447681,1.444618,1.434118,1.418806,1.397368,1.369368,1.336119,1.301556,1.263056,1.221057,1.175557,1.129619,1.083682,1.035995,0.98787,0.94237,0.899058,0.856183,0.814621,0.774809,0.736309,0.701309,0.667184,0.634809,0.605934,0.579685,0.554747,0.53156,0.51056,0.490872,0.472935,0.45631,0.440998,0.427435,0.415185,0.404685,0.39506,0.385873,0.378435,0.369685,0.36356,0.357435,0.351748,0.347373,0.343435,0.339498,0.336873,0.333373,0.330748,0.328561,0.327686,0.325498,0.32506,0.325061,0.324623,0.324623,0.325498,0.325061,0.325498,0.327248,0.327686,0.328561,0.330311,0.332935,0.335123,0.336873,0.338623,0.342123,0.345185,0.347373,0.351748,0.356998,0.361373,0.366185,0.37056,0.376685,0.383248,0.388498,0.394623,0.402498,0.41081,0.419998,0.428748,0.43881,0.44931,0.45981,0.471185,0.482997,0.496122,0.511435,0.525435,0.540747,0.55781,0.573122,0.590184,0.605497,0.623434,0.639622,0.657559,0.672871,0.689059,0.704371,0.719246,0.730621,0.742434,0.752934,0.761684,0.767809,0.773059,0.777871,0.781371,0.781808,0.780496,0.779184,0.776996,0.771308,0.766933,0.762121,0.758184,0.750746,0.745059,0.738059,0.733246,0.727121,0.721871,0.718371,0.717496,0.713996,0.712684,0.713559,0.715746,0.718809,0.724059,0.729309,0.738934,0.750309,0.763871,0.777871,0.795371,0.815933,0.839996,0.864933,0.894683,0.927058,0.965995,1.00712,1.051745,1.102495,1.158057,1.216244,1.280556,1.350994,1.427556,1.509368,1.593367,1.683492,1.778867,1.876866,1.973991,2.07374,2.176115,2.275864,2.372114,2.464863,2.554988,2.637238,2.708112,2.771987,2.827987,2.876112,2.912862,2.940861,2.965361,2.983736,2.995986,3.001236,3.008236,3.014361,3.022236,3.030111,3.045861,3.068611,3.097486,3.129861,3.169235,3.219985,3.277735,3.344234,3.419484,3.508734,3.610233,3.715233,3.830733,3.961981,4.100231,4.25073,4.41173,4.58498,4.772228,4.966477,5.174726,5.393475,5.622725,5.865974,6.114472,6.378721,6.65522,6.945718,7.239717,7.544215,7.867964,8.200463,8.539962,8.882961,9.243458,9.621457,9.995955,10.380954,10.772951,11.17895,11.588447,11.994445,12.410945,12.834442,13.264941,13.688438,14.125936,14.566934,15.014933,15.427929,15.854928,,0,10,0,0
0.142624,0.138249,0.132561,0.129061,0.125561,0.121405,0.12053,0.11703,0.116702,0.112327,0.112655,0.11014,0.109921,0.10664,0.107077,0.1066125,0.106421,0.106312,0.104999,0.105327,0.10478,0.104999,0.105546,0.105874,0.1066395,0.107405,0.107733,0.108718,0.109921,0.111343,0.112436,0.113749,0.115608,0.117796,0.120093,0.122171,0.123811,0.126874,0.12928,0.132233,0.135296,0.139124,0.143389,0.147218,0.151483,0.156514,0.161655,0.167561,0.174124,0.180686,0.189108,0.19753,0.207045,0.217436,0.228483,0.241061,0.254623,0.26928,0.285795,0.303951,0.323748,0.345185,0.369029,0.394076,0.421529,0.451716,0.4842,0.5192,0.556388,0.596309,0.638637,0.68359,0.729746,0.778308,0.827965,0.879152,0.931214,0.984589,1.037307,1.08937,1.139901,1.188244,1.233744,1.274869,1.312494,1.346181,1.375056,1.397806,1.416181,1.427118,1.431056,1.429743,1.420993,1.406993,1.386431,1.362369,1.333931,1.301556,1.264806,1.224994,1.182557,1.138807,1.093307,1.048245,1.002745,0.95812,0.915245,0.872371,0.830808,0.790996,0.752496,0.716184,0.681621,0.649247,0.619934,0.592372,0.566997,0.542497,0.52106,0.500497,0.481685,0.464623,0.448872,0.43531,0.423498,0.411248,0.400748,0.39156,0.382373,0.37406,0.36706,0.360935,0.355685,0.35131,0.346498,0.343435,0.338623,0.33556,0.332498,0.330748,0.327686,0.327248,0.325936,0.325498,0.325498,0.325061,0.324623,0.324623,0.324623,0.325498,0.325936,0.328123,0.328998,0.330311,0.332935,0.335123,0.33731,0.340373,0.34256,0.345623,0.349998,0.355248,0.359623,0.36356,0.369685,0.375373,0.381498,0.38806,0.395498,0.403373,0.411685,0.420873,0.429623,0.439685,0.45106,0.462435,0.474247,0.486935,0.500935,0.516247,0.53156,0.546435,0.562185,0.579247,0.596309,0.613372,0.629559,0.647497,0.663684,0.680309,0.696934,0.710934,0.724496,0.736309,0.748559,0.756871,0.766496,0.773059,0.778308,0.783996,0.784871,0.785308,0.784871,0.782246,0.778746,0.774809,0.769559,0.765184,0.758184,0.753809,0.746371,0.740246,0.734559,0.728871,0.724059,0.720559,0.719246,0.716621,0.716621,0.716621,0.719246,0.722309,0.727996,0.735871,0.746808,0.758184,0.771746,0.788371,0.807183,0.829058,0.853996,0.881121,0.913495,0.949808,0.990058,1.032932,1.08237,1.136619,1.194369,1.256931,1.325619,1.399119,1.477868,1.560992,1.648492,1.740367,1.835741,1.932866,2.030865,2.12974,2.22949,2.324864,2.419364,2.508614,2.589988,2.666112,2.730862,2.790362,2.841987,2.881362,2.917236,2.942611,2.962736,2.978486,2.985486,2.989861,2.992486,2.994236,2.996861,3.002111,3.011736,3.025736,3.042361,3.065986,3.095735,3.130735,3.176235,3.226985,3.289985,3.358235,3.436984,3.524484,3.618984,3.722233,3.835983,3.960232,4.093231,4.238481,4.39423,4.55523,4.730229,4.906978,5.104727,5.309476,5.522975,5.743474,5.979723,6.226472,6.48022,6.74622,7.017468,7.306216,7.598466,7.906464,8.221463,8.543463,8.872459,9.215457,9.561958,9.918955,10.282954,10.639952,11.01795,11.399449,11.787947,12.172946,12.564944,12.963941,13.366439,13.761939,,0,10,0,0
0.139124,0.133436,0.128624,0.123593,0.120968,0.118999,0.115936,0.112655,0.110905,0.109483,0.108827,0.10740525,0.105765,0.105546,0.104671,0.102812,0.102155,0.102812,0.103249,0.102593,0.10314,0.102046,0.102921,0.103577,0.103687,0.104999,0.106858,0.106749,0.108062,0.11003,0.111452,0.114405,0.115499,0.117686,0.120749,0.123921,0.126655,0.129608,0.133327,0.13639,0.140546,0.14503,0.149952,0.154983,0.161546,0.167561,0.174124,0.181889,0.189874,0.198952,0.209561,0.221045,0.233295,0.246639,0.261623,0.277592,0.295639,0.314889,0.335998,0.360607,0.385763,0.413982,0.444279,0.477966,0.51406,0.552888,0.594559,0.639731,0.688074,0.738715,0.791871,0.848527,0.906058,0.964901,1.025276,1.08587,1.146244,1.206182,1.26415,1.319712,1.370243,1.416618,1.457743,1.492305,1.52118,1.541743,1.554868,1.560993,1.559243,1.54918,1.52993,1.504555,1.471743,1.432368,1.389056,1.341806,1.292369,1.240306,1.185619,1.130494,1.075807,1.021557,0.967745,0.91612,0.866683,0.820746,0.776996,0.734996,0.695621,0.659309,0.624309,0.592809,0.562622,0.535497,0.510997,0.48781,0.468122,0.448435,0.431373,0.415623,0.401185,0.38806,0.376248,0.366185,0.356998,0.34956,0.342561,0.335123,0.32856,0.323748,0.317623,0.313686,0.310186,0.307123,0.304498,0.302311,0.300123,0.298811,0.296623,0.294436,0.294436,0.293998,0.294436,0.293998,0.294436,0.295311,0.295311,0.297061,0.297936,0.299686,0.301436,0.304061,0.305811,0.308436,0.311498,0.314123,0.317623,0.321561,0.325498,0.329436,0.334248,0.340811,0.346498,0.352623,0.358748,0.365748,0.373185,0.381498,0.38981,0.40031,0.411685,0.422185,0.43356,0.446685,0.45981,0.474685,0.489122,0.50531,0.524122,0.541622,0.559997,0.579684,0.599809,0.619934,0.638309,0.658434,0.677247,0.696497,0.714871,0.731496,0.746809,0.760809,0.772621,0.782246,0.789246,0.794933,0.798871,0.800621,0.802371,0.798871,0.796683,0.790121,0.781808,0.774371,0.766059,0.756434,0.746809,0.737621,0.727996,0.717934,0.708746,0.699559,0.692559,0.684684,0.678996,0.675934,0.673309,0.672872,0.671559,0.675496,0.678559,0.685121,0.692996,0.705246,0.717496,0.732809,0.752496,0.772621,0.798871,0.826433,0.857058,0.892933,0.93187,0.97737,1.027245,1.081057,1.140557,1.205744,1.274431,1.351431,1.431493,1.519868,1.609993,1.706242,1.807741,1.911866,2.017741,2.12449,2.230365,2.335364,2.435989,2.531363,2.622363,2.702862,2.772862,2.832362,2.880487,2.918987,2.946111,2.962736,2.973236,2.979361,2.978486,2.971486,2.967986,2.960111,2.959236,2.960111,2.966236,2.982861,3.007361,3.040611,3.079986,3.128986,3.191985,3.261985,3.345985,3.436984,3.540234,3.657483,3.785232,3.925232,4.077481,4.23848,4.41348,4.604229,4.807228,5.020727,5.246477,5.491475,5.745224,6.009473,6.285972,6.57822,6.884469,7.201217,7.528466,7.871464,8.228463,8.599462,8.966961,9.362457,9.768456,10.188453,10.615453,11.05645,11.500949,11.962947,12.431944,12.904442,13.380441,13.859938,14.346435,14.836434,15.329929,15.833928,16.323927,16.813924,17.296924,17.79392,,0,10,0,0
0.180686,0.176749,0.167999,0.166468,0.161218,0.156843,0.154655,0.151811,0.148968,0.14503,0.143499,0.144264,0.140546,0.140874,0.140327,0.138905,0.138796,0.137374,0.137483,0.137046,0.136718,0.136936,0.136499,0.137155,0.137483,0.136499,0.139124,0.140218,0.140436,0.14153,0.142733,0.144374,0.146452,0.147983,0.149952,0.152577,0.154874,0.156952,0.159577,0.16253,0.165811,0.169639,0.173249,0.178171,0.182546,0.188124,0.193592,0.199717,0.206061,0.213827,0.22203,0.231436,0.241608,0.252436,0.26392,0.276936,0.291592,0.307123,0.324076,0.343107,0.364217,0.386638,0.41092,0.438154,0.46681,0.49831,0.53156,0.568419,0.607137,0.649137,0.692231,0.738059,0.785965,0.835621,0.885933,0.937995,0.990058,1.043432,1.095713,1.147557,1.197869,1.245775,1.289525,1.328681,1.366306,1.398243,1.425368,1.448556,1.46518,1.476118,1.47918,1.47568,1.467368,1.451618,1.431056,1.405243,1.375931,1.343119,1.305494,1.265244,1.222369,1.178182,1.132682,1.085432,1.04037,0.99662,0.953745,0.910433,0.868871,0.829496,0.790559,0.754246,0.720121,0.687746,0.657997,0.629559,0.603747,0.579247,0.556935,0.535935,0.516685,0.498747,0.48256,0.46856,0.45631,0.444935,0.434435,0.424373,0.414748,0.40731,0.399435,0.391998,0.387623,0.381935,0.37756,0.373623,0.369248,0.366623,0.362248,0.36006,0.357873,0.355685,0.355248,0.353935,0.353498,0.352185,0.35306,0.352185,0.351748,0.351748,0.353498,0.353935,0.35481,0.356998,0.358748,0.360498,0.362248,0.364435,0.367498,0.371435,0.374935,0.377998,0.383685,0.388498,0.394185,0.399435,0.405998,0.412123,0.420435,0.427873,0.437935,0.44581,0.456747,0.466372,0.478185,0.49131,0.502247,0.516685,0.53156,0.548185,0.563497,0.579684,0.596747,0.614247,0.633059,0.649684,0.667184,0.685559,0.703496,0.720559,0.736746,0.751621,0.765184,0.777871,0.787934,0.796683,0.805871,0.811996,0.817246,0.820746,0.822058,0.822058,0.818996,0.815496,0.811121,0.805871,0.800184,0.793621,0.788371,0.781371,0.775246,0.767809,0.761684,0.757309,0.751184,0.747684,0.746809,0.745496,0.745059,0.745934,0.749871,0.754246,0.760371,0.768246,0.778746,0.792746,0.807621,0.824683,0.845246,0.868871,0.895558,0.923995,0.957683,0.99662,1.038182,1.084557,1.134432,1.189119,1.249494,1.313369,1.384243,1.461243,1.539993,1.624867,1.715867,1.811241,1.908366,2.00899,2.111365,2.214615,2.317864,2.418489,2.515613,2.610988,2.701112,2.781612,2.855112,2.922487,2.978486,3.026611,3.069486,3.105361,3.135111,3.15786,3.17711,3.191111,3.204235,3.21736,3.22786,3.247985,3.268985,3.295235,3.326735,3.361734,3.405485,3.452734,3.512233,3.576984,3.655733,3.739733,3.832482,3.935732,4.051232,4.173731,4.30673,4.44848,4.604229,4.772229,4.948977,5.136226,5.335726,5.542225,5.760974,5.988473,6.231722,6.485471,6.74447,7.019218,7.304467,7.598465,7.909963,8.221463,8.546961,8.88996,9.232958,9.596958,9.974955,10.349453,10.741451,11.129951,11.528948,11.934945,12.351445,12.757443,13.17744,13.607939,14.027937,14.444435,14.871431,15.315931,,0,10,0,0
0.149624,0.144374,0.138249,0.136061,0.129936,0.125561,0.124468,0.121405,0.118124,0.11878,0.114952,0.113749,0.112108,0.111671,0.109812,0.108827,0.110905,0.109265,0.107952,0.108062,0.10830775,0.108499,0.108718,0.108718,0.109483,0.110687,0.111233,0.112546,0.113749,0.114515,0.115936,0.118561,0.119218,0.121733,0.123702,0.126218,0.129608,0.132124,0.134968,0.137811,0.141093,0.145686,0.149514,0.154874,0.159577,0.165593,0.171171,0.178061,0.18528,0.193155,0.202233,0.212514,0.223342,0.235373,0.24817,0.263045,0.278467,0.295858,0.314342,0.335123,0.358092,0.383138,0.409498,0.439248,0.470201,0.504544,0.541731,0.580778,0.623434,0.668497,0.715309,0.765402,0.817027,0.870621,0.923995,0.978683,1.033589,1.08762,1.141213,1.192619,1.241181,1.286025,1.325619,1.358431,1.388181,1.410056,1.424931,1.434993,1.437181,1.431493,1.417931,1.400868,1.373743,1.341369,1.305056,1.264369,1.221932,1.176869,1.12962,1.08062,1.03162,0.98262,0.93362,0.886371,0.841308,0.797996,0.757746,0.719246,0.681184,0.646622,0.614247,0.583185,0.555184,0.52806,0.504872,0.48256,0.46331,0.44406,0.426998,0.41256,0.398998,0.385435,0.374498,0.36531,0.355248,0.346935,0.340811,0.334686,0.329436,0.323311,0.318061,0.314123,0.311061,0.307561,0.304061,0.301436,0.299686,0.297936,0.297061,0.295311,0.293998,0.293998,0.293998,0.293998,0.294436,0.295311,0.295311,0.296623,0.297061,0.299248,0.300998,0.302748,0.305373,0.307123,0.310623,0.314123,0.316311,0.320685,0.323311,0.328998,0.333811,0.33906,0.345185,0.350873,0.357873,0.364435,0.372748,0.37931,0.388498,0.397248,0.406873,0.418248,0.429623,0.44231,0.454997,0.46856,0.482122,0.497872,0.514497,0.531122,0.549935,0.567435,0.584934,0.605059,0.622997,0.641809,0.659309,0.677246,0.694309,0.709184,0.724059,0.735871,0.747246,0.755996,0.762996,0.769121,0.773934,0.775246,0.776121,0.773934,0.771746,0.766933,0.759934,0.752934,0.745059,0.736309,0.727559,0.718371,0.710934,0.700871,0.693871,0.685121,0.677684,0.671121,0.667622,0.663684,0.663684,0.662372,0.664121,0.668059,0.672434,0.680309,0.689934,0.701746,0.715746,0.734559,0.755559,0.778746,0.805871,0.836496,0.871496,0.911746,0.95462,1.004057,1.059182,1.119557,1.184744,1.256494,1.333493,1.417493,1.505868,1.602117,1.702742,1.807742,1.917116,2.029115,2.14549,2.25749,2.373864,2.484988,2.588238,2.688862,2.782487,2.864737,2.935611,2.996861,3.044111,3.076486,3.100986,3.113236,3.118486,3.11936,3.114111,3.104486,3.097486,3.08961,3.084361,3.084361,3.090486,3.105361,3.132485,3.167485,3.216485,3.270735,3.335485,3.414235,3.503484,3.604983,3.722233,3.846482,3.986482,4.143982,4.30673,4.48873,4.681229,4.884228,5.108227,5.344475,5.594725,5.857223,6.135472,6.427721,6.730469,7.050718,7.383217,7.726214,8.081463,8.459462,8.84446,9.239959,9.656457,10.086955,10.520953,10.975952,11.441448,11.906946,12.396945,12.893943,13.390939,13.898437,14.423434,14.927433,15.445432,15.945927,16.449925,16.974924,17.49292,18.01092,18.521918,19.039916,,0,10,0,0
0.187686,0.183749,0.178061,0.171936,0.166249,0.163843,0.159686,0.155968,0.155749,0.15203,0.151155,0.148968,0.146889,0.146671,0.146343,0.14503,0.144264,0.143499,0.143608,0.142733,0.142514,0.141858,0.141749,0.142843,0.143936,0.143499,0.14492075,0.146124,0.146124,0.146561,0.148093,0.149296,0.151046,0.153561,0.156296,0.157827,0.160889,0.163952,0.165593,0.169639,0.172702,0.176311,0.179921,0.18528,0.189546,0.195014,0.201577,0.20803,0.214483,0.223014,0.231545,0.241061,0.252327,0.263811,0.276498,0.291264,0.306467,0.323092,0.341139,0.362357,0.384123,0.408404,0.435529,0.464404,0.495138,0.528607,0.566013,0.603856,0.646293,0.691684,0.736965,0.785746,0.837808,0.889652,0.943683,0.99837,1.051745,1.105776,1.159807,1.211432,1.259994,1.305056,1.346619,1.381618,1.412681,1.438056,1.456431,1.469993,1.47743,1.475243,1.467805,1.454243,1.432805,1.405243,1.374181,1.337869,1.299806,1.258244,1.214494,1.168557,1.122182,1.074932,1.027682,0.981308,0.936683,0.89337,0.852246,0.812871,0.773933,0.738059,0.704371,0.671559,0.640934,0.612497,0.587122,0.563934,0.541185,0.521497,0.502247,0.484747,0.468997,0.454997,0.440998,0.43006,0.419998,0.410373,0.40206,0.394623,0.386748,0.380185,0.37406,0.367935,0.36356,0.36006,0.35656,0.352623,0.34956,0.347373,0.343435,0.342123,0.340373,0.33906,0.338186,0.338186,0.337748,0.338186,0.337748,0.338623,0.338186,0.339498,0.340811,0.341685,0.344311,0.34606,0.34781,0.35131,0.353498,0.355685,0.358748,0.363123,0.366623,0.371435,0.37756,0.38281,0.387185,0.39331,0.40031,0.406435,0.41431,0.421747,0.430498,0.44056,0.450623,0.460247,0.471622,0.483435,0.495685,0.509685,0.52456,0.539872,0.554747,0.570934,0.587122,0.602872,0.619497,0.637434,0.651872,0.668059,0.685559,0.699122,0.711809,0.725809,0.736746,0.744621,0.755121,0.760809,0.766059,0.769559,0.772621,0.772183,0.770871,0.768684,0.764746,0.759496,0.752934,0.745934,0.738059,0.732809,0.724934,0.717059,0.709621,0.702621,0.695621,0.690809,0.686871,0.682497,0.682059,0.681184,0.682497,0.684684,0.689059,0.695184,0.699996,0.711371,0.722309,0.736746,0.752933,0.771746,0.792746,0.818558,0.846996,0.877621,0.913495,0.955058,0.998808,1.047807,1.101182,1.159369,1.223244,1.291494,1.364556,1.441993,1.527743,1.614367,1.707117,1.802492,1.902241,2.001115,2.102615,2.202365,2.299489,2.395739,2.487614,2.570738,2.647738,2.717737,2.774612,2.825362,2.867362,2.897112,2.925112,2.946112,2.960986,2.967986,2.977611,2.983736,2.988111,2.997736,3.009111,3.026611,3.050236,3.078236,3.11586,3.157861,3.211235,3.268985,3.337235,3.412485,3.498234,3.596234,3.701232,3.818482,3.944482,4.082731,4.23148,4.38898,4.558729,4.738979,4.929728,5.132726,5.346225,5.570224,5.802974,6.049722,6.305221,6.562471,6.842469,7.129468,7.421717,7.727964,8.046464,8.378961,8.711462,9.061459,9.414959,9.778957,10.153454,10.538453,10.923451,11.32245,11.721447,12.123946,12.533444,12.946442,13.34894,13.765438,14.185436,14.598434,14.986934,15.406929,,0,10,0,0
0.195124,0.188999,0.184624,0.177186,0.173249,0.171061,0.166686,0.164061,0.161874,0.159686,0.156624,0.156405,0.155311,0.152796,0.153343,0.154546,0.153999,0.15378,0.154546,0.156843,0.157389,0.157718,0.161218,0.16253,0.166468,0.168983,0.173249,0.176749,0.181014,0.185827,0.191186,0.196874,0.203327,0.210655,0.21842,0.226405,0.235373,0.24478,0.255061,0.265342,0.277592,0.291264,0.305154,0.320686,0.337857,0.356889,0.377451,0.399216,0.423716,0.450513,0.480372,0.513075,0.548841,0.587669,0.630215,0.677356,0.727996,0.782684,0.843058,0.908902,0.980214,1.057651,1.139463,1.228056,1.322556,1.422962,1.529493,1.64193,1.760492,1.882991,2.009428,2.137615,2.267989,2.399676,2.527426,2.654738,2.776362,2.895362,3.004736,3.104486,3.195486,3.270735,3.330235,3.375734,3.405484,3.417734,3.414234,3.394984,3.359984,3.309235,3.24011,3.15961,3.066861,2.965361,2.854237,2.737863,2.621488,2.500739,2.379989,2.256614,2.135865,2.01949,1.903991,1.795491,1.691367,1.594242,1.504118,1.416618,1.335244,1.259994,1.189994,1.125244,1.06312,1.007995,0.95987,0.91437,0.873246,0.835621,0.800621,0.769996,0.739371,0.714871,0.691247,0.672871,0.654497,0.636997,0.623871,0.610747,0.598497,0.587122,0.577497,0.568747,0.561747,0.556497,0.551247,0.547747,0.545122,0.540747,0.538122,0.537247,0.536372,0.536372,0.538122,0.538997,0.542497,0.543372,0.546872,0.549497,0.553872,0.557372,0.562622,0.568747,0.573997,0.580122,0.586247,0.594122,0.601997,0.610747,0.620372,0.628247,0.638746,0.651872,0.663247,0.676372,0.690371,0.705246,0.720996,0.737621,0.755996,0.776996,0.800621,0.821621,0.847871,0.873246,0.902996,0.93187,0.96337,0.99662,1.03162,1.067495,1.106869,1.143619,1.182119,1.220619,1.258244,1.294119,1.329119,1.364118,1.395618,1.425368,1.449868,1.470868,1.488368,1.502368,1.512868,1.516368,1.520743,1.519868,1.516368,1.509368,1.497993,1.484868,1.469118,1.452493,1.432368,1.413994,1.394744,1.374619,1.354493,1.334369,1.315119,1.294994,1.277494,1.263494,1.251244,1.239869,1.231994,1.227619,1.225869,1.228494,1.232869,1.244244,1.257369,1.277494,1.300244,1.331743,1.365869,1.406994,1.453368,1.506743,1.568867,1.638867,1.717616,1.805116,1.903116,2.009866,2.127115,2.253115,2.391364,2.538363,2.698487,2.866487,3.044987,3.228735,3.424734,3.617233,3.816733,4.012732,4.212231,4.39948,4.577979,4.749479,4.903477,5.039977,5.153726,5.244726,5.314725,5.354975,5.375975,5.372476,5.354976,5.314726,5.263977,5.202726,5.130976,5.059227,4.980478,4.905228,4.840478,4.784478,4.742478,4.707478,4.682979,4.674229,4.679479,4.696979,4.730228,4.780978,4.847478,4.929728,5.024228,5.134477,5.256977,5.398725,5.547474,5.717225,5.900973,6.096971,6.310471,6.534471,6.775968,7.027969,7.297467,7.573966,7.867965,8.179463,8.501462,8.83396,9.180458,9.537458,9.904956,10.286453,10.674952,11.077449,11.493948,11.917446,12.344444,12.785444,13.222942,13.667439,14.097937,14.552936,15.007934,15.462929,15.91793,16.386928,16.848926,17.310922,17.76592,18.21392,,0,20,0,0
0.162749,0.159249,0.154874,0.151811,0.146999,0.140874,0.137374,0.13628,0.133436,0.133765,0.132561,0.131796,0.129827,0.128733,0.129171,0.128405,0.128515,0.12969025,0.130483,0.131358,0.133874,0.134749,0.136171,0.137483,0.140983,0.144155,0.147218,0.150499,0.155639,0.160014,0.166358,0.171061,0.176967,0.184405,0.191842,0.198842,0.20792,0.217327,0.227608,0.238108,0.250139,0.263155,0.277483,0.293014,0.309748,0.328451,0.348685,0.370998,0.395498,0.422623,0.452591,0.485841,0.521169,0.560544,0.603637,0.650668,0.701856,0.756652,0.817465,0.883964,0.955495,1.032057,1.114526,1.202463,1.295869,1.394306,1.497993,1.607367,1.721992,1.838366,1.957366,2.077678,2.19799,2.315239,2.428989,2.538801,2.640738,2.738737,2.824487,2.899737,2.962736,3.010861,3.040611,3.058111,3.059861,3.047611,3.017861,2.977611,2.923361,2.857737,2.778112,2.691488,2.595238,2.495488,2.389614,2.283739,2.17699,2.072865,1.966116,1.862866,1.762242,1.664242,1.570618,1.481368,1.397368,1.320369,1.246869,1.176869,1.112995,1.053495,0.99837,0.946745,0.899495,0.855746,0.817246,0.781371,0.749871,0.719246,0.693871,0.667622,0.645747,0.625622,0.607247,0.593247,0.579247,0.566997,0.556497,0.545997,0.537247,0.529372,0.523247,0.518872,0.513622,0.510122,0.506622,0.505747,0.503122,0.501372,0.501372,0.501372,0.502247,0.503997,0.506622,0.509247,0.511872,0.515372,0.517997,0.522372,0.526747,0.531997,0.536372,0.542497,0.547747,0.555622,0.562622,0.568747,0.575747,0.583622,0.592372,0.601997,0.610747,0.623872,0.636122,0.646622,0.660622,0.675497,0.690371,0.707871,0.727121,0.747246,0.767371,0.790996,0.816371,0.843496,0.871495,0.89862,0.93187,0.96337,0.99837,1.03512,1.069245,1.105994,1.14187,1.176869,1.210994,1.243369,1.273994,1.304619,1.330869,1.354494,1.373743,1.390368,1.403493,1.411368,1.415743,1.417493,1.419243,1.418368,1.411368,1.403493,1.394743,1.381618,1.367618,1.350994,1.336119,1.320368,1.302869,1.287119,1.269619,1.254744,1.238119,1.222369,1.210119,1.198744,1.190869,1.184744,1.182119,1.181244,1.182994,1.190869,1.200494,1.214494,1.231994,1.256494,1.285369,1.319494,1.359744,1.406993,1.458618,1.517243,1.585492,1.661617,1.747367,1.841867,1.945991,2.062365,2.18749,2.323114,2.469239,2.627613,2.795612,2.973237,3.158736,3.351235,3.554233,3.753733,3.954982,4.152731,4.34873,4.53598,4.707479,4.864978,5.008477,5.132726,5.228976,5.300726,5.349725,5.377726,5.381225,5.356725,5.330476,5.288476,5.234227,5.171227,5.104726,5.041727,4.976978,4.920978,4.873727,4.838728,4.819478,4.807228,4.810729,4.829978,4.861478,4.908728,4.969977,5.046977,5.144976,5.255226,5.381225,5.519475,5.675225,5.848473,6.026972,6.229971,6.44697,6.677969,6.926469,7.185468,7.461966,7.748965,8.056964,8.378963,8.71146,9.057958,9.428959,9.803456,10.195454,10.601453,11.01795,11.448449,11.882448,12.340945,12.813442,13.28594,13.768937,14.237938,14.727933,15.238933,15.742927,16.253929,16.757923,17.282922,17.793922,18.311918,18.829916,19.347912,19.84491,20.355908,,0,20,0,0
0.146561,0.141749,0.136936,0.133218,0.130593,0.126436,0.124249,0.122718,0.119436,0.117686,0.116155,0.114296,0.113749,0.113421,0.112436,0.112436,0.11189,0.112108,0.11178,0.11353,0.112546,0.113421,0.11528,0.116483,0.117249,0.119874,0.121624,0.123046,0.126108,0.128405,0.130702,0.133874,0.13803,0.141749,0.145905,0.150061,0.154764,0.160124,0.165593,0.170842,0.177186,0.183858,0.191624,0.199389,0.208577,0.217874,0.227608,0.238655,0.251233,0.264467,0.279233,0.295639,0.313795,0.333592,0.354701,0.378217,0.404029,0.432138,0.462872,0.497216,0.534732,0.575528,0.619715,0.668825,0.720996,0.778309,0.840652,0.908027,0.981089,1.05962,1.142744,1.230681,1.324306,1.420993,1.52293,1.62793,1.736867,1.848429,1.961303,2.075053,2.18749,2.297302,2.404051,2.505551,2.601363,2.688863,2.769362,2.838487,2.897986,2.943487,2.974111,2.992486,2.995111,2.983736,2.959236,2.923362,2.876987,2.817487,2.749237,2.671363,2.585613,2.493738,2.399239,2.300364,2.202365,2.104365,2.008991,1.911866,1.818242,1.725492,1.637117,1.552243,1.471743,1.394743,1.325618,1.258244,1.195244,1.136619,1.081495,1.030745,0.983495,0.941495,0.90037,0.865371,0.832996,0.802371,0.776121,0.749871,0.726246,0.705246,0.685121,0.667622,0.651872,0.637872,0.624747,0.612497,0.601997,0.590622,0.581872,0.573997,0.566997,0.559997,0.556497,0.551247,0.548622,0.544247,0.540747,0.539872,0.537247,0.536372,0.535497,0.536372,0.538122,0.537247,0.539872,0.542497,0.544247,0.546872,0.550372,0.555622,0.561747,0.566122,0.573997,0.581872,0.590622,0.598497,0.608997,0.619497,0.630872,0.643996,0.657997,0.671996,0.688621,0.705246,0.723621,0.743746,0.764746,0.788371,0.812871,0.839121,0.866245,0.89337,0.92312,0.954621,0.98612,1.018495,1.049995,1.08412,1.118245,1.15062,1.182119,1.211869,1.240744,1.267869,1.291494,1.313368,1.332619,1.348369,1.361493,1.370243,1.374619,1.377243,1.374619,1.368494,1.360619,1.349243,1.339619,1.323869,1.310744,1.290619,1.273119,1.253869,1.234619,1.217994,1.200494,1.185619,1.17162,1.158494,1.146245,1.137494,1.130495,1.125244,1.12437,1.12612,1.132245,1.140119,1.152369,1.168994,1.189995,1.213619,1.244244,1.280119,1.320369,1.369368,1.423618,1.483993,1.552243,1.623992,1.707117,1.795491,1.893491,1.999366,2.114865,2.239115,2.369489,2.505989,2.653863,2.801737,2.959237,3.118486,3.281235,3.445734,3.601483,3.758983,3.905982,4.045981,4.170231,4.282231,4.38023,4.46248,4.530729,4.583229,4.612979,4.630479,4.632229,4.619979,4.59898,4.563979,4.523729,4.481729,4.43973,4.39598,4.348731,4.30848,4.26998,4.23673,4.21048,4.192981,4.18598,4.18948,4.19998,4.220981,4.254231,4.29798,4.348731,4.41348,4.49048,4.58148,4.677729,4.787978,4.910477,5.045227,5.185227,5.339226,5.507226,5.683974,5.869473,6.065473,6.282471,6.50647,6.74097,6.985969,7.244966,7.510966,7.794464,8.088464,8.392962,8.71146,9.03696,9.369459,9.712456,10.062454,10.419453,10.779951,11.150949,11.535949,11.903447,12.288445,12.676943,13.065441,,0,20,0,0
0.150499,0.148749,0.141749,0.137811,0.134749,0.129936,0.127749,0.126874,0.124249,0.12239,0.121515,0.120093,0.119436,0.118671,0.118015,0.11714,0.116921,0.117468,0.118561,0.118671,0.119874,0.120093,0.12064,0.123593,0.124686,0.126655,0.128843,0.131358,0.134311,0.137483,0.139889,0.144046,0.148749,0.153233,0.158264,0.163405,0.169311,0.175655,0.182436,0.189217,0.196655,0.205186,0.214811,0.224655,0.235592,0.248061,0.261295,0.275295,0.291373,0.308983,0.328779,0.349779,0.373513,0.399216,0.427326,0.458279,0.491529,0.528716,0.568966,0.614028,0.662043,0.714324,0.771309,0.833215,0.898839,0.970589,1.04737,1.128745,1.215369,1.306587,1.402618,1.50018,1.60168,1.704492,1.809492,1.914491,2.018178,2.122302,2.222927,2.319177,2.408864,2.490676,2.565488,2.630238,2.684487,2.728237,2.763237,2.786862,2.797362,2.796487,2.784237,2.757987,2.721237,2.675737,2.620613,2.558488,2.491113,2.415864,2.337989,2.253114,2.16649,2.078115,1.989741,1.900491,1.812117,1.729867,1.647617,1.568867,1.490993,1.416618,1.345744,1.278369,1.214494,1.153245,1.09987,1.04737,0.999245,0.95462,0.91262,0.873246,0.835621,0.803246,0.773496,0.746371,0.720996,0.699996,0.678122,0.659747,0.643122,0.627372,0.612497,0.599372,0.587122,0.579247,0.569622,0.561747,0.553872,0.547747,0.541622,0.537247,0.531997,0.529372,0.527622,0.525872,0.524997,0.524997,0.524122,0.524122,0.524122,0.525872,0.527622,0.530247,0.533747,0.536372,0.539872,0.543372,0.547747,0.552997,0.558247,0.565247,0.572247,0.580997,0.589747,0.596747,0.608997,0.619497,0.630872,0.643996,0.657997,0.673747,0.689496,0.707871,0.727996,0.748996,0.771746,0.795371,0.820746,0.846121,0.875871,0.906495,0.93712,0.96862,1.000995,1.034245,1.06662,1.098995,1.13137,1.163744,1.194369,1.222369,1.247744,1.273119,1.293244,1.311619,1.325619,1.336994,1.346619,1.355369,1.358868,1.359743,1.355369,1.349244,1.340494,1.329994,1.316869,1.302869,1.288869,1.273119,1.256494,1.237244,1.219744,1.200494,1.183869,1.167244,1.153245,1.14187,1.130495,1.12262,1.113869,1.109495,1.10862,1.111245,1.116495,1.123495,1.137494,1.155869,1.175995,1.203119,1.233744,1.271369,1.315994,1.364119,1.420118,1.484868,1.558368,1.637117,1.722867,1.818241,1.924116,2.036115,2.15774,2.289864,2.433364,2.580363,2.736112,2.896237,3.062486,3.230485,3.398484,3.566483,3.729233,3.886732,4.033732,4.170231,4.29273,4.39773,4.48523,4.55173,4.602479,4.632228,4.649729,4.651479,4.640979,4.616479,4.581479,4.53773,4.49223,4.44673,4.39423,4.35398,4.32073,4.290981,4.262981,4.248981,4.240231,4.243731,4.255981,4.27698,4.31723,4.37148,4.43273,4.50973,4.597229,4.702229,4.810729,4.940228,5.081976,5.239476,5.410976,5.596475,5.797724,6.005973,6.233471,6.471471,6.726969,6.996469,7.279966,7.577466,7.892465,8.217963,8.553961,8.91446,9.274958,9.663456,10.055454,10.461453,10.881451,11.31545,11.752947,12.200945,12.652443,13.117942,13.583438,14.048939,14.531937,15.007934,15.490928,15.959927,16.428926,16.918924,,0,20,0,0
0.126874,0.125999,0.119874,0.114624,0.110687,0.106749,0.107187,0.105874,0.103687,0.102265,0.100843,0.100077,0.099093312,0.100187,0.099093304,0.098983936,0.10139,0.102702,0.102812,0.104233,0.10664,0.107624,0.11003,0.114077,0.117686,0.120858,0.125124,0.129608,0.13464,0.140655,0.146452,0.153014,0.16078,0.16953,0.178499,0.187577,0.198405,0.208905,0.221702,0.235155,0.249045,0.26578,0.283608,0.302858,0.324186,0.348576,0.373732,0.402607,0.433998,0.468669,0.50706,0.549825,0.595434,0.64509,0.700981,0.760152,0.824902,0.895121,0.970589,1.052401,1.140776,1.235494,1.333931,1.440243,1.551805,1.66643,1.787179,1.911428,2.036553,2.165177,2.293802,2.417176,2.537926,2.653863,2.759737,2.855112,2.939986,3.014361,3.072111,3.118486,3.14561,3.154361,3.15086,3.126361,3.087861,3.034486,2.970611,2.894487,2.808737,2.715988,2.612738,2.505988,2.395739,2.28199,2.167365,2.055365,1.945991,1.840116,1.736867,1.636242,1.540868,1.449868,1.364994,1.282744,1.206619,1.137494,1.072745,1.013245,0.95637,0.905621,0.858371,0.813746,0.773496,0.734996,0.703496,0.673747,0.646622,0.621247,0.599372,0.578372,0.559997,0.543372,0.529372,0.517997,0.506622,0.498747,0.489122,0.482122,0.475122,0.468997,0.463747,0.458497,0.456747,0.454997,0.453248,0.451498,0.450622,0.450622,0.449748,0.451497,0.453248,0.454997,0.457623,0.462872,0.465497,0.469873,0.475122,0.478622,0.485622,0.489997,0.496997,0.502247,0.510997,0.518872,0.524997,0.534622,0.542497,0.551247,0.562622,0.570497,0.584497,0.596747,0.610747,0.625622,0.639622,0.657122,0.673747,0.692996,0.713121,0.736746,0.758621,0.786621,0.811996,0.840871,0.87062,0.905621,0.936245,0.971245,1.00712,1.04387,1.079745,1.117369,1.151495,1.185619,1.217119,1.245119,1.271369,1.296744,1.316869,1.334369,1.348368,1.358869,1.363243,1.364993,1.364993,1.359744,1.354493,1.348369,1.336994,1.325618,1.310744,1.294994,1.276619,1.259994,1.239869,1.221494,1.203119,1.183869,1.165495,1.147995,1.133119,1.116494,1.103369,1.09462,1.08587,1.08237,1.081495,1.081495,1.08762,1.09812,1.109494,1.128745,1.151494,1.178619,1.210994,1.251244,1.295869,1.348368,1.408743,1.474368,1.546993,1.632742,1.726367,1.830491,1.942491,2.065865,2.197115,2.344114,2.498113,2.658238,2.829737,3.008236,3.191985,3.380984,3.575234,3.765982,3.949731,4.133482,4.29798,4.45548,4.597229,4.716228,4.814228,4.894728,4.947228,4.976977,4.983977,4.966477,4.927977,4.882478,4.829978,4.766979,4.700479,4.637478,4.576229,4.52198,4.476479,4.441479,4.41698,4.41523,4.42573,4.450229,4.49573,4.553479,4.630479,4.723229,4.829978,4.954227,5.101228,5.263976,5.442475,5.643724,5.860724,6.093472,6.345471,6.61847,6.905468,7.216967,7.545965,7.888965,8.249463,8.630962,9.02996,9.442958,9.873456,10.317953,10.779951,11.26295,11.756447,12.260444,12.781941,13.31744,13.866938,14.426936,14.972933,15.546928,16.134929,16.722926,17.317922,17.91292,18.521918,19.095914,19.697912,20.285908,20.838908,21.419904,21.979902,22.5329,23.071894,23.610894,,0,20,0,0
0.153999,0.149624,0.145249,0.140874,0.136499,0.131686,0.130374,0.127749,0.127968,0.126218,0.122061,0.123921,0.120749,0.122061,0.120093,0.119983,0.119546,0.118999,0.118999,0.119464,0.120093,0.119765,0.12064,0.122171,0.123921,0.125124,0.126327,0.12939,0.131796,0.134421,0.136718,0.139561,0.143827,0.148311,0.151921,0.156733,0.162093,0.166577,0.172921,0.178827,0.185717,0.192936,0.201249,0.209561,0.21853,0.229358,0.240405,0.252217,0.266436,0.281311,0.29717,0.315545,0.334904,0.356451,0.380513,0.406326,0.433888,0.46506,0.498419,0.534294,0.575309,0.618512,0.664887,0.715965,0.770871,0.828402,0.891839,0.959651,1.030964,1.107088,1.186713,1.268088,1.353619,1.440243,1.526868,1.615242,1.701867,1.787617,1.871179,1.949928,2.02299,2.090365,2.15074,2.200177,2.24174,2.272802,2.293802,2.304739,2.308239,2.296864,2.276739,2.247864,2.20849,2.160365,2.10699,2.046615,1.983616,1.917116,1.847991,1.775366,1.702742,1.629242,1.556617,1.483993,1.413993,1.347494,1.284494,1.221494,1.161994,1.10512,1.05087,0.999245,0.95112,0.90562,0.865371,0.826871,0.791871,0.757746,0.727996,0.699121,0.673747,0.649247,0.629122,0.610747,0.593247,0.578372,0.564372,0.551247,0.539872,0.529372,0.518872,0.510997,0.503997,0.497872,0.492622,0.488247,0.482998,0.479497,0.475997,0.472497,0.469872,0.469873,0.468997,0.468123,0.468122,0.468122,0.469872,0.470747,0.470748,0.471622,0.475122,0.476872,0.479497,0.482997,0.485622,0.489122,0.494372,0.498747,0.504872,0.510122,0.516247,0.523247,0.531122,0.539872,0.547747,0.558247,0.567872,0.578372,0.591497,0.604622,0.617747,0.634372,0.650122,0.667622,0.685996,0.706121,0.726246,0.747246,0.771746,0.796246,0.821621,0.848746,0.874121,0.900371,0.927496,0.95287,0.97737,1.00362,1.02637,1.04912,1.07187,1.08937,1.10512,1.11912,1.131369,1.137494,1.14537,1.151494,1.152369,1.153245,1.149744,1.144494,1.13837,1.127869,1.118245,1.10687,1.097245,1.08412,1.070995,1.05787,1.04562,1.032495,1.021995,1.009745,1.000995,0.995745,0.99137,0.986995,0.98787,0.98962,0.99487,1.00187,1.01237,1.025495,1.04562,1.069245,1.09462,1.12787,1.165495,1.208369,1.259119,1.315119,1.378993,1.451618,1.532993,1.619617,1.716742,1.824366,1.938991,2.06324,2.19974,2.343239,2.494613,2.654738,2.820987,2.995111,3.17361,3.345984,3.522734,3.695983,3.860482,4.019732,4.164981,4.29448,4.40473,4.50098,4.572729,4.619979,4.649729,4.656729,4.651479,4.632229,4.597229,4.54823,4.499229,4.44148,4.38023,4.32598,4.271731,4.229731,4.194731,4.168481,4.150981,4.149231,4.154481,4.168481,4.199981,4.24723,4.301481,4.37323,4.462479,4.563979,4.672479,4.801978,4.941978,5.097727,5.270976,5.454725,5.654225,5.867724,6.096973,6.334971,6.59747,6.866969,7.146967,7.444467,7.755965,8.081464,8.420963,8.77796,9.134959,9.523458,9.918955,10.317953,10.737951,11.17195,11.609448,12.057446,12.526444,12.988441,13.46094,13.936938,14.419937,14.867934,15.357933,15.840929,16.323927,16.806926,17.282924,17.76592,,0,20,0,0
0.155749,0.150499,0.146124,0.140436,0.137811,0.132999,0.131686,0.130593,0.126436,0.126436,0.125015,0.125124,0.123483,0.123155,0.124358,0.12403,0.124468,0.125671,0.126546,0.128405,0.129061,0.130593,0.133108,0.136936,0.139343,0.143171,0.148311,0.152139,0.157827,0.162639,0.168764,0.174999,0.18353,0.191952,0.199717,0.209561,0.219514,0.229686,0.241389,0.254077,0.266983,0.282514,0.298592,0.316092,0.335123,0.355576,0.378435,0.403263,0.430169,0.460138,0.493497,0.52981,0.569513,0.612387,0.659418,0.711262,0.766715,0.828183,0.894902,0.968183,1.048026,1.13312,1.22565,1.326056,1.432806,1.547868,1.670805,1.803366,1.942491,2.088615,2.242615,2.401426,2.565051,2.732175,2.902362,3.074736,3.246235,3.417734,3.584858,3.747608,3.903358,4.045981,4.180731,4.299731,4.407355,4.49398,4.566604,4.622604,4.658478,4.674228,4.665479,4.639229,4.590229,4.523729,4.43623,4.336481,4.224481,4.100231,3.963732,3.818482,3.666233,3.510484,3.351235,3.190235,3.032736,2.882237,2.733487,2.589988,2.448239,2.313489,2.18749,2.06499,1.951241,1.844491,1.744742,1.653742,1.567993,1.487493,1.413993,1.343994,1.282744,1.224994,1.170744,1.125244,1.083244,1.044745,1.009745,0.976495,0.948496,0.920495,0.895996,0.873246,0.855746,0.838246,0.824246,0.808496,0.796246,0.783996,0.775246,0.766496,0.759496,0.754246,0.750746,0.747246,0.745496,0.743746,0.743746,0.741996,0.743746,0.745496,0.747246,0.750746,0.755996,0.759496,0.762996,0.769996,0.775246,0.783996,0.790996,0.801496,0.811996,0.824246,0.836496,0.850496,0.864496,0.881996,0.897745,0.916995,0.936245,0.958995,0.983495,1.007995,1.034245,1.063995,1.095495,1.130495,1.165494,1.202244,1.244244,1.287994,1.333494,1.377244,1.424493,1.471743,1.520743,1.567993,1.615242,1.665992,1.713242,1.758742,1.800741,1.839241,1.874241,1.905741,1.933741,1.956491,1.975741,1.991491,2.00199,2.007241,2.005491,2.000241,1.987991,1.973991,1.954741,1.935491,1.912741,1.889991,1.863741,1.835741,1.805992,1.776242,1.746492,1.718492,1.693992,1.671242,1.651992,1.632742,1.616992,1.602992,1.594242,1.588993,1.588992,1.595993,1.606492,1.623993,1.648492,1.676492,1.713242,1.756992,1.809491,1.870741,1.937241,2.019491,2.10874,2.21199,2.322239,2.446489,2.579488,2.726487,2.882237,3.058986,3.240985,3.438734,3.643483,3.860482,4.084482,4.315481,4.548229,4.786228,5.024227,5.255226,5.477475,5.694474,5.892224,6.072472,6.228222,6.366471,6.474971,6.56247,6.618469,6.653471,6.663971,6.64997,6.61147,6.548471,6.47147,6.38747,6.282471,6.177472,6.079473,5.970973,5.865973,5.760974,5.666475,5.571976,5.494975,5.421475,5.365476,5.319976,5.288476,5.263976,5.260476,5.263976,5.281477,5.309476,5.354976,5.414477,5.484476,5.568475,5.662974,5.767973,5.890474,6.019973,6.163471,6.320972,6.488971,6.670971,6.870469,7.069968,7.290467,7.521465,7.762965,8.021964,8.287962,8.567961,8.858461,9.166459,9.481457,9.803455,10.135955,10.468452,10.818451,11.16845,11.528948,11.892946,12.267445,12.641942,13.005942,13.383939,,0,30,0,0
0.160999,0.158374,0.153124,0.148311,0.144811,0.139999,0.139124,0.133436,0.134311,0.132561,0.130483,0.12939,0.127311,0.128843,0.127858,0.128624,0.127968,0.12952625,0.130702,0.130811,0.131796,0.135077,0.135843,0.137921,0.141421,0.145139,0.149514,0.15378,0.157936,0.162749,0.168546,0.175108,0.181671,0.189436,0.197311,0.206499,0.214811,0.224764,0.235045,0.246967,0.259436,0.272451,0.287764,0.303951,0.32167,0.340045,0.361373,0.384451,0.409388,0.436951,0.468341,0.502028,0.538778,0.579247,0.623653,0.671668,0.724277,0.782027,0.845027,0.914808,0.990058,1.071432,1.160244,1.256275,1.359087,1.469555,1.588118,1.716742,1.851929,1.994116,2.144615,2.301239,2.463114,2.628051,2.796487,2.967986,3.139486,3.309235,3.476359,3.639983,3.793108,3.936607,4.070482,4.189481,4.29448,4.379355,4.451105,4.504479,4.53598,4.546479,4.537729,4.50448,4.45198,4.38373,4.296231,4.194731,4.082731,3.958482,3.823733,3.680233,3.531484,3.379234,3.225235,3.072986,2.918987,2.775487,2.633738,2.497238,2.362489,2.23649,2.11574,2.000241,1.891741,1.791991,1.699242,1.611742,1.531243,1.455993,1.385993,1.321244,1.259994,1.205744,1.156744,1.112995,1.072745,1.037745,1.004495,0.971245,0.944995,0.918745,0.895995,0.873246,0.855746,0.839996,0.825996,0.813746,0.799746,0.790996,0.782246,0.773496,0.766496,0.762996,0.757746,0.755996,0.754246,0.752496,0.752496,0.754246,0.755996,0.757746,0.759496,0.762996,0.766496,0.771746,0.776996,0.783996,0.789246,0.797996,0.804996,0.815496,0.827746,0.839996,0.852246,0.864496,0.878495,0.895996,0.911746,0.930995,0.951995,0.972995,0.997495,1.023745,1.049995,1.079745,1.109495,1.142744,1.177744,1.214494,1.254744,1.298494,1.342243,1.385993,1.433243,1.478743,1.527743,1.574992,1.620492,1.669492,1.716742,1.760491,1.800741,1.839241,1.874241,1.902241,1.928491,1.94774,1.965241,1.979241,1.986241,1.98974,1.986241,1.979241,1.968741,1.951241,1.931991,1.912741,1.893491,1.867241,1.840991,1.814741,1.784992,1.758742,1.728992,1.702742,1.679992,1.658992,1.641492,1.622242,1.608242,1.601243,1.592492,1.590742,1.592492,1.601242,1.615242,1.636242,1.660742,1.693992,1.734242,1.781491,1.839241,1.905741,1.980991,2.06674,2.16474,2.271489,2.390489,2.525238,2.663487,2.822737,2.994236,3.176236,3.373984,3.583984,3.802732,4.033732,4.27523,4.518479,4.770479,5.025977,5.274476,5.521225,5.760974,5.984973,6.194972,6.383971,6.54847,6.688469,6.80047,6.880968,6.943968,6.978969,6.982469,6.957969,6.912468,6.849469,6.758469,6.66397,6.55547,6.45047,6.338471,6.229971,6.124973,6.026972,5.928972,5.844973,5.767974,5.711974,5.659474,5.627974,5.610474,5.606974,5.620974,5.645474,5.683973,5.739975,5.809973,5.900973,5.995473,6.114474,6.247473,6.38747,6.54147,6.71297,6.898469,7.090967,7.304467,7.538965,7.773465,8.028963,8.291463,8.564461,8.861961,9.166458,9.481457,9.820955,10.163953,10.520953,10.881451,11.255949,11.637449,12.025947,12.424946,12.823943,13.236942,13.642939,14.055935,14.468936,14.874935,15.30193,,0,30,0,0
0.168874,0.165374,0.160999,0.156186,0.153124,0.149624,0.145686,0.147436,0.142843,0.140983,0.140436,0.139015,0.137921,0.137702,0.13803,0.139343,0.13978,0.14153,0.142186,0.14328,0.145796,0.149624,0.150827,0.155639,0.159796,0.164389,0.169968,0.174342,0.181124,0.186702,0.194686,0.202889,0.211311,0.222467,0.231873,0.242264,0.254076,0.26742,0.280873,0.296295,0.312592,0.330529,0.350217,0.372201,0.39517,0.420763,0.449201,0.480482,0.514497,0.551685,0.593137,0.638747,0.688184,0.741996,0.800621,0.865371,0.935589,1.011495,1.094182,1.184963,1.282306,1.387306,1.497993,1.617867,1.745617,1.879491,2.020803,2.169115,2.325302,2.485863,2.648612,2.814862,2.979361,3.146486,3.309235,3.465859,3.615484,3.761608,3.895482,4.014481,4.118606,4.207856,4.279606,4.33123,4.361855,4.37498,4.36973,4.34873,4.30498,4.245481,4.168481,4.080981,3.972481,3.858732,3.732733,3.604983,3.473734,3.338984,3.200735,3.060736,2.924237,2.785987,2.651238,2.519989,2.397489,2.280239,2.16649,2.05799,1.954741,1.854991,1.762242,1.676492,1.595992,1.518993,1.445493,1.387743,1.324744,1.270494,1.221494,1.168994,1.125244,1.084995,1.051745,1.016745,0.988745,0.960745,0.936245,0.911746,0.894246,0.871495,0.853996,0.838246,0.825996,0.813746,0.803246,0.799746,0.787496,0.778746,0.771746,0.771746,0.768246,0.764746,0.764746,0.764746,0.766496,0.768246,0.768246,0.769996,0.775246,0.778746,0.783996,0.790996,0.797996,0.804996,0.811996,0.820746,0.829496,0.839996,0.852246,0.862746,0.876746,0.890746,0.906496,0.923996,0.939745,0.962495,0.979995,1.004495,1.027245,1.056995,1.084994,1.114744,1.147995,1.182994,1.219744,1.259994,1.298494,1.349243,1.391243,1.431493,1.485743,1.531242,1.578492,1.629242,1.674742,1.718492,1.760491,1.802491,1.839241,1.872492,1.902241,1.923241,1.94074,1.954741,1.963491,1.968741,1.970491,1.966991,1.959991,1.947741,1.933741,1.914491,1.893491,1.868991,1.842742,1.821742,1.793742,1.767492,1.741241,1.714992,1.686992,1.662492,1.639742,1.618742,1.601243,1.587242,1.578492,1.573242,1.569743,1.573243,1.578492,1.594242,1.613493,1.637992,1.671242,1.713242,1.762242,1.819991,1.882991,1.958241,2.04399,2.14024,2.24699,2.369489,2.502488,2.649487,2.808737,2.981986,3.167486,3.368735,3.578734,3.800983,4.037231,4.282231,4.530729,4.782728,5.034727,5.284976,5.531725,5.764474,5.981473,6.187972,6.371721,6.527471,6.656971,6.758469,6.824969,6.866968,6.873969,6.84597,6.803969,6.74447,6.66047,6.558969,6.453972,6.338471,6.215972,6.089972,5.974472,5.865973,5.771474,5.687474,5.606975,5.543975,5.491475,5.452975,5.424976,5.414476,5.417975,5.438976,5.473976,5.515974,5.578975,5.652474,5.736473,5.830974,5.946474,6.075972,6.219473,6.373471,6.541471,6.72347,6.915968,7.125967,7.346467,7.580965,7.836465,8.098963,8.371961,8.658962,8.96696,9.274958,9.600457,9.939955,10.286453,10.653952,11.02145,11.399449,11.794948,12.183444,12.564942,12.970941,13.38394,13.789937,14.216937,14.636933,15.056934,15.49093,15.910929,16.337926,,0,30,0,0
0.156624,0.152249,0.147874,0.141311,0.137811,0.134311,0.131905,0.129718,0.128624,0.126655,0.127202,0.125452,0.125561,0.1251785,0.124577,0.125124,0.125343,0.125561,0.125999,0.127202,0.12928,0.132124,0.133108,0.137811,0.140108,0.145577,0.147764,0.151811,0.158155,0.164061,0.169311,0.176092,0.182764,0.191077,0.19917,0.208139,0.217545,0.228155,0.23953,0.251342,0.265233,0.27967,0.295967,0.314014,0.333592,0.354592,0.377888,0.40392,0.431919,0.462763,0.497435,0.535716,0.577497,0.622997,0.672106,0.726684,0.785965,0.851371,0.922027,0.998808,1.08237,1.172713,1.2694,1.372431,1.483118,1.600367,1.726367,1.854991,1.993241,2.134115,2.280239,2.429426,2.5773,2.727362,2.875237,3.021361,3.160486,3.29611,3.423859,3.541984,3.645233,3.735358,3.812357,3.873607,3.919982,3.947107,3.960232,3.959357,3.938357,3.906857,3.856107,3.790483,3.716983,3.631233,3.534109,3.430859,3.32411,3.21561,3.100111,2.982861,2.863862,2.743113,2.627613,2.512113,2.400989,2.295115,2.190114,2.09124,1.99499,1.902241,1.812991,1.729866,1.651117,1.577617,1.508493,1.444618,1.385118,1.329119,1.276618,1.227619,1.182994,1.140994,1.102495,1.069245,1.03687,1.007995,0.98262,0.95812,0.93537,0.913495,0.89512,0.879371,0.864496,0.851371,0.840871,0.830371,0.820746,0.812871,0.806746,0.800621,0.795371,0.792746,0.790121,0.788371,0.788371,0.78902725,0.789246,0.790121,0.791871,0.793621,0.797996,0.802371,0.806746,0.811996,0.818121,0.825121,0.832121,0.839996,0.84787,0.859245,0.871495,0.88462,0.897745,0.910871,0.927495,0.94412,0.962495,0.981745,1.00362,1.02812,1.053495,1.07887,1.10862,1.14012,1.172495,1.207494,1.244244,1.282744,1.323869,1.367618,1.410493,1.455118,1.499743,1.542618,1.586367,1.628367,1.666867,1.707992,1.743867,1.775367,1.805117,1.829616,1.849741,1.864616,1.876866,1.883866,1.888241,1.889991,1.885616,1.877741,1.867242,1.854117,1.838366,1.819991,1.798117,1.779742,1.757867,1.735117,1.711492,1.688742,1.665117,1.643242,1.623117,1.604742,1.588117,1.576743,1.566243,1.562742,1.558368,1.560117,1.567118,1.578492,1.594242,1.616993,1.644992,1.683492,1.727242,1.774492,1.832241,1.898741,1.975741,2.06149,2.15774,2.267989,2.388739,2.521738,2.661738,2.819237,2.987236,3.165736,3.358235,3.561234,3.779983,4.000482,4.229731,4.46598,4.703979,4.933227,5.167727,5.395225,5.610475,5.815224,6.000723,6.170472,6.315721,6.434721,6.523971,6.590469,6.632471,6.642971,6.63597,6.607969,6.55547,6.488972,6.40847,6.31397,6.219472,6.121473,6.023472,5.932473,5.851973,5.774973,5.708473,5.645474,5.599974,5.561475,5.536975,5.526475,5.533476,5.550974,5.585974,5.627975,5.683973,5.757473,5.841473,5.935973,6.047973,6.177472,6.320972,6.47497,6.639469,6.817969,7.013968,7.223967,7.440967,7.675466,7.923964,8.186463,8.455962,8.74296,9.03346,9.344959,9.659957,9.992455,10.331955,10.674953,11.03895,11.40995,11.780947,12.137945,12.522944,12.900942,13.292938,13.691939,14.062938,14.461935,14.860932,15.252932,15.644927,16.036929,,0,30,0,0
0.258998,0.255498,0.248498,0.241498,0.234498,0.233623,0.228373,0.224873,0.222686,0.217436,0.216561,0.216124,0.215249,0.212624,0.210436,0.210436,0.211311,0.211749,0.21174875,0.211749,0.212186,0.212186,0.213936,0.215905,0.217655,0.221264,0.225311,0.227498,0.230998,0.234389,0.240295,0.245217,0.250686,0.257139,0.264467,0.272342,0.280764,0.289623,0.299576,0.309748,0.321561,0.334029,0.34792,0.363342,0.378982,0.396701,0.415951,0.437279,0.460794,0.487044,0.516466,0.548622,0.583622,0.62234,0.664668,0.711481,0.76234,0.818777,0.880027,0.948495,1.022651,1.103807,1.192182,1.287338,1.389712,1.501274,1.621367,1.750429,1.887804,2.032178,2.184427,2.344114,2.506426,2.673988,2.846362,3.017861,3.187611,3.35736,3.524484,3.681983,3.827232,3.960232,4.078356,4.180731,4.261231,4.32248,4.365355,4.386355,4.382855,4.354855,4.30498,4.233231,4.143982,4.033732,3.911232,3.779983,3.636484,3.487734,3.333734,3.177985,3.018736,2.861236,2.708987,2.560238,2.416739,2.280239,2.15424,2.03349,1.917991,1.811241,1.711492,1.616992,1.529493,1.448993,1.377244,1.312494,1.251244,1.195244,1.144494,1.097245,1.056995,1.018495,0.981745,0.953746,0.927495,0.902995,0.881996,0.862746,0.845246,0.829496,0.817246,0.804996,0.796246,0.787496,0.782246,0.775246,0.771746,0.766496,0.764746,0.764746,0.764746,0.764746,0.768246,0.769996,0.773496,0.780496,0.783996,0.789246,0.796246,0.803246,0.810246,0.818996,0.827746,0.839996,0.850496,0.862746,0.874996,0.890745,0.904746,0.920495,0.941496,0.960745,0.983495,1.007995,1.030745,1.062245,1.091995,1.121744,1.156744,1.195244,1.235494,1.275744,1.322994,1.370243,1.419244,1.469993,1.520743,1.574993,1.629242,1.681742,1.732492,1.783241,1.828741,1.872491,1.907491,1.938991,1.965241,1.98974,2.003741,2.012491,2.017741,2.01424,2.00374,1.994991,1.97749,1.958241,1.935491,1.912741,1.889991,1.861991,1.832241,1.805992,1.774492,1.748241,1.720242,1.695742,1.674742,1.653742,1.636242,1.620492,1.611742,1.604742,1.604742,1.606492,1.616992,1.634492,1.657242,1.685242,1.720241,1.763992,1.814741,1.874241,1.94424,2.02649,2.11399,2.21724,2.332739,2.460489,2.600487,2.752737,2.922486,3.107986,3.307484,3.520984,3.746733,3.986482,4.233231,4.486979,4.749478,5.015478,5.274476,5.529975,5.780223,6.014723,6.231722,6.424221,6.586971,6.73047,6.831969,6.901969,6.936969,6.961469,6.93697,6.887969,6.814468,6.72347,6.614969,6.49597,6.366471,6.243971,6.131971,6.019973,5.911473,5.827473,5.743473,5.676975,5.624473,5.592975,5.582475,5.589474,5.610474,5.648973,5.704975,5.771475,5.855473,5.956974,6.075972,6.208971,6.355972,6.523971,6.702469,6.898469,7.104968,7.325467,7.563466,7.818964,8.088464,8.378961,8.679962,8.99846,9.323958,9.663456,10.016955,10.384454,10.758952,11.14045,11.553448,11.969945,12.386443,12.816941,13.257939,13.70594,14.153937,14.608935,15.070933,15.56093,16.022928,16.491925,16.974922,17.436922,17.912922,18.37492,18.836916,19.291914,19.739912,20.201908,20.635908,21.076908,21.489906,21.909902,,0,30,0,0
0.229248,0.223999,0.216999,0.213499,0.204749,0.205624,0.202124,0.200374,0.196874,0.195124,0.192499,0.192499,0.189874,0.188999,0.188999,0.189874,0.188999,0.190311,0.192061,0.191624,0.194249,0.195124,0.196436,0.199717,0.204092,0.207374,0.210217,0.216452,0.22028,0.225639,0.231327,0.237889,0.245873,0.254076,0.263264,0.272561,0.282623,0.293889,0.306029,0.318498,0.333701,0.349342,0.366513,0.385545,0.406545,0.428638,0.453794,0.481575,0.512091,0.54545,0.583403,0.624747,0.670793,0.72034,0.77448,0.83573,0.900808,0.97212,1.050651,1.137932,1.231119,1.331087,1.439149,1.555305,1.679554,1.811241,1.951241,2.09824,2.255302,2.414989,2.578175,2.743987,2.911986,3.079986,3.24361,3.401109,3.555109,3.703858,3.836857,3.956732,4.063481,4.152731,4.220106,4.268231,4.29973,4.310231,4.302356,4.27523,4.229731,4.166731,4.084481,3.984732,3.877982,3.757233,3.627733,3.491234,3.354735,3.214735,3.071236,2.925986,2.784237,2.644238,2.507738,2.376489,2.250489,2.13149,2.01949,1.912741,1.807741,1.714992,1.625742,1.541742,1.461243,1.389494,1.326494,1.266994,1.210994,1.160245,1.112994,1.070994,1.030745,0.997495,0.964245,0.937995,0.913495,0.890746,0.873246,0.853996,0.836496,0.824246,0.811996,0.801496,0.792746,0.785746,0.778746,0.775246,0.771746,0.766496,0.766496,0.764746,0.766496,0.768246,0.771746,0.775246,0.776996,0.782246,0.787496,0.794496,0.799746,0.806746,0.815496,0.824246,0.834746,0.845246,0.853996,0.867996,0.878495,0.894246,0.909995,0.923995,0.944995,0.964245,0.985245,1.007995,1.034245,1.063995,1.091994,1.125244,1.161994,1.200494,1.238994,1.282744,1.328244,1.375493,1.422743,1.473493,1.525992,1.578492,1.632742,1.681742,1.734242,1.783241,1.826991,1.865491,1.900491,1.930241,1.952991,1.975741,1.98974,2.000241,2.00199,1.99849,1.991491,1.98274,1.966991,1.949491,1.931991,1.910991,1.888241,1.860242,1.833991,1.805992,1.779742,1.751742,1.720242,1.699242,1.674742,1.651992,1.634492,1.616992,1.602992,1.592492,1.587243,1.587243,1.594242,1.604742,1.622242,1.644992,1.676492,1.713242,1.758742,1.812991,1.874241,1.94949,2.031741,2.12799,2.23474,2.353739,2.483239,2.626738,2.787737,2.960986,3.153485,3.352985,3.569984,3.800983,4.038981,4.28223,4.535979,4.793228,5.048727,5.298976,5.545725,5.780224,5.995473,6.189722,6.362971,6.50997,6.621969,6.705971,6.754969,6.786469,6.775969,6.744469,6.68497,6.60797,6.506471,6.397971,6.278971,6.159971,6.040972,5.921973,5.816973,5.718974,5.631475,5.547476,5.484476,5.442474,5.407476,5.396976,5.400476,5.421474,5.459976,5.505475,5.571974,5.655975,5.753975,5.862473,5.995473,6.145972,6.310471,6.48197,6.67797,6.880968,7.108468,7.346468,7.601965,7.881964,8.168962,8.473463,8.788461,9.117459,9.463957,9.824455,10.184955,10.566452,10.965451,11.371449,11.780947,12.204446,12.641944,13.082943,13.516939,13.971939,14.433935,14.902933,15.364929,15.819929,16.288926,16.750924,17.205922,17.660918,18.115918,18.570916,19.011914,19.459912,19.88691,20.313908,20.71991,21.118904,,0,30,0,0
0.183749,0.177624,0.174999,0.168436,0.164936,0.161436,0.158155,0.155093,0.154655,0.151046,0.148968,0.149624,0.146889,0.147655,0.145686,0.147764,0.147327,0.14853,0.150389,0.150718,0.151811,0.15378,0.157061,0.16078,0.163405,0.167671,0.17128,0.176749,0.181342,0.187249,0.193921,0.20092,0.208905,0.218311,0.227389,0.236686,0.248608,0.259326,0.27103,0.284045,0.298264,0.314232,0.331295,0.350107,0.369795,0.391998,0.415513,0.441544,0.470419,0.502138,0.536044,0.574981,0.616872,0.662262,0.711809,0.765402,0.824902,0.888996,0.958776,1.035776,1.120432,1.211213,1.308556,1.415962,1.529493,1.652867,1.784554,1.927178,2.080303,2.240427,2.408864,2.584738,2.769799,2.960111,3.15436,3.354734,3.559484,3.764233,3.969857,4.171981,4.370605,4.562229,4.743353,4.913103,5.071477,5.213226,5.339226,5.447725,5.538725,5.605225,5.645475,5.662974,5.655974,5.629724,5.575474,5.501975,5.414476,5.305976,5.178227,5.036477,4.882478,4.721479,4.548229,4.37323,4.192981,4.019731,3.842982,3.669733,3.496484,3.326734,3.163985,3.004736,2.854236,2.710738,2.575988,2.451739,2.330989,2.21724,2.11224,2.012491,1.919741,1.837491,1.755242,1.686992,1.623993,1.562742,1.506743,1.455994,1.408743,1.364993,1.324744,1.289743,1.258244,1.228494,1.202244,1.179494,1.156744,1.135745,1.116495,1.102494,1.084995,1.076245,1.063995,1.056995,1.048245,1.042995,1.039495,1.034245,1.030745,1.028995,1.028995,1.028995,1.032495,1.034245,1.037745,1.041245,1.048245,1.055245,1.062245,1.070994,1.081495,1.093745,1.107744,1.119994,1.135745,1.153244,1.172495,1.191744,1.212744,1.237244,1.266994,1.293244,1.321243,1.352743,1.387743,1.426243,1.464743,1.508493,1.553992,1.602993,1.651992,1.704492,1.756992,1.814742,1.867241,1.926741,1.98449,2.04399,2.10174,2.15599,2.210239,2.26099,2.308239,2.348489,2.388739,2.421988,2.451739,2.476239,2.493738,2.505988,2.512988,2.509488,2.505989,2.493738,2.476239,2.453489,2.434239,2.407989,2.378238,2.344989,2.313489,2.276739,2.243489,2.20674,2.176989,2.14724,2.11924,2.09124,2.07024,2.04924,2.03349,2.02124,2.01599,2.015991,2.02299,2.03349,2.05449,2.08074,2.11749,2.15949,2.21024,2.273239,2.346739,2.432488,2.525239,2.633738,2.754488,2.887487,3.030986,3.190236,3.365234,3.557734,3.760732,3.975982,4.210481,4.45548,4.709229,4.968228,5.246477,5.524725,5.799474,6.079473,6.359471,6.635971,6.884469,7.122467,7.342968,7.545965,7.717465,7.857464,7.976464,8.074464,8.130463,8.151462,8.154963,8.130463,8.077964,8.000964,7.909965,7.811965,7.696466,7.573966,7.447966,7.325467,7.199467,7.073468,6.947468,6.83897,6.74097,6.649969,6.56947,6.506471,6.453972,6.408471,6.37697,6.359471,6.35947,6.369971,6.394471,6.436471,6.481971,6.54497,6.614968,6.702469,6.803971,6.915969,7.034968,7.178468,7.335967,7.493466,7.661466,7.853966,8.060463,8.273963,8.490961,8.732461,8.984459,9.246959,9.519958,9.796455,10.090455,10.391452,10.695953,11.003949,11.33295,11.661949,11.990944,12.319944,12.648943,13.00594,,0,40,0,0
0.173249,0.167999,0.163624,0.158811,0.155311,0.150061,0.148093,0.146343,0.144811,0.14328,0.141858,0.140108,0.1403815,0.139889,0.139671,0.139452,0.140546,0.141858,0.143718,0.144374,0.14678,0.148093,0.15203,0.155202,0.159796,0.163624,0.168546,0.175983,0.181124,0.186702,0.194577,0.202233,0.211639,0.221702,0.232092,0.242483,0.254733,0.266655,0.280217,0.295201,0.310842,0.328123,0.347701,0.367717,0.390357,0.413654,0.440013,0.469544,0.500825,0.53506,0.573559,0.616544,0.662153,0.711262,0.766059,0.826215,0.890308,0.959651,1.037964,1.123057,1.213619,1.311181,1.419681,1.537805,1.660305,1.794179,1.941616,2.098678,2.26099,2.434239,2.619738,2.813987,3.009111,3.212985,3.426484,3.641733,3.853482,4.070481,4.290105,4.50448,4.703978,4.898228,5.083727,5.256977,5.405725,5.538725,5.659475,5.757474,5.823973,5.867723,5.892223,5.885224,5.846724,5.787223,5.704974,5.603474,5.473975,5.332226,5.178226,5.003227,4.817728,4.625229,4.43098,4.227981,4.028482,3.835983,3.646984,3.459734,3.275985,3.102735,2.934737,2.773738,2.621488,2.479739,2.348489,2.22249,2.10874,2.00374,1.903991,1.809492,1.725492,1.648493,1.576742,1.511992,1.454243,1.401744,1.352744,1.305494,1.266994,1.228494,1.195244,1.161994,1.137494,1.112994,1.090245,1.069245,1.049995,1.034245,1.018495,1.006245,0.995745,0.988745,0.981745,0.972995,0.971245,0.967745,0.964245,0.962495,0.960745,0.962495,0.965995,0.969495,0.971245,0.978245,0.985245,0.992245,0.997495,1.007995,1.016745,1.028995,1.041245,1.056995,1.072745,1.090245,1.105995,1.128744,1.149744,1.168994,1.195244,1.221494,1.251244,1.282744,1.315994,1.350994,1.387743,1.429743,1.471743,1.518992,1.569743,1.622242,1.672992,1.728992,1.790241,1.849741,1.907491,1.968741,2.03174,2.09649,2.15599,2.21374,2.273239,2.329239,2.372989,2.416739,2.456988,2.493738,2.519989,2.542739,2.563738,2.574239,2.572488,2.567238,2.558488,2.544489,2.519989,2.493738,2.469239,2.441239,2.404489,2.365989,2.329239,2.290739,2.250489,2.21199,2.17524,2.14549,2.11224,2.08599,2.06149,2.040491,2.02299,2.00899,2.005491,2.005491,2.01249,2.024741,2.04749,2.075491,2.11224,2.15599,2.213739,2.280239,2.355489,2.439489,2.539238,2.654738,2.780737,2.911987,3.062485,3.233986,3.414234,3.601483,3.809732,4.035482,4.278731,4.52023,4.773979,5.046977,5.330476,5.599974,5.876473,6.163473,6.450472,6.70947,6.954467,7.199468,7.426966,7.612466,7.773464,7.916965,8.032465,8.105963,8.144463,8.158464,8.151463,8.102464,8.018464,7.930964,7.818966,7.703464,7.552966,7.409466,7.269467,7.118968,6.957969,6.810969,6.677969,6.54847,6.42247,6.320971,6.229972,6.152973,6.079473,6.023471,5.988472,5.967472,5.949973,5.946474,5.974473,6.005973,6.047973,6.093473,6.166971,6.25797,6.345471,6.443471,6.57297,6.71647,6.85647,7.010469,7.181967,7.377965,7.577465,7.776964,8.004463,8.242464,8.501462,8.760461,9.026461,9.316957,9.621458,9.915455,10.216454,10.545451,10.898952,11.220948,11.549948,11.913948,12.277946,12.627943,,0,40,0,0
0.177624,0.173249,0.167999,0.164936,0.160124,0.157061,0.153343,0.150499,0.14853,0.148421,0.147874,0.145249,0.145139,0.14557675,0.145905,0.146014,0.146452,0.147983,0.15028,0.152139,0.154327,0.156077,0.160452,0.164389,0.169202,0.175108,0.178936,0.186483,0.193702,0.201139,0.209889,0.21853,0.228264,0.23953,0.251452,0.263701,0.277811,0.291811,0.307889,0.324076,0.34256,0.363232,0.385545,0.409826,0.436404,0.465826,0.497216,0.532216,0.570388,0.612716,0.659965,0.710934,0.766277,0.827965,0.894683,0.967308,1.046495,1.133557,1.227838,1.330212,1.441118,1.561868,1.691805,1.829616,1.977053,2.13499,2.303864,2.480176,2.66655,2.862112,3.065986,3.272485,3.484234,3.698608,3.915608,4.130856,4.340855,4.549104,4.750354,4.941978,5.116977,5.276226,5.419726,5.542225,5.645475,5.722474,5.781973,5.820474,5.830974,5.815224,5.774974,5.713724,5.629725,5.524725,5.398725,5.262226,5.113477,4.950728,4.779228,4.598979,4.41348,4.226231,4.035482,3.848232,3.662733,3.484234,3.312735,3.144736,2.980236,2.824487,2.675737,2.535738,2.400989,2.27499,2.16299,2.05624,1.958241,1.863741,1.777991,1.699242,1.625742,1.557493,1.497993,1.441993,1.392993,1.345743,1.303744,1.265244,1.231994,1.196994,1.167244,1.140995,1.121745,1.100745,1.084994,1.065745,1.053494,1.039495,1.028995,1.020245,1.013245,1.007995,1.004495,1.004495,1.00362,1.002745,1.002745,1.004495,1.006245,1.013245,1.016745,1.023745,1.030745,1.037745,1.046495,1.056995,1.067495,1.077995,1.091995,1.104245,1.123495,1.139244,1.160244,1.177744,1.200494,1.224994,1.247744,1.273994,1.303743,1.336994,1.368493,1.406994,1.443743,1.483993,1.529493,1.574992,1.623993,1.676491,1.730742,1.788491,1.847992,1.909241,1.968741,2.031741,2.09124,2.15424,2.211989,2.271489,2.327489,2.379989,2.425488,2.467489,2.502489,2.533988,2.554988,2.574238,2.586489,2.595237,2.595238,2.591739,2.579488,2.563738,2.540988,2.516488,2.488488,2.460488,2.425488,2.392239,2.355489,2.32049,2.280239,2.24349,2.20849,2.17524,2.14374,2.11749,2.09474,2.075491,2.06149,2.05099,2.045741,2.04924,2.05799,2.07549,2.10174,2.13324,2.17524,2.225989,2.287239,2.358989,2.444739,2.539238,2.647738,2.770237,2.910237,3.064236,3.228735,3.410734,3.610234,3.825482,4.056482,4.301481,4.560478,4.836978,5.120477,5.412726,5.715474,6.019973,6.324471,6.62547,6.915968,7.202967,7.472466,7.713964,7.934464,8.137464,8.298463,8.424463,8.515462,8.574962,8.606461,8.602962,8.564462,8.497962,8.403463,8.287962,8.151462,8.007963,7.850465,7.696465,7.545965,7.391967,7.251966,7.108467,6.971967,6.852969,6.754969,6.66047,6.59047,6.534469,6.49947,6.474972,6.464471,6.46797,6.49247,6.530971,6.59047,6.660469,6.751469,6.85997,6.971969,7.104968,7.251968,7.419966,7.591466,7.780464,7.990463,8.217964,8.459462,8.704462,8.96346,9.243459,9.533957,9.834956,10.139455,10.471953,10.793953,11.13695,11.486949,11.850945,12.228944,12.606945,12.984943,13.36294,13.768938,14.174937,14.566936,14.972933,15.385933,15.791931,,0,40,0,0
0.248498,0.243248,0.234498,0.231873,0.225748,0.221374,0.217874,0.215249,0.210874,0.209124,0.206936,0.204749,0.203874,0.202999,0.202124,0.202124,0.202452,0.202561,0.202999,0.202999,0.204749,0.205405,0.207811,0.210436,0.21328,0.218202,0.221592,0.225092,0.22903,0.234717,0.238764,0.24642,0.253311,0.261514,0.271139,0.27967,0.289623,0.300889,0.311389,0.323857,0.337092,0.352951,0.368701,0.385435,0.404357,0.424919,0.447451,0.471951,0.499185,0.5297,0.563278,0.599809,0.640934,0.684793,0.734777,0.788808,0.847215,0.911745,0.984589,1.064432,1.149744,1.243588,1.347494,1.459274,1.578055,1.707554,1.849741,2.002428,2.16474,2.334489,2.516488,2.70855,2.905862,3.107111,3.31711,3.531484,3.747608,3.963732,4.173731,4.382855,4.584979,4.767853,4.936728,5.092477,5.230726,5.344475,5.435475,5.503725,5.550975,5.566724,5.549225,5.507225,5.440725,5.349726,5.232476,5.095977,4.947227,4.784479,4.604229,4.41348,4.215731,4.017982,3.814982,3.613733,3.419485,3.235735,3.051986,2.876987,2.708987,2.553238,2.404489,2.26274,2.13149,2.012491,1.903991,1.802491,1.707992,1.623992,1.543492,1.469993,1.406993,1.347494,1.294993,1.247744,1.205744,1.167244,1.135745,1.102495,1.074495,1.049995,1.027245,1.007995,0.993995,0.978246,0.965996,0.957245,0.948495,0.939745,0.932745,0.929246,0.925745,0.923996,0.925745,0.925745,0.929245,0.932745,0.936245,0.941495,0.948496,0.951995,0.962495,0.972995,0.981745,0.993995,1.002745,1.016745,1.030745,1.048245,1.063995,1.081495,1.104245,1.126995,1.151495,1.175994,1.203994,1.237244,1.268744,1.305494,1.343993,1.385993,1.433243,1.482243,1.531242,1.587243,1.644992,1.706242,1.767492,1.830491,1.896991,1.965241,2.031741,2.09474,2.15599,2.215489,2.273239,2.318739,2.362489,2.402739,2.434239,2.456989,2.472738,2.483238,2.483238,2.474489,2.462238,2.441239,2.423739,2.397489,2.365989,2.334489,2.297739,2.25924,2.21899,2.17699,2.13849,2.099991,2.06499,2.029991,2.001991,1.980991,1.945991,1.94074,1.919741,1.916241,1.919741,1.92499,1.944241,1.96524,2.00199,2.04399,2.08774,2.15424,2.229489,2.315239,2.406239,2.525238,2.654738,2.803487,2.952236,3.130736,3.326734,3.547234,3.769483,4.007481,4.275231,4.56573,4.857979,5.162477,5.472226,5.801224,6.130221,6.43997,6.744469,7.052467,7.346467,7.605464,7.832964,8.025463,8.207463,8.343962,8.424462,8.469961,8.483962,8.469962,8.382462,8.291463,8.168963,8.018463,7.843464,7.640465,7.458466,7.290467,7.097967,6.912468,6.744469,6.59047,6.464471,6.338472,6.226471,6.156472,6.107472,6.058472,6.026973,6.009472,6.033972,6.058473,6.114473,6.149471,6.22997,6.345471,6.457471,6.576471,6.726971,6.891468,7.076968,7.286967,7.465466,7.731464,7.983463,8.231963,8.522463,8.844462,9.120959,9.446458,9.764956,10.132454,10.520953,10.877952,11.259448,11.654949,12.039946,12.480945,12.886943,13.327941,13.782939,14.286937,14.685935,15.168931,15.644931,16.071928,16.512927,16.946926,17.36692,17.76592,18.325918,18.787916,19.207912,19.620914,19.92891,20.404912,,0,40,0,0
0.188999,0.185499,0.179374,0.177624,0.174561,0.167999,0.164499,0.164061,0.160561,0.158702,0.157171,0.15553,0.153014,0.154655,0.153233,0.154874,0.155311,0.153999,0.156405,0.157827,0.159686,0.161546,0.164718,0.167999,0.171827,0.176311,0.180139,0.186374,0.192061,0.199061,0.206717,0.214155,0.222686,0.232858,0.243686,0.254076,0.265998,0.278358,0.292576,0.307998,0.324186,0.341685,0.361701,0.383795,0.40742,0.432466,0.45981,0.4912,0.525216,0.562185,0.603309,0.648372,0.697809,0.751184,0.809152,0.872808,0.942808,1.018714,1.100088,1.189994,1.287556,1.393212,1.50543,1.62618,1.754804,1.893054,2.040053,2.194052,2.356364,2.526988,2.701988,2.880487,3.060736,3.244485,3.426484,3.605858,3.776483,3.946232,4.103731,4.249856,4.379355,4.493105,4.586729,4.661979,4.714479,4.742478,4.754728,4.747729,4.716229,4.663729,4.59198,4.50623,4.39948,4.282231,4.150981,4.016231,3.876232,3.732733,3.583984,3.433484,3.282984,3.132486,2.985486,2.843737,2.707238,2.577738,2.453489,2.334489,2.21899,2.11049,2.008991,1.910991,1.821741,1.735992,1.658992,1.588993,1.522493,1.461243,1.403493,1.350994,1.303744,1.258244,1.217994,1.182994,1.153245,1.123494,1.095495,1.072745,1.051745,1.032495,1.013245,0.997495,0.986995,0.974745,0.965995,0.957245,0.951995,0.946745,0.941495,0.936246,0.936245,0.932745,0.932745,0.934495,0.936246,0.937995,0.939745,0.943245,0.948495,0.953745,0.958995,0.965995,0.972995,0.981745,0.990495,0.999245,1.011495,1.021995,1.035995,1.048245,1.063995,1.081495,1.098995,1.121744,1.140995,1.163744,1.189994,1.216244,1.244244,1.277494,1.310744,1.347494,1.385993,1.426243,1.468243,1.513743,1.560992,1.613493,1.665992,1.720242,1.776242,1.832242,1.888242,1.94424,1.998491,2.05274,2.10349,2.15074,2.19449,2.234739,2.26974,2.29599,2.320489,2.336239,2.348489,2.353739,2.355489,2.353739,2.348489,2.33799,2.322239,2.301239,2.27849,2.255739,2.22599,2.20324,2.17349,2.14724,2.11749,2.087741,2.06149,2.033491,2.00899,1.987991,1.970491,1.958241,1.94774,1.944241,1.942491,1.94774,1.959991,1.977491,2.00549,2.03874,2.08424,2.13674,2.19799,2.26974,2.355489,2.451739,2.560238,2.680987,2.819236,2.974985,3.148236,3.333735,3.536734,3.758983,3.996982,4.252481,4.52198,4.812478,5.115227,5.428475,5.748724,6.077722,6.408471,6.733969,7.055968,7.363966,7.657965,7.937965,8.186463,8.403463,8.588962,8.735962,8.84096,8.90046,8.924959,8.91096,8.861961,8.777961,8.669461,8.536462,8.375463,8.207463,8.028962,7.846964,7.671966,7.503966,7.349967,7.209967,7.080469,6.964968,6.866968,6.78997,6.730469,6.684969,6.66397,6.66047,6.67097,6.702469,6.74447,6.807468,6.88097,6.971969,7.083968,7.206467,7.346466,7.500465,7.668465,7.846964,8.042962,8.252963,8.480462,8.714961,8.977459,9.243459,9.526958,9.820955,10.132455,10.457953,10.793953,11.122951,11.486949,11.857947,12.242945,12.634942,13.040943,13.446939,13.859935,14.279934,14.706935,15.13393,15.567931,16.001928,16.435924,16.876924,17.310924,17.74492,,0,40,0,0
0.236248,0.227498,0.220499,0.216999,0.210874,0.205624,0.202999,0.199499,0.197749,0.195124,0.191624,0.189874,0.187249,0.185936,0.186374,0.183749,0.185499,0.186811,0.188124,0.188561,0.188124,0.190311,0.193155,0.195124,0.198405,0.201467,0.205405,0.210436,0.214264,0.218639,0.224983,0.231545,0.238655,0.247623,0.256483,0.266108,0.276936,0.287436,0.299358,0.312592,0.326701,0.342342,0.359842,0.37756,0.397029,0.419451,0.443513,0.469872,0.499294,0.531341,0.567763,0.607466,0.651872,0.699121,0.75184,0.810574,0.873246,0.943683,1.022214,1.108182,1.200713,1.300681,1.410931,1.530805,1.658992,1.796804,1.946866,2.110053,2.282864,2.461364,2.651675,2.853362,3.058986,3.26986,3.485984,3.707358,3.928732,4.147481,4.360105,4.570105,4.768728,4.946352,5.109102,5.255227,5.384726,5.484475,5.559725,5.615725,5.643724,5.634974,5.598225,5.538725,5.452975,5.339225,5.199226,5.050477,4.887728,4.709229,4.518479,4.32073,4.121231,3.916482,3.713482,3.515734,3.326735,3.142986,2.964487,2.798237,2.637238,2.486738,2.343239,2.21199,2.08774,1.972241,1.868991,1.772741,1.685242,1.602992,1.527743,1.459493,1.396493,1.340494,1.287994,1.245994,1.205744,1.168994,1.135745,1.105995,1.079745,1.055245,1.034245,1.014995,1.000995,0.986995,0.974745,0.965995,0.957245,0.951995,0.944995,0.943245,0.9428075,0.941495,0.941495,0.943245,0.946745,0.951995,0.957245,0.962495,0.967745,0.978245,0.985245,0.995745,1.006245,1.018495,1.030745,1.042995,1.056995,1.072745,1.090244,1.107744,1.128745,1.153244,1.177745,1.200494,1.228494,1.259994,1.291494,1.328243,1.366743,1.408743,1.454243,1.501493,1.552243,1.604742,1.662492,1.723742,1.784991,1.849741,1.919741,1.99149,2.056241,2.12274,2.18924,2.25399,2.311739,2.360739,2.409738,2.456989,2.491988,2.518238,2.537488,2.551488,2.553238,2.549739,2.539238,2.525238,2.505989,2.481489,2.453488,2.421989,2.385239,2.348489,2.311739,2.269739,2.22949,2.19274,2.15424,2.12099,2.08599,2.056241,2.02824,2.005491,1.987991,1.973991,1.966991,1.970491,1.979241,1.99499,2.014241,2.04574,2.08424,2.13849,2.19624,2.26974,2.35374,2.451739,2.560238,2.686238,2.826237,2.985487,3.156985,3.345985,3.557733,3.786983,4.031982,4.290981,4.56748,4.861477,5.165976,5.470475,5.783724,6.110971,6.425971,6.73397,7.031468,7.314967,7.577467,7.801464,8.004463,8.175963,8.305462,8.392961,8.441961,8.459463,8.431462,8.361462,8.256463,8.130463,7.990464,7.822465,7.654464,7.475965,7.307966,7.132968,6.968468,6.814469,6.677969,6.555471,6.44697,6.366471,6.306972,6.261471,6.236972,6.215971,6.229972,6.250972,6.292971,6.345472,6.43297,6.530971,6.649969,6.772469,6.919469,7.087467,7.262467,7.454967,7.671965,7.913463,8.165464,8.43146,8.714961,9.005459,9.323958,9.645956,9.981956,10.335455,10.709952,11.09845,11.493947,11.885948,12.305946,12.739944,13.152941,13.586938,14.041938,14.496934,14.944933,15.392932,15.847928,16.309926,16.743924,17.191922,17.63292,18.073918,18.507918,18.934914,19.340912,19.753914,20.152912,20.530906,,0,40,0,0
0.237998,0.230998,0.222249,0.216999,0.208249,0.203874,0.197749,0.195124,0.191624,0.187249,0.183749,0.178936,0.178499,0.176749,0.174124,0.170624,0.169311,0.166686,0.165811,0.164499,0.163186,0.162311,0.160124,0.160561,0.159686,0.159249,0.158811,0.158374,0.157499,0.15728,0.156624,0.157061,0.15728,0.158155,0.158155,0.158155,0.158811,0.159139,0.159139,0.159358,0.160124,0.160999,0.161983,0.162858,0.164608,0.165374,0.166796,0.167889,0.16953,0.171389,0.173796,0.176311,0.179264,0.181999,0.184952,0.18878,0.192171,0.196655,0.201139,0.206717,0.212295,0.218749,0.22553,0.233077,0.241061,0.250467,0.259873,0.270811,0.282733,0.295092,0.308436,0.322545,0.337311,0.353279,0.369904,0.385982,0.40392,0.422295,0.440998,0.459154,0.477529,0.495466,0.512966,0.529482,0.545231,0.559778,0.574544,0.588434,0.601122,0.613153,0.624856,0.635247,0.646184,0.657559,0.670903,0.687528,0.705246,0.725153,0.749434,0.777434,0.807621,0.841527,0.878714,0.918089,0.958558,0.998151,1.034682,1.067713,1.093963,1.111245,1.118901,1.117369,1.107088,1.087401,1.06137,1.028557,0.992245,0.950683,0.905183,0.858589,0.813965,0.769777,0.726246,0.68709,0.650559,0.616653,0.584934,0.555841,0.529372,0.506622,0.484966,0.466154,0.450841,0.437279,0.42481,0.414748,0.405341,0.396591,0.389373,0.383467,0.377342,0.373842,0.370998,0.367717,0.36531,0.362248,0.361592,0.359623,0.358092,0.356998,0.357654,0.356779,0.357217,0.357654,0.359404,0.361154,0.362029,0.363779,0.365529,0.369029,0.372529,0.375592,0.379092,0.383248,0.387623,0.391998,0.395498,0.400529,0.405998,0.411904,0.417154,0.422623,0.428966,0.435091,0.439904,0.445373,0.45281,0.459591,0.465279,0.471622,0.477966,0.483216,0.487591,0.493497,0.497435,0.502685,0.50531,0.509247,0.512091,0.514716,0.516903,0.517122,0.517341,0.519966,0.519528,0.520622,0.519966,0.520185,0.5202395,0.520622,0.520185,0.52106,0.52281,0.52281,0.52281,0.52456,0.527622,0.52981,0.531997,0.53506,0.537247,0.54206,0.544685,0.549935,0.55606,0.562185,0.570497,0.577059,0.585372,0.596309,0.607684,0.616434,0.630434,0.645747,0.664121,0.682934,0.701309,0.724059,0.747246,0.774371,0.801496,0.832121,0.868433,0.906933,0.946745,0.98612,1.031182,1.077557,1.127432,1.174682,1.225869,1.279681,1.329556,1.379868,1.430181,1.477431,1.525118,1.567555,1.609117,1.653742,1.693992,1.735117,1.777116,1.819991,1.868991,1.914491,1.962616,2.017741,2.079865,2.148115,2.212865,2.295989,2.381739,2.474488,2.569863,2.677488,2.795612,2.928612,3.064236,3.211235,3.370484,3.535859,3.712608,3.905107,4.105481,4.31723,4.548229,4.779228,5.027727,5.291976,5.570225,5.853723,6.154722,6.471471,6.800469,7.145217,7.493467,7.866215,8.251213,8.64846,9.05446,9.509457,9.960956,10.415954,10.842952,11.31545,11.784448,12.270945,12.781942,13.278939,13.775939,14.300936,14.811934,15.361431,15.844429,16.414927,16.939924,17.436922,18.00392,18.521918,19.060912,19.592912,20.07591,20.57291,21.097906,21.587904,22.0569,22.532898,22.980896,23.421894,,2.5,2.5,0,0
0.154436,0.148749,0.143061,0.136936,0.13278,0.127749,0.12403,0.120093,0.115936,0.114624,0.112546,0.109155,0.107187,0.105765,0.102483,0.102921,0.100187,0.098437064,0.098108936,0.097124568,0.096577696,0.09493708,0.092858968,0.093515208,0.09340584,0.09220272,0.09165584,0.091983968,0.09165584,0.091546464,0.091628496,0.09165584,0.09165584,0.091765224,0.091874592,0.092968336,0.092968344,0.093405832,0.093624584,0.09406208,0.095046448,0.095921448,0.097015192,0.098437064,0.099968312,0.10139,0.102593,0.104015,0.105765,0.107733,0.110468,0.112546,0.115608,0.11889,0.121843,0.125561,0.128952,0.133655,0.13814,0.143389,0.149077,0.155202,0.162202,0.16953,0.177077,0.185499,0.195233,0.204858,0.215795,0.226514,0.238764,0.251342,0.264905,0.27803,0.292139,0.306358,0.320576,0.335561,0.350982,0.366295,0.380951,0.395607,0.409826,0.424263,0.437716,0.450732,0.464076,0.476982,0.489997,0.501919,0.513513,0.525763,0.537903,0.550481,0.562731,0.578372,0.594012,0.610528,0.629559,0.650122,0.673965,0.698684,0.726028,0.755121,0.785746,0.817246,0.848308,0.878058,0.904527,0.928589,0.945651,0.958558,0.96512,0.96512,0.959433,0.948277,0.931433,0.908902,0.881777,0.851371,0.817902,0.78334,0.74659,0.712246,0.677903,0.644215,0.611184,0.579903,0.551466,0.522372,0.496779,0.473372,0.451935,0.434216,0.416716,0.400967,0.386966,0.375154,0.363342,0.354154,0.345842,0.338186,0.332061,0.327029,0.321998,0.317404,0.313248,0.310186,0.307123,0.304717,0.302529,0.300342,0.299904,0.297936,0.296623,0.295311,0.295092,0.294217,0.293342,0.294436,0.295529,0.295967,0.297279,0.298592,0.300561,0.301217,0.304061,0.306248,0.309311,0.311936,0.315217,0.318717,0.322436,0.325717,0.330092,0.333373,0.33906,0.342779,0.347373,0.352185,0.357435,0.362248,0.36706,0.371435,0.376685,0.381717,0.386092,0.39156,0.396154,0.400966,0.405998,0.41081,0.414529,0.418248,0.422404,0.426123,0.428966,0.432904,0.434873,0.438154,0.440123,0.441872,0.44231,0.443404,0.444716,0.444497,0.445373,0.44581,0.446685,0.446685,0.447341,0.446685,0.447779,0.447123,0.449091,0.450404,0.451498,0.453029,0.455435,0.457404,0.460685,0.462654,0.465497,0.469654,0.475779,0.480372,0.485622,0.49306,0.50006,0.508372,0.516903,0.528716,0.539653,0.551247,0.566341,0.582966,0.599153,0.617528,0.637872,0.659309,0.683371,0.707434,0.736746,0.767371,0.798871,0.832558,0.867558,0.90562,0.943245,0.983933,1.025057,1.067932,1.109495,1.150182,1.192619,1.234182,1.272244,1.310306,1.348806,1.386431,1.422306,1.458618,1.49493,1.532555,1.569305,1.609117,1.649367,1.693992,1.739492,1.790241,1.846241,1.906616,1.966991,2.03699,2.111365,2.191865,2.278489,2.370364,2.474489,2.584738,2.699363,2.824487,2.958362,3.102736,3.25236,3.415984,3.590984,3.774733,3.967231,4.170231,4.38723,4.616479,4.849228,5.099477,5.365476,5.636724,5.920223,6.219472,6.527471,6.847719,7.176717,7.521466,7.880215,8.251213,8.62746,9.01246,9.421957,9.838456,10.258453,10.688951,11.136949,11.581448,12.025946,12.484444,12.963941,13.436439,13.905437,14.391936,14.878433,15.364932,,2.5,2.5,0,0
0.225749,0.220499,0.208249,0.202124,0.197749,0.194249,0.187249,0.182874,0.179374,0.175874,0.172374,0.170186,0.165811,0.166249,0.163624,0.162311,0.160124,0.158811,0.157061,0.157061,0.155749,0.153561,0.152249,0.151374,0.152249,0.150061,0.150936,0.151374,0.150499,0.149186,0.148968,0.14940525,0.149624,0.149843,0.15028,0.150936,0.150499,0.150936,0.151264,0.15203,0.152468,0.153452,0.154546,0.155202,0.156624,0.157061,0.158702,0.160233,0.161436,0.163186,0.165264,0.167561,0.169858,0.173139,0.175655,0.179046,0.182327,0.185936,0.190311,0.195452,0.200811,0.20617,0.212733,0.219624,0.226295,0.234608,0.242811,0.25178,0.26217,0.272561,0.283608,0.295311,0.307233,0.31992,0.332935,0.346279,0.359842,0.37417,0.388607,0.402607,0.416498,0.429951,0.443185,0.456419,0.469107,0.481138,0.493388,0.504763,0.517013,0.527731,0.539216,0.550481,0.562294,0.574763,0.587231,0.603091,0.619716,0.638747,0.660184,0.684247,0.711371,0.739809,0.770652,0.802808,0.835402,0.867996,0.895996,0.92137,0.940839,0.953964,0.960745,0.958339,0.950027,0.934714,0.914152,0.887902,0.858371,0.825121,0.788152,0.750746,0.713996,0.677903,0.642028,0.609653,0.579247,0.550372,0.524341,0.499622,0.477747,0.45806,0.440997,0.424154,0.411248,0.399654,0.388498,0.37931,0.371873,0.364217,0.358529,0.352404,0.348248,0.343873,0.340373,0.337967,0.33556,0.333373,0.33206,0.329436,0.328342,0.327029,0.326373,0.326373,0.325717,0.326373,0.327467,0.327467,0.328123,0.328998,0.330311,0.332717,0.334686,0.337748,0.34081,0.343435,0.346279,0.349342,0.352623,0.356342,0.360279,0.363779,0.368373,0.374279,0.377998,0.383467,0.387404,0.391998,0.398341,0.40206,0.407091,0.413435,0.418029,0.422623,0.426998,0.431591,0.436185,0.439904,0.442529,0.446904,0.449747,0.452372,0.45456,0.456529,0.457404,0.458497,0.459591,0.460466,0.462435,0.462872,0.463091,0.462654,0.463091,0.463747,0.463529,0.463747,0.463529,0.464404,0.466372,0.467466,0.468997,0.470747,0.472716,0.474685,0.477747,0.480154,0.484747,0.487591,0.493279,0.498529,0.505529,0.511216,0.518654,0.527185,0.536372,0.546872,0.559122,0.572685,0.585809,0.601997,0.619497,0.637434,0.659309,0.682059,0.707434,0.734559,0.764746,0.796683,0.828621,0.865371,0.902121,0.941058,0.983058,1.02462,1.067495,1.111682,1.155869,1.197869,1.240307,1.283181,1.322556,1.363243,1.401743,1.440243,1.478743,1.516805,1.551367,1.58943,1.627055,1.667742,1.706242,1.749992,1.798117,1.850616,1.903991,1.964366,2.029116,2.09999,2.176115,2.258365,2.348489,2.448239,2.554113,2.666988,2.787737,2.918112,3.055486,3.19986,3.35386,3.519234,3.695983,3.879732,4.070481,4.273481,4.48873,4.712729,4.943728,5.192227,5.449475,5.720724,5.998972,6.287722,6.59047,6.900219,7.216967,7.544216,7.881964,8.231963,8.592461,8.95646,9.330958,9.719457,10.107954,10.499954,10.909451,11.31545,11.742446,12.169446,12.592945,13.030443,13.457438,13.891437,14.318435,14.752434,15.186432,15.61343,16.043926,16.477926,16.911926,17.331924,17.744922,18.143918,,2.5,2.5,0,0
0.163624,0.156624,0.150499,0.139999,0.136061,0.130811,0.126655,0.120749,0.118999,0.117249,0.111452,0.109155,0.107187,0.104124,0.10314,0.101718,0.100187,0.09974956,0.097999568,0.09646832,0.095155824,0.093296464,0.09373396,0.093515208,0.092421464,0.092421464,0.092476152,0.09253084,0.09253084,0.092421464,0.09253084,0.093077712,0.09373396,0.09493708,0.095265208,0.09646832,0.09734332,0.097890184,0.099530808,0.100624,0.102265,0.104015,0.106202,0.10839,0.110358,0.113202,0.116374,0.119327,0.122827,0.126327,0.130921,0.135733,0.140874,0.146452,0.153124,0.159139,0.166139,0.174671,0.182764,0.192608,0.202889,0.214045,0.226186,0.239092,0.252764,0.266983,0.282514,0.29892,0.315873,0.334139,0.352732,0.371654,0.390576,0.409279,0.428091,0.446685,0.464404,0.482122,0.498857,0.514278,0.527732,0.541075,0.55256,0.561966,0.570388,0.577825,0.585044,0.591825,0.596747,0.602653,0.609872,0.61709,0.625622,0.636559,0.649903,0.666747,0.687309,0.711809,0.739809,0.770871,0.805652,0.843277,0.883089,0.920933,0.958558,0.995964,1.026589,1.051089,1.067276,1.075807,1.073838,1.063339,1.044526,1.018276,0.98787,0.951339,0.911089,0.868871,0.824246,0.77984,0.734996,0.691684,0.651215,0.613153,0.578153,0.54556,0.514497,0.486935,0.461997,0.439029,0.41781,0.399654,0.383904,0.370342,0.356998,0.34606,0.336435,0.328123,0.320467,0.314123,0.308436,0.304717,0.301217,0.297061,0.293998,0.292467,0.290061,0.288311,0.286998,0.285467,0.284373,0.285248,0.284592,0.285029,0.285248,0.285467,0.287436,0.288748,0.289623,0.291811,0.294873,0.297061,0.300779,0.303623,0.307561,0.310623,0.315873,0.319373,0.325279,0.328123,0.334467,0.339279,0.345623,0.351092,0.357435,0.362467,0.368373,0.374717,0.381717,0.38806,0.393748,0.401404,0.40731,0.413435,0.418466,0.424154,0.429404,0.434216,0.439904,0.442529,0.447779,0.451716,0.453685,0.456966,0.459372,0.46156,0.462872,0.463966,0.465497,0.464841,0.465279,0.465716,0.465935,0.464841,0.463966,0.464841,0.465279,0.464404,0.465497,0.466372,0.465935,0.467029,0.469654,0.471404,0.473154,0.475341,0.479716,0.484091,0.487154,0.492841,0.496779,0.50356,0.51056,0.518216,0.526966,0.537685,0.548403,0.56131,0.575528,0.589966,0.607028,0.625184,0.644872,0.668059,0.693434,0.719684,0.748559,0.781809,0.813746,0.851371,0.891621,0.933183,0.97737,1.023745,1.07362,1.123495,1.176432,1.228932,1.282306,1.336994,1.388181,1.438493,1.490118,1.539118,1.58418,1.627055,1.669492,1.71018,1.747804,1.788054,1.831366,1.874241,1.920616,1.968741,2.02299,2.08249,2.14549,2.21899,2.300364,2.386114,2.484113,2.589988,2.706363,2.829737,2.963611,3.107986,3.261985,3.428234,3.605858,3.793108,3.989981,4.204356,4.42573,4.661979,4.910478,5.176476,5.451225,5.743474,6.046222,6.368221,6.697219,7.036718,7.391967,7.766465,8.142714,8.534712,8.94246,9.362457,9.785956,10.230455,10.681951,11.15095,11.623447,12.106446,12.606943,13.10744,13.621939,14.150436,14.675434,15.200431,15.73243,16.257427,16.813926,17.338922,17.86392,18.402918,18.920916,19.438912,19.94991,20.45391,,2.5,2.5,0,0
0.215249,0.206061,0.198624,0.190749,0.183967,0.178717,0.171936,0.165374,0.163624,0.158811,0.155311,0.152468,0.148311,0.146999,0.14328,0.142624,0.142296,0.138577,0.138249,0.136827,0.135515,0.132671,0.131577,0.132015,0.131905,0.131249,0.130265,0.131358,0.130265,0.129608,0.12939,0.129827,0.129936,0.130374,0.130921,0.13103,0.132124,0.133546,0.132999,0.133655,0.135186,0.136499,0.137811,0.139343,0.141311,0.143171,0.145468,0.147546,0.149514,0.152686,0.156296,0.160233,0.163952,0.168108,0.173139,0.178389,0.183639,0.189764,0.196436,0.203983,0.211749,0.221045,0.230561,0.240295,0.250905,0.262717,0.274967,0.288529,0.301764,0.316311,0.332279,0.348576,0.364873,0.380732,0.397466,0.41442,0.430498,0.447341,0.462982,0.47906,0.493607,0.50706,0.5192,0.530903,0.541622,0.551575,0.55956,0.568747,0.577825,0.586466,0.594997,0.603856,0.615122,0.626715,0.642028,0.659965,0.681403,0.705903,0.733027,0.762559,0.795808,0.83059,0.867339,0.90212,0.935589,0.965995,0.992464,1.012807,1.02462,1.029432,1.026151,1.01412,0.99487,0.97037,0.942808,0.909558,0.872808,0.834527,0.796246,0.756215,0.71684,0.679434,0.643559,0.610966,0.579466,0.550372,0.524341,0.500279,0.47731,0.456748,0.438154,0.422185,0.407966,0.39506,0.384998,0.375592,0.366623,0.358529,0.351967,0.345185,0.34081,0.335998,0.332717,0.329217,0.328123,0.325279,0.323092,0.320467,0.319592,0.318717,0.317623,0.316748,0.317842,0.318061,0.317842,0.318498,0.319811,0.321123,0.321998,0.323748,0.327029,0.329654,0.332498,0.334904,0.337311,0.342342,0.346498,0.349779,0.353498,0.358748,0.363123,0.369029,0.373185,0.377998,0.383685,0.388935,0.393748,0.399216,0.404904,0.411029,0.417373,0.421966,0.427873,0.434654,0.440341,0.444716,0.449529,0.455216,0.45981,0.464841,0.468122,0.472497,0.475997,0.478622,0.481029,0.482997,0.485841,0.487372,0.48956,0.489997,0.491529,0.492404,0.492622,0.492841,0.493497,0.494153,0.494372,0.49481,0.497654,0.49831,0.499185,0.499185,0.50181,0.504872,0.507497,0.509466,0.513841,0.519091,0.522153,0.527404,0.532653,0.54031,0.548185,0.556716,0.565247,0.575966,0.587778,0.600028,0.614028,0.630215,0.647059,0.666309,0.686872,0.710059,0.736746,0.764746,0.795371,0.826871,0.862308,0.901683,0.941495,0.985245,1.03162,1.081057,1.13312,1.185619,1.241181,1.295431,1.350994,1.408306,1.462993,1.516805,1.570617,1.623555,1.66993,1.718054,1.763117,1.808617,1.848866,1.891741,1.936366,1.983616,2.032615,2.079865,2.134115,2.19624,2.258365,2.330989,2.407989,2.495489,2.591738,2.691488,2.802612,2.920737,3.050236,3.184985,3.330235,3.485984,3.653983,3.827233,4.012732,4.206981,4.41173,4.626979,4.849228,5.087227,5.337476,5.594725,5.865974,6.147722,6.436471,6.735719,7.047218,7.363967,7.698216,8.037714,8.389462,8.746462,9.117459,9.495457,9.876956,10.275954,10.667951,11.07745,11.497448,11.920946,12.340944,12.774943,13.212441,13.642938,14.076936,14.521435,14.965932,15.410431,15.85493,16.274929,16.715926,17.163922,17.597922,18.031918,,2.5,2.5,0,0
0.199499,0.193374,0.183749,0.178936,0.173249,0.165811,0.163624,0.157936,0.154218,0.150718,0.146343,0.142624,0.14164,0.138796,0.137046,0.135515,0.134421,0.134202,0.130593,0.129608,0.128733,0.128077,0.127421,0.127311,0.1267645,0.126436,0.12589,0.124796,0.12589,0.125452,0.125343,0.125233,0.12578,0.126765,0.12753,0.128186,0.129718,0.130374,0.132015,0.132671,0.134311,0.136171,0.138577,0.140874,0.14328,0.145905,0.148749,0.151483,0.155202,0.158811,0.163624,0.168764,0.173905,0.179374,0.186374,0.193155,0.200264,0.20803,0.217108,0.226514,0.237561,0.24817,0.260201,0.272889,0.285358,0.298701,0.313576,0.328014,0.343545,0.358529,0.374717,0.390029,0.405779,0.420544,0.433451,0.446685,0.459263,0.470419,0.48081,0.490107,0.498529,0.505638,0.510888,0.515153,0.519419,0.523357,0.527513,0.53145,0.5367,0.542935,0.550263,0.55945,0.570606,0.584059,0.600903,0.62234,0.647059,0.676153,0.708965,0.744621,0.781809,0.822496,0.862527,0.90212,0.938652,0.97212,0.99837,1.019589,1.031182,1.034245,1.02812,1.015651,0.99487,0.967964,0.936464,0.902777,0.865589,0.824465,0.783996,0.744621,0.704371,0.666309,0.628247,0.595216,0.563934,0.534403,0.506403,0.48256,0.458935,0.437935,0.419779,0.402498,0.388498,0.376029,0.364435,0.354154,0.345404,0.338186,0.330967,0.325279,0.319811,0.315654,0.312592,0.309967,0.307342,0.305154,0.303623,0.302311,0.300123,0.299686,0.298811,0.298811,0.299248,0.299248,0.300123,0.300123,0.302311,0.303842,0.305154,0.307123,0.310186,0.312592,0.316311,0.319592,0.323529,0.325498,0.329873,0.334467,0.338623,0.342998,0.347154,0.35306,0.357873,0.362467,0.367717,0.371873,0.377779,0.38281,0.388279,0.393529,0.398998,0.404466,0.40906,0.414529,0.417591,0.422623,0.426341,0.430498,0.434216,0.438154,0.441654,0.443841,0.445591,0.446685,0.448654,0.448872,0.450841,0.451935,0.454122,0.454997,0.454997,0.455435,0.455927,0.456529,0.456747,0.457623,0.457623,0.459591,0.460466,0.461779,0.463091,0.464841,0.468122,0.470091,0.472497,0.476872,0.481466,0.486497,0.490435,0.496779,0.502685,0.512091,0.519528,0.529153,0.540966,0.551903,0.564372,0.578153,0.594778,0.611622,0.630434,0.652747,0.67659,0.703059,0.731934,0.762996,0.796683,0.833433,0.873246,0.91437,0.95987,1.005807,1.056557,1.107745,1.160244,1.214932,1.269181,1.323869,1.377243,1.429743,1.479181,1.52818,1.575868,1.62093,1.662492,1.704492,1.744742,1.784116,1.823929,1.866366,1.910991,1.959116,2.01074,2.07024,2.12974,2.19974,2.274989,2.357239,2.449989,2.548863,2.659113,2.777237,2.904112,3.040611,3.188485,3.34511,3.513109,3.692483,3.883232,4.085357,4.29623,4.525479,4.759978,5.010227,5.270976,5.543974,5.834473,6.137223,6.453971,6.777719,7.120717,7.472466,7.836464,8.212713,8.606461,9.01246,9.421957,9.852457,10.286454,10.734451,11.18945,11.654948,12.127445,12.610443,13.103941,13.604439,14.101436,14.608934,15.119933,15.627431,16.138425,16.624926,17.135924,17.646924,18.150918,18.661916,19.165916,19.66991,20.152908,20.642908,,2.5,2.5,0,0
0.276498,0.269498,0.257248,0.247623,0.237998,0.230998,0.224873,0.219186,0.213061,0.209561,0.203874,0.196874,0.192499,0.189874,0.188124,0.18528,0.183311,0.180467,0.179811,0.177842,0.176311,0.174561,0.172374,0.172921,0.171499,0.171717,0.17111575,0.170514,0.170733,0.171061,0.17128,0.1718815,0.172483,0.172702,0.173577,0.174561,0.176858,0.177842,0.179374,0.181014,0.18353,0.185608,0.188452,0.192171,0.194905,0.197967,0.201795,0.206389,0.210764,0.216233,0.22203,0.228592,0.23603,0.243905,0.252655,0.262498,0.273217,0.284264,0.297061,0.311279,0.327248,0.34431,0.363232,0.383467,0.405998,0.429841,0.456529,0.485075,0.517122,0.5507,0.585809,0.623653,0.663575,0.705793,0.747903,0.792309,0.838683,0.887464,0.935152,0.983714,1.033589,1.082807,1.130495,1.177307,1.224775,1.271588,1.316431,1.361056,1.407868,1.45293,1.497993,1.54393,1.593367,1.64543,1.700117,1.760492,1.827866,1.900491,1.979678,2.05974,2.145928,2.234302,2.321802,2.402739,2.477989,2.544489,2.596113,2.626738,2.638988,2.631988,2.603113,2.554113,2.485863,2.405364,2.315239,2.21374,2.10524,1.99499,1.882116,1.770992,1.662492,1.560117,1.463868,1.376368,1.296744,1.222369,1.155869,1.093745,1.03862,0.990495,0.946745,0.908245,0.875871,0.847871,0.823371,0.798871,0.778746,0.761246,0.744621,0.730621,0.718371,0.707871,0.699996,0.690371,0.684246,0.676372,0.671122,0.666747,0.660621,0.657122,0.654497,0.654497,0.652747,0.651872,0.651872,0.651872,0.654497,0.657122,0.658872,0.663247,0.669372,0.674621,0.681621,0.687746,0.694747,0.703496,0.711371,0.720121,0.729746,0.741121,0.752496,0.762996,0.776121,0.787496,0.798871,0.811996,0.823371,0.836496,0.849621,0.861871,0.873246,0.885496,0.89512,0.904746,0.913495,0.91962,0.925745,0.93012,0.934495,0.93712,0.93712,0.934496,0.932745,0.930121,0.92662,0.920496,0.914371,0.909995,0.904746,0.896871,0.890746,0.883746,0.87762,0.871495,0.863621,0.860121,0.855745,0.852246,0.849621,0.846121,0.846121,0.845246,0.845246,0.846996,0.851371,0.856621,0.861871,0.871495,0.880245,0.892496,0.90737,0.922245,0.939745,0.96337,0.98787,1.01587,1.04737,1.08412,1.122619,1.164619,1.214494,1.268744,1.327369,1.389494,1.457743,1.530368,1.605618,1.684367,1.764867,1.847991,1.931991,2.014241,2.097365,2.176115,2.254865,2.326614,2.390489,2.449113,2.505114,2.554113,2.596113,2.636362,2.671363,2.704612,2.730863,2.756237,2.783362,2.811362,2.834987,2.866487,2.904987,2.948737,2.994237,3.046736,3.106236,3.177985,3.254985,3.340735,3.438734,3.547234,3.667983,3.793982,3.932232,4.082731,4.24723,4.41698,4.600729,4.793228,5.006727,5.227227,5.458225,5.701474,5.963972,6.229971,6.50997,6.807469,7.113717,7.437466,7.773464,8.109465,8.473463,8.837461,9.208459,9.593457,9.981956,10.387953,10.800952,11.220949,11.644448,12.085446,12.522944,12.960442,13.404939,13.859939,14.325436,14.790932,15.252932,15.714929,16.183925,16.631926,17.072924,17.53492,17.982918,18.402918,18.857916,19.284914,19.718912,20.13191,20.537908,20.943904,,7.5,7.5,0,0
0.265998,0.260748,0.250248,0.239748,0.230998,0.223123,0.218311,0.212624,0.205624,0.200374,0.195124,0.192061,0.187249,0.184186,0.180686,0.178936,0.177186,0.172811,0.171936,0.170624,0.169092,0.166905,0.167124,0.165155,0.165811,0.164936,0.163405,0.164061,0.163624,0.164499,0.164827,0.165593,0.165921,0.166905,0.167561,0.169202,0.170842,0.172702,0.173905,0.175655,0.178171,0.181014,0.183967,0.186374,0.189983,0.193811,0.197311,0.201795,0.206608,0.212077,0.218092,0.224655,0.232311,0.240186,0.249045,0.258342,0.268951,0.280326,0.292795,0.307123,0.322764,0.339498,0.357764,0.37767,0.398998,0.422404,0.448107,0.476326,0.506294,0.538669,0.57345,0.609981,0.648262,0.687856,0.73084,0.773934,0.818996,0.865808,0.913277,0.962495,1.011495,1.059182,1.106651,1.154776,1.201807,1.247088,1.29215,1.337431,1.381181,1.424493,1.467368,1.509805,1.555305,1.600805,1.648492,1.702304,1.761804,1.824804,1.893491,1.966116,2.046178,2.128865,2.211552,2.295552,2.379114,2.455239,2.520863,2.571613,2.608363,2.626738,2.623238,2.600488,2.558488,2.501613,2.430739,2.345864,2.25224,2.149865,2.043116,1.932866,1.825241,1.719367,1.615242,1.521618,1.432368,1.351869,1.273994,1.201369,1.138369,1.08062,1.027245,0.979995,0.93887,0.90387,0.872371,0.841746,0.817246,0.793621,0.772621,0.755996,0.739371,0.724496,0.713996,0.702621,0.693871,0.683371,0.675496,0.667622,0.661497,0.654496,0.649247,0.646622,0.643122,0.640497,0.639622,0.637872,0.636997,0.636997,0.636997,0.639622,0.642247,0.646622,0.650122,0.655372,0.660622,0.665871,0.672872,0.679871,0.689496,0.697371,0.706121,0.715746,0.727121,0.736746,0.746371,0.757746,0.770871,0.781371,0.793621,0.806746,0.818996,0.831246,0.842621,0.853121,0.865371,0.874121,0.881996,0.89162,0.897745,0.904745,0.908245,0.911745,0.91262,0.913495,0.91262,0.909995,0.908246,0.904746,0.89862,0.892496,0.88637,0.879371,0.872371,0.863621,0.856621,0.849621,0.843495,0.838246,0.832121,0.825996,0.820746,0.816371,0.812871,0.810246,0.811121,0.812871,0.811996,0.813746,0.817246,0.823371,0.829496,0.836496,0.846996,0.858371,0.873246,0.890745,0.909995,0.933621,0.95812,0.98437,1.016745,1.05262,1.09462,1.136619,1.183869,1.237244,1.292369,1.355368,1.417493,1.485743,1.558368,1.633617,1.708867,1.784992,1.861991,1.939866,2.013365,2.083365,2.149865,2.21374,2.272364,2.323114,2.370364,2.414114,2.450864,2.478863,2.505113,2.530488,2.551488,2.569863,2.591738,2.614488,2.638988,2.665238,2.694113,2.728238,2.766738,2.812236,2.862987,2.924236,2.995986,3.071235,3.156985,3.247985,3.349485,3.459734,3.575234,3.701233,3.841232,3.989982,4.145731,4.308481,4.48523,4.672479,4.870228,5.076727,5.293726,5.529975,5.774974,6.025223,6.282472,6.550221,6.837219,7.131217,7.426966,7.738465,8.070964,8.406963,8.739461,9.092959,9.453459,9.824455,10.191954,10.580452,10.982951,11.399448,11.798448,12.211444,12.631444,13.047942,13.46794,13.880937,14.311436,14.727933,15.161933,15.588932,16.01593,16.442927,16.855924,17.261924,,7.5,7.5,0,0
0.229248,0.219624,0.210436,0.198624,0.191624,0.18528,0.176749,0.171936,0.164936,0.161108,0.155639,0.15203,0.147218,0.144593,0.143061,0.13989,0.13803,0.137046,0.134202,0.132671,0.131249,0.129171,0.129171,0.128952,0.128843,0.127858,0.12753,0.128952,0.128843,0.129608,0.128843,0.131358,0.132124,0.134311,0.135077,0.136936,0.138905,0.141202,0.143499,0.145358,0.148749,0.151921,0.155968,0.159905,0.164608,0.169202,0.174342,0.179811,0.186483,0.193374,0.201467,0.210217,0.219624,0.230123,0.24128,0.253748,0.267201,0.282186,0.297717,0.316092,0.33567,0.357435,0.380295,0.405232,0.432138,0.46156,0.493169,0.526857,0.563825,0.602544,0.643778,0.686653,0.731277,0.777652,0.825558,0.873683,0.923558,0.974745,1.026151,1.076463,1.126776,1.175994,1.223682,1.269619,1.313806,1.357118,1.398681,1.439806,1.480493,1.520743,1.560555,1.601242,1.644992,1.691805,1.742554,1.798117,1.861116,1.930241,2.004615,2.08424,2.169115,2.255302,2.341489,2.424176,2.501613,2.569863,2.626738,2.665238,2.687112,2.689738,2.670488,2.631988,2.575988,2.505114,2.423739,2.330989,2.231239,2.12624,2.01599,1.906616,1.798117,1.693992,1.593367,1.501493,1.413993,1.334368,1.258244,1.189119,1.12612,1.07012,1.016745,0.967745,0.927495,0.889871,0.857496,0.826871,0.800621,0.776996,0.753371,0.734996,0.717496,0.702621,0.689496,0.677246,0.667622,0.657997,0.648372,0.639622,0.632622,0.625622,0.620372,0.615997,0.611622,0.608122,0.605497,0.603747,0.601122,0.601997,0.600247,0.601122,0.602872,0.606372,0.608997,0.612497,0.615997,0.622122,0.626497,0.631747,0.637872,0.646622,0.654497,0.661497,0.671121,0.678997,0.687746,0.697372,0.707871,0.718371,0.728871,0.741121,0.752496,0.762996,0.774371,0.785746,0.795371,0.804996,0.813746,0.824246,0.833871,0.841746,0.849621,0.853996,0.860996,0.865371,0.867121,0.869746,0.870621,0.871496,0.871496,0.869746,0.867121,0.861871,0.857496,0.852246,0.845246,0.840871,0.833871,0.830371,0.824246,0.818121,0.811996,0.806746,0.802371,0.797996,0.794496,0.790996,0.788371,0.787496,0.788371,0.786621,0.788371,0.790996,0.792746,0.796246,0.804121,0.811996,0.820746,0.830371,0.844371,0.858371,0.877621,0.895996,0.91962,0.944996,0.97387,1.007995,1.04387,1.084995,1.128745,1.17512,1.227619,1.285369,1.347494,1.413993,1.483993,1.561867,1.638867,1.718492,1.802492,1.889116,1.972241,2.05799,2.139365,2.21899,2.294239,2.361614,2.423739,2.482364,2.529613,2.572488,2.610988,2.642487,2.669613,2.692362,2.714237,2.732612,2.751862,2.771987,2.795612,2.823612,2.857737,2.895361,2.938236,2.987236,3.043235,3.106236,3.177986,3.256735,3.344234,3.442234,3.547234,3.664483,3.785232,3.919982,4.061731,4.215731,4.37673,4.551729,4.737228,4.934977,5.134476,5.349726,5.575474,5.809973,6.053222,6.308721,6.57822,6.858219,7.139968,7.433966,7.745464,8.063963,8.389462,8.725461,9.07546,9.432457,9.810456,10.184953,10.573452,10.965451,11.360949,11.766947,12.179946,12.585944,13.002442,13.42944,13.852938,14.269435,14.689434,15.119933,,7.5,7.5,0,0
0.226623,0.219186,0.206061,0.194249,0.187467,0.177842,0.17128,0.163624,0.158374,0.151702,0.146343,0.141311,0.137265,0.134749,0.129936,0.127421,0.123374,0.123702,0.121733,0.119765,0.11878,0.116702,0.116374,0.115608,0.114296,0.114405,0.115718,0.115061,0.115608,0.116483,0.116155,0.117358,0.11889,0.120858,0.123155,0.125561,0.127202,0.130593,0.13289,0.135843,0.139233,0.14328,0.147218,0.152139,0.157608,0.162968,0.169092,0.175764,0.183202,0.191186,0.200264,0.210327,0.221483,0.233733,0.24642,0.26042,0.275842,0.293014,0.311279,0.33217,0.354373,0.378654,0.404357,0.432576,0.463091,0.495685,0.531122,0.567981,0.60845,0.650887,0.695403,0.740465,0.788371,0.836933,0.887683,0.937558,0.988308,1.039276,1.090245,1.139244,1.187151,1.233088,1.276838,1.315994,1.355368,1.391681,1.427118,1.460805,1.494055,1.525993,1.558368,1.591617,1.62793,1.66818,1.713679,1.765304,1.826554,1.894804,1.971366,2.054053,2.144615,2.239552,2.337114,2.432489,2.520863,2.606613,2.679237,2.731737,2.763237,2.777237,2.765862,2.732612,2.677487,2.604863,2.520863,2.421989,2.315239,2.200615,2.081615,1.962616,1.843616,1.728117,1.619617,1.518118,1.423618,1.334369,1.252119,1.176869,1.107744,1.04562,0.988745,0.93712,0.892496,0.853121,0.816371,0.783996,0.755121,0.728871,0.705246,0.685996,0.667622,0.651872,0.638747,0.625622,0.615122,0.605497,0.595872,0.587122,0.579247,0.572247,0.567872,0.562622,0.558247,0.554747,0.552122,0.550372,0.549497,0.547747,0.548622,0.550372,0.552122,0.554747,0.559122,0.563497,0.567872,0.573122,0.578372,0.585372,0.592372,0.600247,0.608122,0.616872,0.625622,0.635247,0.643997,0.654496,0.664122,0.674621,0.685997,0.696496,0.708746,0.718371,0.729746,0.739371,0.748996,0.757746,0.766496,0.775246,0.783996,0.790996,0.796246,0.801496,0.804996,0.806746,0.807621,0.807621,0.80696475,0.806746,0.805871,0.800621,0.797996,0.792746,0.785746,0.779621,0.772621,0.766496,0.760371,0.753371,0.748996,0.741996,0.737621,0.732371,0.728871,0.724496,0.721871,0.720121,0.719246,0.718371,0.720121,0.721871,0.722746,0.728871,0.732371,0.740246,0.747246,0.756871,0.769996,0.783121,0.798871,0.817246,0.838246,0.862746,0.890746,0.922245,0.95637,0.99487,1.037745,1.08587,1.137494,1.191744,1.252994,1.319493,1.392118,1.468243,1.549617,1.634492,1.724617,1.814741,1.908366,2.001116,2.09474,2.186615,2.274114,2.356364,2.434239,2.500738,2.560238,2.611863,2.654737,2.687112,2.713363,2.734362,2.753612,2.764112,2.774612,2.784237,2.794737,2.808737,2.825362,2.849862,2.883986,2.922486,2.967111,3.022236,3.085236,3.156985,3.239236,3.330235,3.435234,3.552484,3.674983,3.813233,3.960232,4.121231,4.28923,4.47298,4.668979,4.882478,5.095977,5.330476,5.578975,5.832723,6.100472,6.378721,6.674469,6.980719,7.297467,7.622966,7.962464,8.312463,8.672961,9.04746,9.428958,9.831455,10.233954,10.653952,11.08445,11.525448,11.966446,12.417944,12.865941,13.334939,13.800438,14.262435,14.731433,15.207433,15.68693,16.148928,16.617925,17.093926,,7.5,7.5,0,0
0.209999,0.202124,0.190749,0.178936,0.170624,0.160999,0.153999,0.148968,0.142624,0.136171,0.129827,0.126108,0.12228,0.119546,0.115608,0.112218,0.110796,0.108499,0.106858,0.105218,0.104671,0.102702,0.102155,0.10303,0.10128,0.102921,0.10314,0.103687,0.104452,0.105655,0.107296,0.108718,0.110577,0.11364,0.115718,0.118233,0.122061,0.12578,0.13989,0.133983,0.138249,0.144046,0.150389,0.156405,0.163186,0.170405,0.179483,0.188561,0.198624,0.209233,0.22203,0.23592,0.250686,0.266983,0.284701,0.303842,0.32517,0.348576,0.372857,0.400529,0.430826,0.462872,0.496779,0.533856,0.572684,0.614575,0.658762,0.704371,0.753152,0.803465,0.854871,0.90737,0.95987,1.012589,1.064432,1.115401,1.163526,1.21165,1.25715,1.298931,1.338306,1.373743,1.406118,1.434993,1.46168,1.487055,1.511555,1.53693,1.562305,1.590742,1.623117,1.65943,1.700992,1.752179,1.810366,1.881241,1.960428,2.05099,2.14899,2.254427,2.362927,2.471864,2.576863,2.674862,2.762362,2.834987,2.885737,2.914611,2.919861,2.899737,2.854237,2.787737,2.702862,2.603113,2.493738,2.375614,2.253114,2.12624,2.000241,1.875116,1.755242,1.640617,1.532118,1.434118,1.343118,1.256494,1.179494,1.107745,1.04387,0.98437,0.932745,0.884621,0.843496,0.807621,0.775246,0.746371,0.720121,0.697371,0.678121,0.658872,0.643122,0.630872,0.617747,0.607247,0.598497,0.589747,0.582747,0.575747,0.569622,0.564372,0.561747,0.559122,0.556497,0.553872,0.554747,0.553872,0.555622,0.556497,0.559997,0.561747,0.567872,0.571372,0.578372,0.583622,0.591497,0.597622,0.605497,0.615122,0.622997,0.633497,0.644872,0.655372,0.665872,0.676372,0.687746,0.699996,0.711371,0.722746,0.735871,0.748121,0.760371,0.771746,0.783121,0.793621,0.804996,0.813746,0.820746,0.830371,0.837371,0.841746,0.846996,0.849621,0.850496,0.850496,0.849621,0.846121,0.843496,0.840871,0.834746,0.829496,0.822496,0.815496,0.807621,0.798871,0.790996,0.783996,0.777871,0.771746,0.765621,0.761246,0.754246,0.750746,0.748121,0.744621,0.741121,0.741996,0.741996,0.744621,0.748121,0.750746,0.755996,0.762996,0.772621,0.783121,0.796246,0.811996,0.830371,0.850496,0.87412,0.89862,0.929245,0.96337,1.000995,1.044745,1.091995,1.145369,1.203119,1.266119,1.335244,1.407868,1.488368,1.574117,1.664242,1.759616,1.857616,1.959116,2.06149,2.158615,2.25749,2.352864,2.440364,2.523488,2.597863,2.664363,2.717738,2.759737,2.796487,2.817487,2.833237,2.844612,2.850737,2.853362,2.856862,2.862112,2.867362,2.876987,2.890987,2.913736,2.946987,2.987236,3.039737,3.104486,3.179735,3.265485,3.359985,3.468484,3.589233,3.722233,3.867482,4.028481,4.199981,4.38548,4.581479,4.794979,5.018977,5.258726,5.515975,5.781974,6.070723,6.366471,6.68147,7.005218,7.348217,7.703465,8.077962,8.459462,8.85496,9.267959,9.698456,10.128955,10.576953,11.038951,11.514948,11.997945,12.487944,12.991941,13.506439,14.024436,14.549435,15.074433,15.60993,16.113927,16.652924,17.191922,17.716922,18.262916,18.801914,19.333912,19.851912,20.36991,,7.5,7.5,0,0
0.218749,0.209999,0.199499,0.187249,0.178061,0.171936,0.16428,0.157499,0.153124,0.147218,0.140983,0.136936,0.131905,0.128843,0.126218,0.123374,0.121405,0.119218,0.117468,0.116265,0.114296,0.114077,0.113311,0.112655,0.112983,0.113858,0.113421,0.114733,0.114624,0.115936,0.117686,0.118999,0.120858,0.122936,0.124686,0.126546,0.130374,0.133218,0.136827,0.140983,0.145249,0.149624,0.154874,0.160889,0.167561,0.173577,0.181342,0.188999,0.198186,0.20803,0.219405,0.23078,0.244014,0.258889,0.274311,0.290936,0.309857,0.329764,0.351748,0.376248,0.401951,0.430935,0.461341,0.493716,0.528497,0.565466,0.605497,0.64695,0.691903,0.73784,0.785965,0.835839,0.886152,0.937777,0.989401,1.042776,1.094401,1.146244,1.197213,1.247088,1.294556,1.338744,1.381618,1.422306,1.460368,1.497555,1.532993,1.56843,1.603867,1.639305,1.676055,1.715867,1.760054,1.809929,1.864179,1.928928,2.002866,2.085552,2.174802,2.269739,2.369926,2.470988,2.570738,2.665238,2.750987,2.824487,2.881362,2.915486,2.926861,2.916361,2.880487,2.823612,2.746612,2.652988,2.551488,2.435989,2.316114,2.191865,2.065866,1.941616,1.821742,1.707117,1.598618,1.498868,1.405243,1.319493,1.240744,1.168994,1.102495,1.04387,0.98962,0.94237,0.901245,0.862746,0.830371,0.800621,0.774371,0.749871,0.728871,0.710496,0.692996,0.678996,0.665872,0.653621,0.644872,0.634372,0.625622,0.617747,0.609872,0.605497,0.599372,0.594997,0.592372,0.588872,0.587122,0.585372,0.586247,0.586247,0.587122,0.588872,0.593247,0.595872,0.601997,0.605497,0.611622,0.618622,0.623872,0.630872,0.639622,0.649247,0.658872,0.667622,0.678122,0.688622,0.699121,0.710496,0.720121,0.732371,0.745496,0.758621,0.771746,0.782246,0.794496,0.806746,0.818121,0.827746,0.837371,0.847871,0.856621,0.864496,0.871496,0.876746,0.880245,0.88287,0.882871,0.882871,0.88287,0.880246,0.875871,0.872371,0.865371,0.858371,0.851371,0.842621,0.834746,0.826871,0.818996,0.811996,0.804121,0.796246,0.789246,0.783121,0.776996,0.771746,0.767371,0.765621,0.762121,0.761246,0.761246,0.762121,0.763871,0.768246,0.772621,0.777871,0.787496,0.797996,0.810246,0.825996,0.842621,0.861871,0.885495,0.909995,0.93887,0.974745,1.011495,1.05262,1.098119,1.148869,1.205744,1.265244,1.329119,1.400868,1.473493,1.553992,1.637117,1.725492,1.813866,1.902241,1.994991,2.085115,2.170865,2.254865,2.333614,2.408864,2.476238,2.533113,2.582988,2.623238,2.655613,2.680987,2.701113,2.715112,2.728237,2.736988,2.743112,2.748362,2.757987,2.769362,2.785987,2.809612,2.840238,2.876987,2.922487,2.973236,3.034486,3.100986,3.179735,3.265484,3.366984,3.473734,3.590984,3.718733,3.853482,4.000482,4.157981,4.32598,4.504479,4.691728,4.892978,5.102977,5.325226,5.554475,5.799473,6.049722,6.313971,6.58872,6.873969,7.167968,7.472466,7.790965,8.112963,8.448961,8.78846,9.13846,9.505958,9.873456,10.254954,10.639952,11.035451,11.434449,11.829946,12.246445,12.652443,13.075942,13.49594,13.919437,14.353436,14.780435,15.175932,15.609932,,7.5,7.5,0,0
0.323748,0.309748,0.293998,0.279123,0.267748,0.255498,0.248936,0.236686,0.229686,0.222905,0.215686,0.210874,0.203217,0.198295,0.195561,0.193374,0.18878,0.186264,0.18528,0.181561,0.178936,0.177624,0.176749,0.176749,0.177186,0.177296,0.177405,0.178499,0.178827,0.180577,0.182217,0.183858,0.186921,0.189983,0.192608,0.196764,0.200592,0.205405,0.210108,0.215686,0.221592,0.22892,0.236905,0.244452,0.254295,0.264467,0.275405,0.288201,0.301873,0.317514,0.33392,0.35317,0.374498,0.397576,0.422185,0.449857,0.480591,0.514497,0.551466,0.591716,0.635028,0.683809,0.73609,0.79034,0.849402,0.913277,0.981964,1.054151,1.129182,1.209682,1.292587,1.376368,1.459493,1.54568,1.63143,1.715867,1.795929,1.875991,1.953866,2.026928,2.09299,2.153365,2.211552,2.265802,2.314364,2.361614,2.409739,2.463113,2.516488,2.575113,2.641613,2.722987,2.814862,2.918112,3.037111,3.176235,3.328484,3.485984,3.648733,3.814107,3.973357,4.111606,4.228856,4.318105,4.38023,4.40298,4.38373,4.32948,4.237606,4.113356,3.960232,3.787857,3.599733,3.405484,3.209485,3.013486,2.823612,2.638113,2.460489,2.293364,2.14024,1.99674,1.867241,1.750867,1.645867,1.553118,1.466493,1.390368,1.322994,1.260869,1.205744,1.158494,1.118245,1.083245,1.05087,1.021995,0.99662,0.97387,0.954621,0.936246,0.91962,0.90737,0.896871,0.885496,0.877621,0.87062,0.863621,0.859246,0.856621,0.853995,0.853996,0.855746,0.857496,0.860996,0.865371,0.87237,0.877621,0.885495,0.894245,0.904745,0.916996,0.929246,0.942371,0.95637,0.971245,0.986995,1.002745,1.01937,1.037745,1.05612,1.07362,1.091995,1.111245,1.128745,1.14712,1.163745,1.181244,1.196119,1.210119,1.224119,1.235494,1.245119,1.250369,1.253869,1.254744,1.254744,1.249494,1.244244,1.237244,1.228494,1.216244,1.202244,1.189119,1.175119,1.160244,1.144494,1.132244,1.118245,1.107744,1.095494,1.083245,1.072745,1.064869,1.05437,1.04737,1.04212,1.04037,1.037745,1.035995,1.037745,1.039495,1.04387,1.051745,1.05962,1.072745,1.088494,1.10687,1.130495,1.156744,1.187369,1.220619,1.258244,1.303744,1.355368,1.413119,1.476118,1.548743,1.627492,1.713242,1.807741,1.910116,2.023866,2.14374,2.27149,2.403614,2.542738,2.684487,2.824487,2.960986,3.097485,3.223485,3.344235,3.449234,3.543734,3.625984,3.685483,3.729233,3.757233,3.771233,3.772983,3.762483,3.748483,3.730983,3.709983,3.685483,3.662733,3.646984,3.639983,3.636483,3.645233,3.667983,3.701233,3.743233,3.800983,3.869232,3.953232,4.049481,4.156231,4.28398,4.42923,4.584978,4.751229,4.934977,5.132727,5.347975,5.571975,5.816974,6.072472,6.355972,6.63947,6.940468,7.262467,7.598466,7.944964,8.305462,8.683461,9.08246,9.491958,9.911956,10.349454,10.800952,11.259449,11.717946,12.200944,12.687444,13.184441,13.684938,14.206434,14.727933,15.252933,15.770929,16.288926,16.820924,17.352924,17.884918,18.409918,18.941914,19.473914,19.97791,20.481908,20.978908,21.482904,21.958902,22.406902,22.868896,23.337896,23.771896,24.18489,24.597888,24.975888,,12.5,12.5,0,0
0.334248,0.321998,0.306248,0.292248,0.280873,0.270373,0.259436,0.253311,0.242811,0.235811,0.228373,0.220499,0.217764,0.21317,0.20978,0.204858,0.201467,0.199717,0.196764,0.194577,0.191952,0.191952,0.190858,0.190421,0.189764,0.189327,0.189655,0.190858,0.191842,0.192717,0.194358,0.196108,0.19928,0.20267,0.204749,0.209014,0.212842,0.217217,0.221811,0.227061,0.232858,0.239967,0.24642,0.25528,0.263811,0.273326,0.283608,0.29542,0.307889,0.322107,0.338185,0.355467,0.374826,0.395826,0.418248,0.44406,0.471622,0.5017,0.535169,0.571809,0.611731,0.65559,0.702184,0.752934,0.805433,0.864933,0.92837,0.994214,1.065526,1.140338,1.218869,1.299588,1.381181,1.465618,1.553118,1.63843,1.723742,1.809054,1.893491,1.974866,2.05099,2.124052,2.193177,2.25749,2.317427,2.373426,2.430739,2.485863,2.539238,2.595238,2.653863,2.721237,2.793862,2.876112,2.971486,3.084361,3.20861,3.34511,3.493859,3.650483,3.809733,3.963732,4.109856,4.243731,4.354855,4.43623,4.48523,4.500105,4.473855,4.406479,4.306731,4.177231,4.017982,3.841232,3.655733,3.459734,3.260235,3.060736,2.862987,2.675738,2.495488,2.330989,2.17349,2.035241,1.907491,1.791991,1.685242,1.590742,1.504993,1.429743,1.359743,1.300244,1.247744,1.200494,1.158494,1.123495,1.090244,1.060495,1.034245,1.011495,0.992245,0.972995,0.958995,0.944995,0.932745,0.920495,0.909995,0.901245,0.894246,0.888996,0.883745,0.881996,0.880246,0.880246,0.881996,0.881996,0.883745,0.888995,0.894246,0.901245,0.909995,0.918745,0.929246,0.941495,0.953745,0.967745,0.981745,0.995745,1.011495,1.028995,1.046495,1.065745,1.083244,1.100744,1.119994,1.139245,1.158495,1.177744,1.196994,1.216244,1.235494,1.251244,1.265244,1.277494,1.289744,1.298494,1.305494,1.310744,1.314244,1.312493,1.312494,1.305494,1.296744,1.286244,1.273994,1.263494,1.247744,1.237244,1.221494,1.207494,1.191744,1.174244,1.160245,1.147995,1.132244,1.123495,1.112995,1.104245,1.093745,1.086745,1.081495,1.077995,1.076245,1.076245,1.077994,1.083245,1.090245,1.098995,1.109495,1.125244,1.142744,1.163744,1.189994,1.217994,1.252994,1.291494,1.336993,1.385993,1.441993,1.503243,1.573242,1.651992,1.737742,1.830492,1.930241,2.040491,2.15424,2.273239,2.399239,2.532238,2.665238,2.798237,2.932986,3.064236,3.190235,3.302235,3.410734,3.499984,3.580484,3.645233,3.692483,3.730982,3.757233,3.767732,3.767733,3.758983,3.748483,3.729233,3.709983,3.688983,3.681983,3.676733,3.673233,3.683733,3.701232,3.730983,3.767733,3.820232,3.888482,3.968981,4.063481,4.170231,4.28573,4.41873,4.56223,4.721479,4.891228,5.076727,5.277976,5.491475,5.717225,5.958723,6.212473,6.478471,6.751469,7.052469,7.360467,7.689465,8.014963,8.368462,8.73246,9.092959,9.470958,9.866455,10.272453,10.685452,11.105451,11.546447,11.987445,12.438945,12.897441,13.36294,13.838937,14.335936,14.811934,15.315929,15.812931,16.316926,16.820924,17.317924,17.814922,18.318918,18.822916,19.30591,19.795912,20.299908,20.775906,21.237904,21.713902,22.168902,,12.5,12.5,0,0
0.287873,0.277373,0.261623,0.248936,0.238436,0.226186,0.219405,0.210436,0.203436,0.200155,0.191186,0.186702,0.180796,0.176421,0.173686,0.170952,0.166686,0.164171,0.162749,0.161983,0.158921,0.158046,0.15728,0.156405,0.157499,0.157389,0.157389,0.158921,0.159468,0.159686,0.161764,0.163733,0.166358,0.170077,0.172155,0.175546,0.179702,0.18353,0.187686,0.192827,0.197858,0.204092,0.211311,0.21853,0.226405,0.23592,0.245764,0.256373,0.267967,0.281092,0.295311,0.312045,0.329326,0.348357,0.369248,0.392435,0.416935,0.443732,0.473372,0.506294,0.54195,0.580669,0.621903,0.667622,0.716731,0.768246,0.824465,0.884621,0.94937,1.017182,1.088057,1.163088,1.240963,1.320806,1.402181,1.485305,1.571055,1.658555,1.744742,1.831804,1.916678,2.000241,2.081615,2.159927,2.237364,2.311739,2.384364,2.456989,2.527863,2.600488,2.671363,2.745737,2.823612,2.908486,2.996861,3.096611,3.207735,3.32586,3.451859,3.583984,3.722233,3.859607,3.993482,4.118606,4.232356,4.33123,4.40648,4.45373,4.470355,4.458105,4.411731,4.33473,4.231481,4.105481,3.961982,3.804482,3.634733,3.457984,3.275985,3.093986,2.915487,2.743988,2.579488,2.428989,2.288989,2.15599,2.03349,1.923241,1.818242,1.725492,1.641492,1.562742,1.494493,1.436743,1.382493,1.333493,1.289744,1.249494,1.212744,1.182995,1.151495,1.128745,1.105995,1.084995,1.067495,1.051745,1.034245,1.020245,1.007995,0.995745,0.986995,0.978245,0.971245,0.964245,0.958996,0.953745,0.950245,0.948496,0.948495,0.94980775,0.950245,0.951995,0.957245,0.960745,0.965995,0.972995,0.979995,0.988745,0.997495,1.009745,1.021995,1.032495,1.044745,1.058745,1.072745,1.086745,1.102494,1.118245,1.133994,1.151494,1.168994,1.186494,1.200494,1.219744,1.233744,1.251244,1.263494,1.279244,1.293244,1.305494,1.315994,1.326493,1.331744,1.338743,1.340494,1.345743,1.345744,1.345743,1.343993,1.340494,1.331744,1.324744,1.314244,1.305494,1.293244,1.280994,1.270494,1.259994,1.245994,1.235494,1.223244,1.209244,1.200494,1.188244,1.179494,1.172495,1.165495,1.158495,1.153245,1.149744,1.146244,1.144494,1.144495,1.147995,1.153244,1.161994,1.168994,1.179494,1.195244,1.212744,1.235494,1.259994,1.287993,1.322994,1.357994,1.403493,1.450743,1.504993,1.564493,1.630992,1.699242,1.776242,1.861991,1.951241,2.04924,2.15249,2.259239,2.369489,2.484989,2.602237,2.719488,2.836737,2.952237,3.060736,3.163985,3.258485,3.344235,3.419484,3.482484,3.534984,3.578733,3.611984,3.634733,3.646983,3.653983,3.655734,3.650483,3.645233,3.636483,3.636484,3.634733,3.638234,3.643483,3.655733,3.673233,3.694233,3.725733,3.764233,3.813233,3.867482,3.932232,4.005731,4.089731,4.182481,4.28223,4.39423,4.514979,4.649729,4.789728,4.941978,5.106477,5.279727,5.459975,5.650725,5.855474,6.061973,6.285972,6.520471,6.765469,7.010468,7.276468,7.545966,7.829465,8.116464,8.420961,8.728961,9.05446,9.383457,9.722957,10.062455,10.415953,10.772951,11.12295,11.486948,11.857947,12.232446,12.603443,12.984941,13.35944,13.754938,,12.5,12.5,0,0
0.284373,0.269498,0.253748,0.239748,0.226623,0.216999,0.205624,0.196217,0.186592,0.179264,0.171717,0.165046,0.160561,0.154327,0.150718,0.147764,0.144374,0.140764,0.138358,0.135843,0.133765,0.132452,0.132233,0.13198725,0.131468,0.131796,0.130921,0.130921,0.132343,0.134421,0.135515,0.138468,0.141311,0.143936,0.148093,0.150718,0.155093,0.159686,0.164608,0.169639,0.175874,0.182327,0.189546,0.197639,0.207045,0.216452,0.226952,0.238764,0.251561,0.26567,0.281529,0.298811,0.318061,0.338842,0.361264,0.386201,0.412341,0.442638,0.474466,0.509794,0.547856,0.588872,0.633497,0.681403,0.731715,0.786621,0.845246,0.907808,0.973433,1.041901,1.114526,1.1889,1.26415,1.342243,1.420118,1.498868,1.577617,1.656805,1.734242,1.810804,1.883866,1.954303,2.023428,2.086427,2.148552,2.207177,2.265365,2.322677,2.380427,2.437739,2.498113,2.562863,2.630238,2.707238,2.792987,2.891861,3.000361,3.117611,3.247985,3.385359,3.527109,3.668858,3.807108,3.937482,4.052106,4.150106,4.223606,4.269105,4.280481,4.25773,4.203481,4.119482,4.004857,3.866608,3.715233,3.552483,3.377484,3.196361,3.012611,2.832362,2.657363,2.488489,2.329239,2.184865,2.05099,1.926741,1.812992,1.707117,1.613493,1.525993,1.448118,1.378993,1.318618,1.264369,1.215369,1.171619,1.133994,1.097244,1.065744,1.03862,1.01237,0.990495,0.972121,0.954621,0.93887,0.92312,0.91087,0.89862,0.888121,0.878495,0.869746,0.862746,0.857496,0.852246,0.849621,0.845246,0.845246,0.843496,0.844371,0.846996,0.850496,0.854871,0.860996,0.866246,0.872371,0.881996,0.890745,0.900371,0.911745,0.923996,0.936246,0.948495,0.96337,0.976495,0.992245,1.006245,1.021995,1.037745,1.05437,1.07187,1.088495,1.10512,1.119994,1.135745,1.150619,1.163744,1.176869,1.188244,1.200494,1.209244,1.217994,1.223244,1.227619,1.229369,1.229369,1.227619,1.224119,1.220619,1.215369,1.20837,1.199619,1.188244,1.176869,1.163744,1.152369,1.141869,1.12962,1.11737,1.106869,1.095494,1.08587,1.07362,1.067495,1.058745,1.05262,1.04737,1.044745,1.042995,1.041245,1.041245,1.04212,1.04562,1.051745,1.05962,1.07187,1.084994,1.100744,1.120869,1.145369,1.171619,1.202244,1.238119,1.280119,1.327369,1.379868,1.438493,1.502368,1.574993,1.653742,1.737742,1.830491,1.931991,2.042241,2.156865,2.278489,2.407989,2.540113,2.675738,2.812237,2.946987,3.083486,3.211235,3.338984,3.454484,3.559484,3.652233,3.729233,3.795733,3.842983,3.879732,3.904232,3.916482,3.921733,3.918232,3.907732,3.891982,3.876233,3.863983,3.853483,3.851732,3.858733,3.867482,3.890232,3.921732,3.958482,4.010982,4.070481,4.147481,4.23323,4.336481,4.44498,4.56748,4.703978,4.852728,5.011977,5.185227,5.370725,5.571975,5.781973,6.005973,6.243972,6.49247,6.75497,7.024467,7.307967,7.594965,7.909965,8.228463,8.557463,8.89346,9.239959,9.600457,9.974955,10.352953,10.748451,11.136951,11.549949,11.969947,12.393444,12.820443,13.250941,13.684938,14.132936,14.580935,15.014933,15.46293,15.903928,16.337924,16.778924,17.205924,,12.5,12.5,0,0
0.250248,0.237123,0.224873,0.213061,0.201686,0.192936,0.18353,0.176311,0.167343,0.160452,0.154983,0.148749,0.144046,0.138796,0.13453,0.13103,0.129827,0.126327,0.125015,0.123046,0.121733,0.120202,0.120093,0.11889,0.119655,0.120968,0.121296,0.12228,0.123155,0.124358,0.126108,0.128733,0.131468,0.134749,0.13814,0.141311,0.145577,0.150389,0.155093,0.160999,0.167014,0.173905,0.18178,0.190421,0.199717,0.20967,0.221045,0.233295,0.246967,0.261842,0.278686,0.297061,0.317623,0.339279,0.362904,0.389373,0.418357,0.449748,0.483872,0.520841,0.561528,0.605059,0.651653,0.701528,0.754246,0.810683,0.869746,0.932308,0.997714,1.065745,1.134213,1.20465,1.275525,1.347493,1.416618,1.484868,1.552243,1.618742,1.681305,1.741242,1.797679,1.851491,1.900491,1.946866,1.991928,2.036116,2.081178,2.12624,2.17524,2.228615,2.285489,2.350239,2.421114,2.504238,2.596988,2.701988,2.819237,2.946986,3.083486,3.22436,3.36786,3.508734,3.646108,3.768608,3.875357,3.962857,4.027606,4.062606,4.065231,4.040731,3.987357,3.906857,3.800108,3.675858,3.541984,3.394109,3.23661,3.074736,2.911112,2.748362,2.588238,2.435114,2.288114,2.15249,2.02474,1.904866,1.794617,1.691367,1.597742,1.511993,1.433243,1.363243,1.302869,1.246869,1.198744,1.154119,1.11562,1.07887,1.04737,1.020245,0.99312,0.972121,0.954621,0.93712,0.923121,0.908245,0.895995,0.88462,0.87412,0.86537,0.857496,0.852246,0.847871,0.843496,0.84087,0.838246,0.837371,0.838246,0.837371,0.840871,0.844371,0.848746,0.854871,0.860996,0.867121,0.875871,0.88287,0.892496,0.90212,0.913495,0.92487,0.93712,0.94937,0.962495,0.976495,0.990495,1.00362,1.01937,1.03512,1.05087,1.06662,1.081495,1.096369,1.109495,1.123495,1.136619,1.147119,1.158495,1.170744,1.178619,1.184744,1.189119,1.192619,1.193494,1.192619,1.189994,1.186494,1.182994,1.177745,1.168994,1.161994,1.152369,1.142744,1.132244,1.121744,1.11212,1.101619,1.09287,1.08412,1.074495,1.065745,1.058744,1.049995,1.04387,1.039495,1.03687,1.034245,1.034245,1.034245,1.03512,1.03862,1.044745,1.052619,1.062245,1.07537,1.090244,1.11037,1.130495,1.155869,1.184744,1.217994,1.256494,1.299369,1.348368,1.404368,1.465618,1.532118,1.605617,1.686117,1.775367,1.871616,1.973991,2.08424,2.200615,2.321364,2.447364,2.573363,2.700238,2.826237,2.948737,3.065986,3.177985,3.281236,3.368734,3.447484,3.512234,3.562984,3.599734,3.625983,3.638233,3.646983,3.648733,3.645233,3.638233,3.631234,3.620733,3.615483,3.613733,3.622484,3.634733,3.657483,3.688983,3.729233,3.776483,3.837733,3.905982,3.989981,4.082732,4.185981,4.301481,4.43448,4.574479,4.721478,4.885977,5.062727,5.255226,5.459975,5.675224,5.906222,6.149473,6.404971,6.674469,6.954468,7.248468,7.552965,7.871465,8.203964,8.55046,8.91096,9.274959,9.645957,10.041456,10.440453,10.84995,11.26295,11.696948,12.130946,12.571944,13.016441,13.471439,13.926437,14.363935,14.818934,15.280931,15.735928,16.204925,16.659925,17.121924,17.576922,18.024918,,12.5,12.5,0,0
0.278248,0.267748,0.251998,0.237123,0.222686,0.212186,0.202124,0.192499,0.182655,0.176967,0.167671,0.162749,0.154764,0.151811,0.145686,0.142077,0.139343,0.137921,0.134311,0.133436,0.13103,0.128077,0.127858,0.127858,0.127749,0.12867875,0.129718,0.12939,0.13114,0.132343,0.134968,0.137374,0.139999,0.142952,0.147983,0.151374,0.155421,0.160561,0.16603,0.171936,0.178171,0.185717,0.194139,0.202452,0.212514,0.222795,0.23428,0.247077,0.261405,0.276389,0.293451,0.312373,0.332826,0.35492,0.378654,0.405451,0.434216,0.465279,0.499404,0.536372,0.576513,0.619825,0.665871,0.71509,0.768027,0.824465,0.884183,0.947183,1.013245,1.083026,1.153463,1.226307,1.301119,1.375931,1.451618,1.52643,1.599055,1.673867,1.744742,1.812991,1.878616,1.941178,2.000241,2.054491,2.106115,2.15774,2.207615,2.257927,2.309552,2.363364,2.420239,2.482364,2.553238,2.632863,2.722112,2.825362,2.939987,3.065986,3.20161,3.344234,3.489484,3.632109,3.772107,3.900732,4.010982,4.100231,4.164981,4.201731,4.203481,4.172856,4.113356,4.023232,3.908607,3.772983,3.625108,3.466734,3.298735,3.12636,2.953986,2.783362,2.617988,2.459613,2.309114,2.17349,2.044865,1.925866,1.817367,1.716742,1.625742,1.539993,1.465618,1.398243,1.337869,1.285369,1.238119,1.196119,1.156744,1.121744,1.09112,1.06312,1.037745,1.01762,0.99662,0.979995,0.96512,0.95112,0.937995,0.925745,0.915245,0.904746,0.897745,0.891621,0.886371,0.881996,0.878496,0.875871,0.874996,0.874996,0.876745,0.878496,0.88287,0.88987,0.89512,0.90212,0.909121,0.918745,0.928371,0.939746,0.95112,0.964245,0.97737,0.99312,1.006245,1.020245,1.03687,1.051745,1.06837,1.086745,1.104245,1.121745,1.139245,1.15937,1.177744,1.196994,1.216244,1.234619,1.252994,1.273119,1.289744,1.307244,1.322119,1.336993,1.350119,1.360618,1.371118,1.377244,1.385993,1.392993,1.395619,1.399118,1.399118,1.398243,1.394743,1.391243,1.385993,1.380743,1.375494,1.369368,1.363243,1.356243,1.347493,1.339618,1.330868,1.322994,1.316869,1.308994,1.302869,1.298494,1.292369,1.287994,1.284494,1.283619,1.282744,1.283619,1.288868,1.295869,1.305494,1.316869,1.332618,1.350119,1.371993,1.399993,1.433243,1.471743,1.514618,1.565368,1.620492,1.683492,1.750867,1.828742,1.910116,2.000241,2.09999,2.20499,2.316114,2.432489,2.551488,2.672237,2.792987,2.917237,3.034486,3.148235,3.256736,3.356484,3.443984,3.519234,3.582234,3.634734,3.674983,3.697733,3.715233,3.725733,3.725733,3.718733,3.709983,3.697734,3.683733,3.674983,3.666233,3.667983,3.674983,3.690734,3.709983,3.741483,3.783483,3.832482,3.891982,3.961982,4.047732,4.143982,4.248981,4.36623,4.49748,4.639229,4.789728,4.954228,5.134477,5.326976,5.529975,5.745224,5.977973,6.215971,6.474972,6.737468,7.017468,7.311467,7.619466,7.934463,8.263462,8.609961,8.963459,9.323958,9.698457,10.086955,10.485953,10.89545,11.311949,11.745948,12.183445,12.617444,13.07244,13.527439,13.985935,14.426936,14.888932,15.378929,15.84793,16.323929,16.792924,17.275922,,12.5,12.5,0,0
0.271248,0.259873,0.243248,0.228811,0.216561,0.202999,0.193592,0.186374,0.176311,0.167452,0.161983,0.155311,0.148968,0.142952,0.140983,0.136171,0.134311,0.13114,0.128952,0.127421,0.125343,0.12403,0.124358,0.124905,0.124686,0.124577,0.126655,0.128624,0.129936,0.132671,0.135296,0.137702,0.142514,0.145577,0.151046,0.156624,0.162093,0.168218,0.175108,0.182983,0.192171,0.200702,0.211202,0.223014,0.236139,0.249483,0.264358,0.281529,0.300123,0.320029,0.343435,0.368045,0.395388,0.425466,0.457841,0.493169,0.532106,0.574216,0.620153,0.670247,0.724277,0.783121,0.845683,0.913277,0.985245,1.061807,1.143182,1.228057,1.317962,1.41115,1.504993,1.602117,1.700992,1.798554,1.895678,1.992366,2.08599,2.177427,2.264927,2.348052,2.427239,2.500738,2.568113,2.630238,2.690613,2.746612,2.803487,2.862112,2.924236,2.988986,3.060736,3.14211,3.23486,3.34161,3.463234,3.604108,3.763357,3.934857,4.120356,4.31373,4.51498,4.710104,4.895603,5.066227,5.216726,5.337476,5.426726,5.475725,5.482725,5.442475,5.361976,5.246477,5.092477,4.910478,4.712728,4.497479,4.273481,4.038981,3.806232,3.573484,3.347735,3.132486,2.931236,2.745737,2.570738,2.407989,2.25924,2.12099,1.99499,1.881241,1.777991,1.685242,1.601242,1.529493,1.462993,1.403493,1.352744,1.301993,1.261744,1.223244,1.189994,1.160245,1.135745,1.114744,1.091995,1.072745,1.056995,1.042995,1.027245,1.014995,1.004495,0.999245,0.990495,0.985245,0.981745,0.979995,0.9795575,0.978245,0.978245,0.983495,0.986995,0.992245,1.000995,1.009745,1.018495,1.028995,1.041245,1.053495,1.065745,1.083244,1.097245,1.114745,1.133995,1.149744,1.170745,1.189994,1.207494,1.226744,1.249494,1.270494,1.291494,1.312494,1.331744,1.350993,1.368493,1.385993,1.401744,1.417493,1.429743,1.440243,1.448993,1.452493,1.454243,1.455993,1.452493,1.447243,1.440243,1.433243,1.422743,1.410493,1.396493,1.380744,1.363244,1.345743,1.326494,1.310744,1.294994,1.279244,1.263494,1.247744,1.231994,1.219744,1.207494,1.198744,1.188244,1.181244,1.174244,1.172494,1.168994,1.165495,1.167244,1.170744,1.175994,1.184744,1.196994,1.212744,1.230244,1.251244,1.277494,1.308994,1.343994,1.382493,1.429743,1.483993,1.541743,1.608243,1.676491,1.756992,1.846241,1.937241,2.03874,2.15074,2.26624,2.390488,2.521738,2.656488,2.792987,2.932986,3.071235,3.205985,3.338985,3.461484,3.575234,3.678484,3.764233,3.837732,3.891982,3.930482,3.953231,3.960232,3.960232,3.949732,3.930481,3.905982,3.881482,3.853483,3.828982,3.811482,3.795733,3.793983,3.800983,3.816733,3.842982,3.883232,3.925233,3.981232,4.054732,4.135231,4.231481,4.34173,4.46248,4.595479,4.737229,4.896478,5.069727,5.251726,5.445974,5.659474,5.883474,6.124972,6.366471,6.628971,6.901969,7.192468,7.486465,7.790964,8.119963,8.459463,8.798961,9.159459,9.523458,9.908456,10.296955,10.699452,11.115951,11.539447,11.973447,12.414445,12.869441,13.324439,13.782937,14.258938,14.727933,15.189931,15.66593,16.141926,16.596925,17.065922,17.520922,17.989918,,15,15,0,0
0.307998,0.293123,0.275623,0.262498,0.245873,0.234061,0.222686,0.212842,0.20453,0.19578,0.188889,0.182764,0.176311,0.169967,0.166577,0.161108,0.158374,0.154218,0.152249,0.149186,0.147764,0.148202,0.145139,0.143827,0.145468,0.14678,0.145905,0.147983,0.148639,0.150608,0.153452,0.155093,0.158921,0.162311,0.167561,0.171717,0.177186,0.182217,0.187796,0.194796,0.202561,0.210217,0.219952,0.229905,0.24117,0.25342,0.266217,0.280764,0.296623,0.313904,0.334029,0.355685,0.379092,0.404795,0.432357,0.463091,0.496122,0.532544,0.572028,0.61545,0.662809,0.712793,0.766934,0.825996,0.888339,0.955276,1.027026,1.10337,1.183869,1.267869,1.355587,1.445056,1.537805,1.630992,1.725929,1.820866,1.915804,2.009865,2.102615,2.194052,2.280239,2.363364,2.442114,2.517801,2.589988,2.657362,2.725613,2.792987,2.862987,2.930361,3.002111,3.081736,3.16836,3.261985,3.37136,3.496484,3.634733,3.786108,3.954107,4.132606,4.319855,4.506229,4.693478,4.872853,5.034727,5.178227,5.295476,5.375975,5.421476,5.417975,5.377726,5.298976,5.179977,5.027728,4.856228,4.661979,4.45023,4.22798,4.000482,3.769482,3.543734,3.324985,3.114985,2.924237,2.742238,2.570738,2.414989,2.267989,2.13499,2.01424,1.903991,1.802491,1.714992,1.637992,1.566242,1.503243,1.445493,1.392993,1.345744,1.307244,1.268744,1.238994,1.209244,1.184744,1.160245,1.139244,1.119994,1.104245,1.084995,1.072745,1.060495,1.051745,1.042995,1.034245,1.027245,1.020245,1.016745,1.016745,1.014995,1.014995,1.018495,1.021995,1.028995,1.034245,1.041245,1.051745,1.062245,1.069245,1.081495,1.095495,1.107745,1.123495,1.139245,1.154994,1.174244,1.191744,1.207494,1.226744,1.245994,1.266994,1.287994,1.307244,1.326493,1.343993,1.363243,1.380743,1.396493,1.412243,1.426243,1.440243,1.448993,1.455993,1.462993,1.466493,1.469993,1.466493,1.464743,1.459493,1.454243,1.445493,1.434993,1.420993,1.403493,1.387743,1.371994,1.356243,1.342243,1.324744,1.307244,1.293244,1.279244,1.263494,1.251244,1.237244,1.224994,1.217994,1.209244,1.203994,1.198744,1.195244,1.193494,1.191744,1.195244,1.200494,1.207494,1.217994,1.231994,1.245994,1.270494,1.293244,1.322994,1.356243,1.394743,1.438493,1.490993,1.545242,1.609992,1.678242,1.751742,1.835741,1.928491,2.02649,2.13324,2.24874,2.372989,2.497239,2.631988,2.766737,2.908487,3.046736,3.186735,3.321485,3.447484,3.569983,3.678484,3.776482,3.858732,3.925232,3.975982,4.010982,4.038981,4.049481,4.049481,4.040732,4.023232,4.003981,3.981232,3.954982,3.935732,3.921731,3.911232,3.911232,3.916482,3.930482,3.953231,3.984732,4.026731,4.077481,4.145731,4.226231,4.31023,4.411731,4.523729,4.649729,4.784479,4.934977,5.097727,5.272725,5.463475,5.659474,5.872974,6.096973,6.33847,6.579971,6.83897,7.111967,7.402467,7.692965,8.000964,8.312462,8.648461,8.991459,9.337958,9.708957,10.076455,10.457953,10.856951,11.269949,11.679447,12.092447,12.519444,12.953442,13.380441,13.824936,14.272937,14.706935,15.147932,15.602931,16.029929,16.470925,,15,15,0,0
0.295748,0.285248,0.267748,0.250686,0.239311,0.226186,0.215686,0.205624,0.196874,0.186921,0.179046,0.172374,0.165155,0.160671,0.155639,0.152577,0.146343,0.144374,0.142843,0.138796,0.13803,0.135077,0.134858,0.133436,0.133765,0.134421,0.133765,0.134749,0.135733,0.137155,0.13989,0.141311,0.144593,0.147108,0.151483,0.154983,0.159577,0.16428,0.169311,0.174999,0.181452,0.188452,0.196764,0.205295,0.214592,0.224983,0.236795,0.248936,0.262498,0.277811,0.295529,0.314123,0.334467,0.35667,0.381498,0.408623,0.437388,0.469763,0.505091,0.544356,0.586247,0.632294,0.682387,0.736309,0.793621,0.856621,0.923777,0.995526,1.072964,1.154338,1.238775,1.328244,1.420993,1.516805,1.61393,1.713242,1.814304,1.915804,2.017303,2.116178,2.214177,2.309114,2.399239,2.485426,2.568113,2.648613,2.725613,2.799987,2.872612,2.945236,3.018736,3.095736,3.174485,3.26461,3.361735,3.472859,3.596234,3.734483,3.885857,4.046856,4.215731,4.389855,4.563979,4.732854,4.889478,5.029477,5.144977,5.228976,5.279726,5.290226,5.263976,5.199226,5.097726,4.964728,4.810728,4.632228,4.43973,4.231481,4.016231,3.797482,3.582234,3.373984,3.169236,2.981987,2.803487,2.637238,2.481488,2.336239,2.203239,2.08074,1.968741,1.868991,1.781492,1.700992,1.629242,1.562743,1.506743,1.454243,1.406993,1.364994,1.328244,1.296744,1.266994,1.242494,1.217994,1.196994,1.177744,1.158494,1.144494,1.130495,1.116495,1.109494,1.100745,1.091995,1.086745,1.081495,1.077995,1.077995,1.076245,1.076245,1.081495,1.086745,1.091995,1.098995,1.107744,1.116495,1.125244,1.137494,1.149744,1.163744,1.179494,1.195244,1.212744,1.230244,1.245994,1.263494,1.284494,1.303744,1.326494,1.345743,1.368493,1.389493,1.410493,1.431493,1.452493,1.473493,1.490993,1.510243,1.527743,1.545242,1.559243,1.569743,1.578492,1.587242,1.590742,1.594242,1.592492,1.590742,1.587242,1.580243,1.569743,1.555742,1.541742,1.529493,1.511992,1.496243,1.480493,1.462993,1.447243,1.429743,1.412243,1.398243,1.384243,1.368493,1.356244,1.347494,1.338744,1.329994,1.321244,1.317744,1.315994,1.312493,1.314244,1.317744,1.324744,1.335244,1.345744,1.361493,1.380743,1.405243,1.433243,1.464743,1.501492,1.546993,1.595992,1.651992,1.713242,1.783242,1.858491,1.944241,2.03524,2.13499,2.241739,2.358989,2.483238,2.614488,2.749238,2.890986,3.032737,3.179735,3.321485,3.464984,3.599733,3.729233,3.846483,3.949732,4.040731,4.112481,4.17373,4.215731,4.241981,4.259481,4.26298,4.255981,4.238481,4.217481,4.187731,4.16148,4.136981,4.117732,4.105482,4.098481,4.098481,4.105481,4.122981,4.149231,4.18773,4.23673,4.297981,4.37323,4.45898,4.55523,4.663729,4.782729,4.915728,5.059227,5.218477,5.386476,5.571975,5.767974,5.977972,6.194971,6.425972,6.670971,6.929968,7.195968,7.479466,7.769965,8.081463,8.399962,8.725462,9.068459,9.414957,9.775456,10.153454,10.534952,10.930451,11.329448,11.738948,12.148445,12.571944,13.00244,13.418939,13.859939,14.293935,14.748932,15.189931,15.644931,16.085927,16.540923,,15,15,0,0
0.307123,0.295748,0.277373,0.259436,0.245436,0.231436,0.219405,0.207374,0.197967,0.189436,0.182327,0.172155,0.165702,0.160999,0.154655,0.149077,0.146561,0.14153,0.138686,0.136608,0.134093,0.133436,0.131249,0.13103,0.130483,0.130593,0.13144025,0.132233,0.132452,0.135077,0.136608,0.139124,0.142514,0.145358,0.150389,0.154327,0.159358,0.163952,0.169421,0.176092,0.182874,0.190967,0.200045,0.209561,0.219186,0.23078,0.243795,0.257248,0.271905,0.288639,0.307889,0.327686,0.349998,0.374279,0.400748,0.43006,0.461451,0.496013,0.533856,0.576294,0.622012,0.670575,0.723621,0.78159,0.843496,0.909777,0.981526,1.058089,1.139463,1.225869,1.314681,1.409181,1.506305,1.606492,1.707554,1.812116,1.916678,2.022553,2.125365,2.228615,2.327927,2.424176,2.514738,2.600488,2.683613,2.761487,2.836737,2.907612,2.977611,3.046736,3.114986,3.184986,3.26111,3.34686,3.440484,3.548109,3.670608,3.807107,3.957607,4.118606,4.290981,4.46948,4.648854,4.824728,4.987477,5.134477,5.255226,5.344475,5.396975,5.407476,5.379476,5.309475,5.199227,5.055727,4.889478,4.700478,4.486979,4.26648,4.035481,3.802733,3.573483,3.352984,3.137735,2.939987,2.754487,2.579488,2.420239,2.27149,2.13674,2.01074,1.898741,1.798991,1.707992,1.630993,1.559243,1.496243,1.436743,1.385993,1.340494,1.300243,1.263494,1.230244,1.203994,1.179494,1.156744,1.135745,1.118245,1.100744,1.084995,1.069245,1.058745,1.049995,1.041245,1.034245,1.027245,1.023745,1.020245,1.016745,1.018495,1.020245,1.023745,1.028995,1.034245,1.041245,1.049995,1.058745,1.069245,1.079745,1.091995,1.105995,1.121745,1.137494,1.153244,1.170745,1.188244,1.205744,1.224994,1.244244,1.265244,1.286244,1.305494,1.324743,1.345743,1.364994,1.385993,1.401744,1.420993,1.438493,1.454243,1.468243,1.480493,1.489243,1.496243,1.503243,1.504993,1.503243,1.503243,1.499743,1.494493,1.485743,1.475243,1.461243,1.445493,1.429743,1.413994,1.398243,1.382493,1.366743,1.349244,1.333494,1.317744,1.303744,1.289744,1.279244,1.266994,1.256494,1.249494,1.242494,1.238994,1.235494,1.235494,1.235494,1.238994,1.245994,1.254744,1.266994,1.284494,1.303744,1.326493,1.350993,1.384243,1.422743,1.468243,1.515493,1.571493,1.636242,1.702742,1.781492,1.865491,1.961741,2.063241,2.17699,2.297739,2.428989,2.565488,2.712488,2.866487,3.023986,3.183235,3.347735,3.508734,3.667984,3.823732,3.968982,4.100231,4.22098,4.322481,4.40823,4.47473,4.52198,4.558729,4.574479,4.581479,4.570979,4.551729,4.525479,4.49573,4.46598,4.436231,4.41173,4.39948,4.392479,4.39598,4.40823,4.43273,4.465979,4.516729,4.577979,4.658479,4.749479,4.856229,4.975228,5.109977,5.255227,5.414475,5.589475,5.778474,5.984972,6.198472,6.429472,6.677969,6.933469,7.202969,7.489966,7.787465,8.088463,8.417461,8.749961,9.09996,9.456957,9.820956,10.205954,10.590953,10.993451,11.399449,11.826447,12.256946,12.701443,13.142442,13.572939,14.027939,14.496936,14.965933,15.427931,15.896927,16.386926,16.862924,17.338922,17.814922,18.290918,,15,15,0,0
0.468997,0.454997,0.437498,0.418248,0.404248,0.390248,0.376248,0.365748,0.355248,0.344748,0.332498,0.327248,0.318498,0.311498,0.306248,0.301873,0.294873,0.289623,0.286998,0.283498,0.279998,0.277373,0.276498,0.273873,0.272998,0.272998,0.272123,0.270373,0.270373,0.270373,0.271248,0.272561,0.274748,0.277373,0.279123,0.282186,0.284811,0.288748,0.292248,0.296623,0.301436,0.306904,0.313686,0.320795,0.327686,0.335451,0.343873,0.353607,0.364217,0.37592,0.389592,0.404029,0.419888,0.438373,0.457732,0.478951,0.502466,0.528388,0.556825,0.588981,0.622997,0.661606,0.703934,0.749324,0.798543,0.851808,0.911089,0.97562,1.046057,1.121088,1.201588,1.287556,1.376587,1.470212,1.568867,1.672117,1.777117,1.885616,1.994553,2.10699,2.218115,2.326177,2.432926,2.537488,2.639863,2.736112,2.829737,2.920736,3.009986,3.096611,3.177111,3.261985,3.350359,3.443984,3.541984,3.653983,3.781733,3.919982,4.073107,4.23323,4.407355,4.587604,4.765228,4.932353,5.087227,5.223726,5.326976,5.393475,5.412725,5.393475,5.332226,5.221977,5.071477,4.896478,4.698728,4.47998,4.247231,4.009232,3.769483,3.533234,3.303985,3.090486,2.889237,2.705488,2.537488,2.385239,2.245239,2.11749,2.00374,1.900491,1.811242,1.730742,1.658992,1.597742,1.543493,1.494493,1.448993,1.408743,1.375493,1.343993,1.317744,1.293244,1.270494,1.252994,1.235494,1.217994,1.203994,1.191744,1.181244,1.170744,1.163744,1.158494,1.153245,1.153245,1.149744,1.149744,1.149744,1.151494,1.156744,1.163744,1.172494,1.182995,1.193494,1.203994,1.216244,1.230244,1.245994,1.261744,1.279244,1.298494,1.319494,1.340494,1.359743,1.380743,1.403493,1.426243,1.448993,1.471743,1.494493,1.518992,1.543493,1.560992,1.581993,1.601243,1.616992,1.629242,1.637992,1.650242,1.658992,1.660742,1.660742,1.657242,1.651992,1.641492,1.629242,1.613493,1.601243,1.583742,1.566242,1.548742,1.529493,1.517243,1.496243,1.476993,1.457743,1.441993,1.426243,1.412243,1.399993,1.389493,1.377243,1.370244,1.363243,1.359744,1.357994,1.357993,1.361493,1.368493,1.377244,1.389493,1.403493,1.422743,1.447243,1.473493,1.504993,1.543493,1.585492,1.636243,1.690492,1.749992,1.819991,1.898741,1.984491,2.07899,2.180489,2.29074,2.411489,2.533989,2.665238,2.801737,2.946986,3.092236,3.239235,3.380985,3.526234,3.662733,3.786983,3.898982,4.002232,4.096732,4.170231,4.231481,4.278731,4.31198,4.327731,4.327731,4.32073,4.308481,4.28923,4.264731,4.243731,4.226231,4.212231,4.19823,4.191231,4.192981,4.203481,4.226231,4.255981,4.301481,4.35923,4.42923,4.50623,4.59198,4.698728,4.810729,4.936728,5.067977,5.221977,5.386476,5.564974,5.746975,5.942974,6.159972,6.380472,6.614969,6.863469,7.129468,7.402467,7.685965,7.979963,8.284462,8.602962,8.92846,9.257459,9.596957,9.964455,10.331953,10.695952,11.07395,11.472949,11.868448,12.270946,12.676943,13.09694,13.544939,13.971938,14.405938,14.846933,15.29493,15.72893,16.169928,16.617925,17.058924,17.50692,17.95492,18.381918,18.829916,19.263914,19.68391,,15,15,0,0
0.461997,0.444498,0.423498,0.409498,0.393748,0.379748,0.365748,0.353498,0.341248,0.330748,0.320248,0.311498,0.302748,0.293998,0.290498,0.281748,0.276498,0.272998,0.270373,0.265123,0.259873,0.256373,0.254623,0.251998,0.248498,0.248498,0.247623,0.245873,0.246748,0.245873,0.245873,0.246748,0.248498,0.249373,0.251561,0.252873,0.256373,0.259436,0.261623,0.265561,0.269936,0.275623,0.279561,0.286342,0.292467,0.300123,0.307889,0.31642,0.325279,0.335998,0.348029,0.360935,0.374935,0.391342,0.408513,0.427654,0.448216,0.471513,0.497107,0.526528,0.556825,0.592153,0.629997,0.671887,0.716512,0.766387,0.821949,0.882542,0.946745,1.018276,1.09637,1.180588,1.2694,1.362806,1.462993,1.568867,1.68043,1.796367,1.915366,2.040053,2.166928,2.293802,2.418926,2.546238,2.67355,2.794737,2.914611,3.031861,3.14561,3.254985,3.355609,3.456234,3.557734,3.661858,3.764233,3.877107,3.998732,4.134356,4.281355,4.437105,4.606854,4.793228,4.978728,5.164226,5.344476,5.514224,5.657725,5.762723,5.820473,5.839723,5.809973,5.725974,5.591225,5.419725,5.221977,4.989227,4.735478,4.47298,4.201731,3.933982,3.669733,3.421234,3.188485,2.978486,2.780737,2.602238,2.442989,2.29599,2.16474,2.04924,1.945991,1.856741,1.777991,1.707992,1.644992,1.590742,1.541742,1.499743,1.457743,1.426243,1.394743,1.368494,1.343993,1.322994,1.303744,1.282743,1.270494,1.252994,1.238994,1.230244,1.219744,1.212744,1.209244,1.203994,1.203994,1.202244,1.202244,1.205744,1.209244,1.216244,1.221494,1.233744,1.245994,1.256494,1.268744,1.284494,1.301993,1.317744,1.336994,1.356243,1.378993,1.401744,1.424493,1.447243,1.469993,1.496243,1.518992,1.543492,1.569742,1.594242,1.620492,1.641492,1.662492,1.679992,1.699242,1.713242,1.721992,1.732492,1.739492,1.742992,1.741241,1.734242,1.725492,1.713242,1.699242,1.681742,1.662492,1.646742,1.623992,1.602992,1.578492,1.557493,1.534743,1.511993,1.490993,1.473493,1.455993,1.441993,1.426243,1.413994,1.403493,1.394743,1.387743,1.382493,1.382494,1.384243,1.385993,1.392993,1.401743,1.417493,1.431493,1.450743,1.476993,1.510243,1.545243,1.585492,1.632742,1.686991,1.748241,1.816491,1.891741,1.975741,2.07199,2.17699,2.287239,2.407989,2.533988,2.672238,2.812237,2.959237,3.107985,3.265485,3.415984,3.566483,3.709984,3.851732,3.979482,4.091481,4.187731,4.275231,4.34173,4.397731,4.429229,4.451979,4.46073,4.451979,4.43448,4.40823,4.38023,4.348731,4.32073,4.290981,4.27173,4.26123,4.250731,4.24723,4.261231,4.28398,4.31898,4.36798,4.427479,4.50273,4.588479,4.684729,4.793228,4.913978,5.053977,5.200975,5.361976,5.540475,5.732973,5.939474,6.149472,6.376971,6.62197,6.877469,7.146968,7.430466,7.724465,8.035963,8.361462,8.676462,9.015959,9.365959,9.733457,10.097454,10.478952,10.867452,11.269949,11.696948,12.074947,12.498445,12.928942,13.36294,13.803936,14.244937,14.699935,15.168933,15.616928,16.064928,16.512924,16.967924,17.42292,17.87092,18.311916,18.773918,19.214914,19.648914,20.075908,20.488906,,15,15,0,0
0.299248,0.285248,0.271248,0.253311,0.237561,0.224436,0.213499,0.201905,0.193592,0.185608,0.176639,0.170952,0.163296,0.157936,0.153999,0.149952,0.144374,0.142733,0.13978,0.136827,0.135405,0.133327,0.13278,0.132452,0.132561,0.133218,0.133765,0.135077,0.136608,0.137811,0.140218,0.143171,0.146889,0.150827,0.155311,0.159796,0.165374,0.171061,0.177077,0.184733,0.192827,0.201358,0.211639,0.221374,0.233186,0.245655,0.259983,0.27453,0.291701,0.310404,0.330967,0.353498,0.378217,0.405341,0.43531,0.467357,0.502794,0.541622,0.584059,0.630325,0.680747,0.735871,0.794933,0.859902,0.92837,1.002745,1.082807,1.167025,1.258025,1.353181,1.453368,1.55618,1.66293,1.772742,1.885179,1.998053,2.111365,2.226864,2.340177,2.452176,2.559801,2.665238,2.765862,2.862112,2.953987,3.041486,3.128985,3.21036,3.291735,3.373984,3.455359,3.537609,3.625983,3.722233,3.828107,3.946232,4.078356,4.223606,4.384605,4.551729,4.732853,4.919228,5.102976,5.284976,5.454725,5.612225,5.746974,5.843223,5.906223,5.930723,5.909723,5.846724,5.743474,5.603475,5.440725,5.242976,5.029477,4.796728,4.553479,4.30673,4.058231,3.818483,3.583983,3.365234,3.158736,2.964487,2.784237,2.614488,2.460489,2.320489,2.19099,2.07374,1.97049,1.877741,1.795491,1.716742,1.651992,1.590742,1.534743,1.487493,1.445493,1.408743,1.373743,1.345744,1.319494,1.293244,1.270494,1.251244,1.231994,1.217994,1.202245,1.189994,1.181244,1.168994,1.163744,1.154994,1.149744,1.147995,1.146244,1.146244,1.147995,1.151494,1.158494,1.161994,1.170744,1.177744,1.189994,1.200494,1.210994,1.224994,1.240744,1.256494,1.272244,1.289744,1.307244,1.326494,1.345743,1.368493,1.389493,1.410493,1.433243,1.457743,1.478743,1.499743,1.518993,1.539993,1.559243,1.578492,1.597742,1.615242,1.627492,1.639742,1.648492,1.655492,1.657242,1.658992,1.658992,1.657242,1.650242,1.643242,1.630992,1.620492,1.602992,1.587243,1.567992,1.548742,1.532993,1.513743,1.496243,1.476993,1.457743,1.438493,1.422743,1.406993,1.391243,1.380743,1.368493,1.359744,1.350993,1.343993,1.338744,1.335244,1.331743,1.335244,1.340494,1.349243,1.359743,1.373743,1.391243,1.413993,1.440243,1.471743,1.510243,1.553993,1.604742,1.658992,1.721992,1.791991,1.870741,1.954741,2.04924,2.154239,2.264489,2.386989,2.514738,2.651238,2.796487,2.946987,3.099236,3.258485,3.410735,3.566483,3.716983,3.860482,3.993482,4.112481,4.215731,4.303231,4.37673,4.42573,4.465979,4.490479,4.49748,4.488729,4.47473,4.44673,4.41523,4.37673,4.339981,4.30673,4.27523,4.250731,4.231481,4.217481,4.21223,4.213981,4.222731,4.24548,4.280481,4.32598,4.38023,4.451979,4.530729,4.619978,4.721478,4.836978,4.966478,5.106476,5.260476,5.431975,5.610475,5.799474,6.002472,6.219471,6.443471,6.68497,6.936969,7.206467,7.486466,7.769965,8.077964,8.392962,8.718461,9.057959,9.411457,9.778956,10.156955,10.545451,10.940951,11.35395,11.756447,12.179946,12.606945,13.040939,13.48194,13.915938,14.363933,14.811932,15.238933,15.68693,,17.5,17.5,0,0
0.321998,0.306248,0.285248,0.269936,0.254623,0.240623,0.226842,0.217655,0.206717,0.197749,0.18878,0.180139,0.174561,0.169311,0.163296,0.159796,0.155202,0.152577,0.150608,0.148639,0.146889,0.145686,0.146233,0.146561,0.147327,0.148858,0.152139,0.153671,0.155858,0.159577,0.163296,0.168327,0.172264,0.179046,0.186046,0.193264,0.201686,0.210436,0.219624,0.230342,0.241936,0.25528,0.270483,0.286014,0.303295,0.322873,0.343764,0.366513,0.392216,0.420216,0.45106,0.484966,0.521825,0.562513,0.606044,0.653403,0.705574,0.761027,0.82184,0.887683,0.958339,1.034464,1.115182,1.200713,1.2904,1.386869,1.48618,1.589867,1.698804,1.809492,1.922366,2.034803,2.14899,2.260115,2.369052,2.474488,2.576425,2.674863,2.767612,2.852487,2.932111,3.006486,3.072986,3.133361,3.190235,3.24536,3.298735,3.354735,3.415984,3.482484,3.555109,3.639983,3.737108,3.852607,3.982982,4.132606,4.303231,4.486979,4.682978,4.882478,5.090727,5.293726,5.480975,5.647224,5.790724,5.906223,5.981473,6.009473,5.990223,5.927223,5.815224,5.664724,5.479225,5.265726,5.036477,4.791478,4.53773,4.28048,4.021481,3.767732,3.526233,3.293485,3.076486,2.880487,2.696738,2.526988,2.372989,2.231239,2.103491,1.986241,1.881241,1.784991,1.704492,1.629242,1.564493,1.506743,1.452493,1.405243,1.361493,1.324743,1.291494,1.265244,1.238994,1.214495,1.195244,1.179494,1.161994,1.147995,1.133994,1.123495,1.114744,1.107744,1.100744,1.098995,1.095495,1.093745,1.093745,1.097244,1.097245,1.105995,1.112994,1.121745,1.130495,1.140994,1.154994,1.168994,1.182994,1.196994,1.214494,1.233744,1.252994,1.273994,1.296744,1.315994,1.338743,1.359744,1.385993,1.408743,1.431493,1.457743,1.480493,1.506743,1.527743,1.550493,1.569743,1.587242,1.604742,1.620492,1.632742,1.644992,1.651992,1.655492,1.658992,1.655492,1.650242,1.639742,1.632742,1.623992,1.609992,1.594242,1.578492,1.557492,1.538242,1.518993,1.499743,1.482243,1.462993,1.445493,1.427993,1.410493,1.396493,1.382493,1.370243,1.357994,1.349243,1.343993,1.338744,1.336994,1.333494,1.335243,1.340494,1.345744,1.352744,1.366743,1.384243,1.403493,1.429743,1.457743,1.494493,1.536493,1.580242,1.636243,1.693991,1.765741,1.840992,1.926741,2.01949,2.12099,2.23124,2.351989,2.484988,2.624988,2.771987,2.931237,3.095736,3.263735,3.436984,3.606733,3.779983,3.947982,4.108981,4.25773,4.39598,4.52198,4.619979,4.707478,4.770478,4.808978,4.828228,4.829978,4.821228,4.794978,4.758228,4.714479,4.667229,4.616479,4.56748,4.52548,4.48873,4.46423,4.451979,4.450229,4.45723,4.479979,4.514979,4.560479,4.625229,4.696979,4.787978,4.892978,5.011976,5.144976,5.284976,5.449476,5.617475,5.802974,6.009472,6.226472,6.457471,6.695471,6.950969,7.213468,7.493467,7.780464,8.088462,8.396462,8.72196,9.057958,9.407958,9.764957,10.121954,10.506952,10.884951,11.283948,11.696948,12.109946,12.529943,12.967441,13.425937,13.852938,14.300936,14.755935,15.189931,15.651931,16.099928,16.554928,17.009924,17.450922,17.884922,18.32592,,17.5,17.5,0,0
0.379748,0.362248,0.346498,0.327248,0.313248,0.299248,0.286123,0.274311,0.263373,0.25353,0.244342,0.235592,0.228155,0.221811,0.215577,0.209452,0.207483,0.20278,0.198405,0.195124,0.191952,0.191405,0.187796,0.18703,0.185608,0.185499,0.186046,0.185827,0.18703,0.186811,0.188124,0.189217,0.192389,0.194686,0.197639,0.20103,0.204202,0.208249,0.212733,0.217874,0.222905,0.229358,0.23592,0.243795,0.251561,0.260311,0.270373,0.281311,0.293123,0.306248,0.321123,0.337639,0.355467,0.374935,0.396154,0.419998,0.445919,0.474357,0.504654,0.539544,0.577388,0.618184,0.662481,0.710278,0.760371,0.817027,0.876964,0.941495,1.010183,1.083463,1.160682,1.240963,1.322994,1.410274,1.49843,1.588555,1.678242,1.771867,1.864616,1.956053,2.045303,2.132803,2.21899,2.301677,2.382176,2.460926,2.540113,2.622363,2.702862,2.785112,2.871736,2.966236,3.068611,3.177985,3.300485,3.439609,3.587483,3.744983,3.911232,4.084481,4.255981,4.41698,4.567479,4.702229,4.810729,4.891228,4.934977,4.943728,4.912227,4.842228,4.737228,4.605979,4.44673,4.268231,4.080981,3.883233,3.683733,3.484234,3.284734,3.092236,2.908486,2.733487,2.572488,2.427239,2.290739,2.16824,2.05449,1.949491,1.856741,1.772742,1.695742,1.629242,1.571493,1.520743,1.473493,1.431493,1.392993,1.359744,1.329994,1.301994,1.275744,1.258244,1.237244,1.221494,1.207494,1.195244,1.182994,1.172495,1.163745,1.154994,1.151495,1.147995,1.144494,1.144494,1.142744,1.146244,1.149744,1.151494,1.158495,1.165494,1.175994,1.188244,1.196994,1.209244,1.223244,1.237244,1.252994,1.268744,1.286244,1.303744,1.324744,1.343993,1.363243,1.382493,1.401744,1.424493,1.441993,1.464743,1.483993,1.504993,1.524243,1.541742,1.557493,1.573242,1.587243,1.594243,1.602992,1.609992,1.615242,1.615242,1.615242,1.609992,1.604743,1.595992,1.587242,1.574993,1.562742,1.550493,1.538243,1.524243,1.510243,1.494493,1.482243,1.468243,1.454243,1.441993,1.433243,1.422743,1.413993,1.406993,1.399993,1.398243,1.392993,1.391243,1.396493,1.399993,1.408743,1.419243,1.431493,1.448993,1.471743,1.497993,1.525993,1.562743,1.604742,1.653742,1.707992,1.769242,1.837491,1.916241,2.003741,2.09649,2.20324,2.32049,2.446489,2.582988,2.726487,2.876987,3.039736,3.202485,3.368735,3.543734,3.711732,3.877982,4.049481,4.196481,4.33473,4.45548,4.555229,4.646228,4.716228,4.773979,4.807228,4.831729,4.843978,4.835228,4.822978,4.807228,4.787978,4.768729,4.751229,4.740728,4.737229,4.738979,4.749479,4.763479,4.794979,4.836978,4.889478,4.957727,5.036478,5.127476,5.225476,5.337477,5.459976,5.592976,5.739974,5.890473,6.061972,6.243972,6.429471,6.62897,6.838969,7.059468,7.286967,7.521466,7.769966,8.039464,8.308962,8.599461,8.88296,9.176959,9.488457,9.799956,10.121954,10.450953,10.80095,11.150949,11.50445,11.871946,12.242945,12.624443,13.005942,13.397941,13.79694,14.209936,14.615936,15.021933,15.434931,15.83393,16.246926,16.645926,17.058924,17.46492,17.863922,18.269916,18.661914,19.053916,19.438914,19.80991,,17.5,17.5,0,0
0.379748,0.367498,0.344748,0.329873,0.315873,0.300998,0.287436,0.275623,0.263811,0.253311,0.246092,0.237123,0.228155,0.221155,0.215249,0.210217,0.205624,0.202999,0.195999,0.192936,0.191186,0.189436,0.186702,0.186374,0.184842,0.185061,0.183967,0.183749,0.184077,0.185827,0.186374,0.188452,0.190749,0.193702,0.196764,0.199499,0.203764,0.207702,0.212514,0.217327,0.223233,0.230123,0.237014,0.24467,0.253092,0.263264,0.273436,0.285248,0.297936,0.312045,0.328561,0.34617,0.365638,0.386857,0.410482,0.436732,0.465169,0.496122,0.530575,0.569622,0.611403,0.656793,0.706231,0.759715,0.817027,0.879589,0.946089,1.017839,1.095713,1.177307,1.2624,1.350556,1.443524,1.537805,1.63493,1.732054,1.831366,1.932428,2.03174,2.128427,2.223365,2.316989,2.406676,2.491113,2.574238,2.655612,2.738737,2.819237,2.900612,2.985487,3.075611,3.17011,3.27161,3.38711,3.513984,3.659233,3.813232,3.981232,4.163231,4.35223,4.542979,4.728478,4.908728,5.073227,5.214976,5.326976,5.405726,5.447725,5.442475,5.395226,5.307726,5.181726,5.024227,4.840478,4.639229,4.42398,4.199981,3.970732,3.736232,3.512234,3.293485,3.088736,2.892737,2.717737,2.553238,2.404489,2.264489,2.13849,2.028241,1.924991,1.832241,1.749992,1.681742,1.618742,1.560992,1.511993,1.468243,1.426243,1.389494,1.357993,1.328244,1.307244,1.284494,1.265244,1.245994,1.228494,1.214494,1.202244,1.188244,1.179494,1.174244,1.167244,1.161994,1.160245,1.160245,1.158494,1.160244,1.163745,1.167244,1.174244,1.182994,1.191744,1.203994,1.216244,1.228494,1.242494,1.258244,1.275744,1.293244,1.312494,1.331743,1.354493,1.373743,1.396493,1.417493,1.440243,1.464743,1.487493,1.511993,1.534743,1.555742,1.576742,1.595992,1.611742,1.627492,1.639742,1.648492,1.655492,1.660742,1.664242,1.660742,1.653742,1.646742,1.636242,1.623992,1.608242,1.592492,1.576743,1.560992,1.539993,1.520743,1.503243,1.482243,1.462993,1.443743,1.426243,1.413993,1.398243,1.384244,1.371994,1.361494,1.352743,1.345743,1.340493,1.340493,1.342243,1.347494,1.354493,1.363243,1.380744,1.398243,1.420993,1.448993,1.483992,1.522493,1.567992,1.618742,1.678242,1.746492,1.819991,1.903991,1.998491,2.10349,2.21374,2.334489,2.467488,2.617988,2.764987,2.915486,3.074736,3.232235,3.393234,3.548984,3.694233,3.839483,3.968981,4.082731,4.177231,4.259481,4.324231,4.364481,4.39248,4.40298,4.39948,4.38198,4.34698,4.30848,4.262981,4.215731,4.16148,4.117731,4.075731,4.038981,4.003981,3.974232,3.956732,3.949732,3.949732,3.960232,3.981232,4.021482,4.065231,4.115981,4.182481,4.26123,4.34873,4.44673,4.556979,4.688228,4.826478,4.973477,5.134476,5.309475,5.494975,5.697975,5.904473,6.135472,6.380472,6.632471,6.901969,7.174968,7.465467,7.769965,8.081463,8.410462,8.74646,9.106959,9.467457,9.838455,10.226955,10.618953,11.01795,11.423949,11.836946,12.270946,12.704943,13.138939,13.572941,14.020938,14.468935,14.888934,15.322932,15.763929,16.204929,16.624924,17.065922,17.485922,17.898918,18.304918,18.696914,,17.5,17.5,0,0
0.269061,0.257248,0.245873,0.231436,0.220061,0.21328,0.200592,0.193592,0.185499,0.178608,0.172592,0.166139,0.160014,0.156186,0.151155,0.148202,0.144483,0.142952,0.138577,0.13628,0.13464,0.132233,0.129827,0.130046,0.128952,0.128624,0.128077,0.128296,0.127749,0.128405,0.12928,0.129827,0.131905,0.133655,0.135405,0.136936,0.139124,0.141858,0.144374,0.147436,0.151046,0.155093,0.160124,0.165155,0.170405,0.176311,0.182983,0.189983,0.197092,0.20617,0.216124,0.226733,0.238655,0.251342,0.26578,0.281201,0.298592,0.317076,0.337857,0.361264,0.386857,0.41431,0.444388,0.477857,0.514388,0.5542,0.596638,0.64345,0.695184,0.750527,0.810027,0.873902,0.941714,1.014557,1.091557,1.172713,1.258025,1.348806,1.443306,1.54043,1.64018,1.743867,1.850179,1.956928,2.066303,2.176552,2.289865,2.403176,2.516488,2.6298,2.743112,2.859487,2.974111,3.090486,3.21036,3.33636,3.465859,3.598859,3.737108,3.881482,4.031106,4.182481,4.337355,4.49223,4.647104,4.795854,4.933228,5.053977,5.155477,5.237726,5.288476,5.314726,5.309476,5.276226,5.218477,5.129227,5.017227,4.878978,4.721479,4.548229,4.36448,4.171981,3.975982,3.781733,3.592734,3.407235,3.228735,3.055486,2.892737,2.742237,2.602238,2.467488,2.351989,2.24524,2.14899,2.06149,1.98099,1.909241,1.844491,1.786742,1.734242,1.688742,1.648492,1.613493,1.578492,1.548742,1.520743,1.496243,1.473493,1.450743,1.431493,1.415743,1.399994,1.385993,1.371994,1.359744,1.349243,1.338743,1.329994,1.322994,1.319493,1.314244,1.314244,1.310744,1.308994,1.310744,1.312493,1.315994,1.319493,1.322994,1.331743,1.340494,1.345744,1.356243,1.364994,1.375493,1.387744,1.399993,1.413994,1.427993,1.445493,1.459493,1.476993,1.492743,1.508493,1.527743,1.543493,1.562743,1.581993,1.597742,1.615242,1.632742,1.646742,1.664242,1.674742,1.686992,1.699242,1.711492,1.714992,1.721992,1.725492,1.727242,1.725492,1.723742,1.716742,1.709742,1.700992,1.690492,1.679992,1.667742,1.651992,1.639742,1.623992,1.608242,1.595992,1.580242,1.566242,1.553993,1.539992,1.529492,1.517243,1.508493,1.497993,1.492743,1.487493,1.483993,1.482243,1.482243,1.487493,1.490993,1.497993,1.508492,1.522492,1.541743,1.562743,1.592492,1.622242,1.658992,1.699241,1.746492,1.797241,1.854992,1.919741,1.993241,2.07374,2.16124,2.253989,2.353739,2.460489,2.575988,2.693238,2.817487,2.945236,3.074736,3.202485,3.330235,3.454484,3.573483,3.687233,3.792233,3.891982,3.981231,4.059982,4.128232,4.185981,4.229731,4.26473,4.29273,4.311981,4.324231,4.33298,4.33823,4.338231,4.33473,4.33298,4.331229,4.32948,4.32773,4.33123,4.34523,4.36448,4.38548,4.41348,4.450229,4.48873,4.54123,4.59898,4.668979,4.749479,4.840478,4.934976,5.039978,5.158977,5.284976,5.421476,5.564974,5.725975,5.897473,6.079473,6.268472,6.47147,6.688469,6.91247,7.146968,7.395466,7.650966,7.927464,8.210963,8.497963,8.79546,9.106958,9.428958,9.754457,10.086953,10.433454,10.790451,11.147449,11.514949,11.882447,12.267447,,17.5,17.5,0,0
0.292248,0.281748,0.266873,0.253748,0.240623,0.234061,0.220717,0.213061,0.205186,0.196327,0.189655,0.184296,0.180577,0.174233,0.169749,0.166577,0.162968,0.160124,0.157827,0.154436,0.153014,0.152358,0.150389,0.15028,0.149843,0.149624,0.148749,0.149733,0.150608,0.15203,0.153124,0.153452,0.155858,0.158702,0.160452,0.164171,0.167014,0.172046,0.175217,0.179155,0.184624,0.190202,0.195999,0.202889,0.20967,0.218092,0.227061,0.236248,0.246202,0.257905,0.271248,0.285576,0.300889,0.31817,0.336654,0.357545,0.37931,0.403482,0.430607,0.460904,0.492732,0.528388,0.567544,0.609762,0.656028,0.705246,0.75884,0.817902,0.881777,0.950027,1.02287,1.100745,1.183432,1.271588,1.363025,1.460368,1.56143,1.66818,1.777554,1.890428,2.005928,2.12274,2.240427,2.359427,2.479738,2.600488,2.718613,2.837612,2.955736,3.072986,3.187611,3.302235,3.416859,3.533234,3.653108,3.778232,3.906857,4.042482,4.184231,4.32948,4.47998,4.630479,4.782728,4.931477,5.069727,5.197477,5.307726,5.393475,5.452975,5.477475,5.472225,5.433726,5.361976,5.256977,5.129227,4.976977,4.803728,4.614729,4.41173,4.199981,3.988231,3.778233,3.569983,3.377484,3.193735,3.016986,2.852487,2.698487,2.556738,2.425488,2.306489,2.19974,2.10524,2.01949,1.940741,1.872491,1.809491,1.751742,1.702742,1.657242,1.615242,1.580242,1.548743,1.520743,1.490993,1.468243,1.445493,1.422743,1.405243,1.384243,1.370243,1.356243,1.342243,1.329994,1.319493,1.308994,1.300243,1.293244,1.286244,1.284494,1.282744,1.279244,1.277494,1.279244,1.280994,1.284494,1.287993,1.293244,1.300243,1.307243,1.317744,1.328244,1.338744,1.349243,1.363244,1.375493,1.389494,1.405243,1.420993,1.436743,1.455993,1.473493,1.492743,1.508493,1.529493,1.546993,1.566242,1.583742,1.601243,1.620492,1.636242,1.653742,1.667742,1.678242,1.688742,1.699242,1.706242,1.711491,1.716742,1.716742,1.714992,1.711492,1.702742,1.695742,1.683492,1.674742,1.660742,1.648492,1.632742,1.616992,1.601242,1.583742,1.567993,1.552243,1.536493,1.524242,1.510243,1.499742,1.489243,1.478743,1.469993,1.461244,1.455993,1.450743,1.450743,1.452493,1.454243,1.457743,1.464743,1.476993,1.489242,1.506742,1.527743,1.555742,1.585493,1.620492,1.662492,1.709742,1.760492,1.819991,1.882991,1.956491,2.036991,2.12624,2.222489,2.32574,2.435989,2.553239,2.677488,2.806987,2.941736,3.079985,3.219985,3.361734,3.498234,3.634733,3.760732,3.884982,3.996982,4.096731,4.192981,4.271731,4.34173,4.39423,4.43623,4.465979,4.48523,4.49573,4.49573,4.49398,4.488729,4.481729,4.469479,4.46073,4.44673,4.43798,4.43448,4.43798,4.44673,4.462479,4.48173,4.511479,4.546479,4.591979,4.640979,4.703978,4.775728,4.850978,4.941978,5.043476,5.155476,5.270976,5.396975,5.536975,5.687475,5.844974,6.012973,6.194973,6.383971,6.583471,6.796969,7.010469,7.241467,7.479465,7.727966,7.986965,8.252963,8.529461,8.809461,9.099959,9.397458,9.701957,10.016955,10.328453,10.646953,10.979451,11.31545,11.658447,11.997945,12.344446,,17.5,17.5,0,0
0.249811,0.240623,0.227061,0.216999,0.203217,0.194686,0.185389,0.178608,0.171389,0.165811,0.15728,0.151811,0.145577,0.142077,0.13814,0.133765,0.130702,0.128405,0.125561,0.123921,0.121515,0.120421,0.119327,0.118343,0.11714,0.118124,0.119327,0.119546,0.119765,0.12064,0.122499,0.12414,0.126436,0.129061,0.131796,0.135077,0.138468,0.142186,0.146561,0.151811,0.156296,0.162202,0.168764,0.175327,0.183202,0.191186,0.200045,0.209889,0.220936,0.232639,0.245983,0.261295,0.277483,0.295092,0.314889,0.336435,0.360607,0.38631,0.41442,0.447013,0.482232,0.520622,0.562513,0.60845,0.6592,0.713121,0.772621,0.837152,0.90737,0.983714,1.063995,1.150182,1.241619,1.338744,1.440243,1.545243,1.654617,1.769679,1.886929,2.005053,2.123615,2.244802,2.362927,2.477114,2.589988,2.698488,2.804362,2.903236,2.995986,3.084361,3.16486,3.23836,3.303985,3.367859,3.427359,3.485109,3.541109,3.598859,3.656608,3.714358,3.773858,3.835107,3.902482,3.969857,4.033731,4.096731,4.156231,4.206107,4.238481,4.254231,4.252481,4.23323,4.187731,4.117731,4.037232,3.937482,3.816733,3.680233,3.533234,3.380985,3.219985,3.057236,2.897987,2.743988,2.595238,2.451739,2.316989,2.189239,2.07024,1.958241,1.860241,1.767492,1.686992,1.613493,1.548742,1.485743,1.434993,1.385993,1.342243,1.305494,1.272244,1.244244,1.217994,1.195244,1.175994,1.156744,1.139245,1.125244,1.112994,1.100745,1.091995,1.081495,1.076245,1.069245,1.063995,1.058745,1.056995,1.056995,1.055245,1.055245,1.056995,1.062245,1.065745,1.072745,1.079745,1.086745,1.095494,1.105995,1.118245,1.132244,1.146245,1.161994,1.175994,1.193494,1.212744,1.231994,1.251244,1.273994,1.298494,1.322994,1.349243,1.371994,1.399993,1.426243,1.452493,1.482243,1.508493,1.538243,1.566243,1.592492,1.618743,1.644992,1.669492,1.688742,1.706242,1.725492,1.741242,1.753491,1.758742,1.765741,1.769242,1.767492,1.760491,1.753491,1.742992,1.730742,1.714992,1.699242,1.683492,1.664242,1.643242,1.620492,1.602992,1.583742,1.562742,1.545242,1.529493,1.511993,1.496243,1.480493,1.468243,1.457743,1.447243,1.440243,1.434993,1.434993,1.434993,1.436743,1.443743,1.455993,1.471743,1.487493,1.508493,1.541742,1.576743,1.616993,1.664242,1.714992,1.777991,1.849741,1.923241,2.00724,2.10524,2.213739,2.325739,2.442989,2.575988,2.717738,2.866487,3.015237,3.172736,3.342485,3.505234,3.664483,3.820232,3.977731,4.126481,4.25248,4.36798,4.47298,4.56923,4.640979,4.691728,4.731979,4.756478,4.761729,4.749479,4.731978,4.705729,4.677729,4.639229,4.598979,4.562229,4.525479,4.48523,4.44848,4.42573,4.40998,4.40123,4.39598,4.40473,4.42748,4.45898,4.492229,4.537729,4.602479,4.677729,4.765228,4.856229,4.966478,5.095976,5.228977,5.365476,5.519475,5.694474,5.883473,6.075973,6.275471,6.50647,6.74447,6.985969,7.237967,7.510967,7.801464,8.102464,8.399963,8.718461,9.06146,9.411457,9.757956,10.111455,10.485954,10.881451,11.269949,11.654947,12.064446,12.491442,12.911442,13.299941,13.719939,,10,20,0,0
0.240623,0.233623,0.218749,0.206499,0.197749,0.186811,0.178717,0.171061,0.164061,0.159139,0.15203,0.146671,0.140546,0.138249,0.135296,0.130593,0.129171,0.126655,0.124358,0.122608,0.120858,0.120858,0.120202,0.120311,0.120284,0.119983,0.12064,0.121515,0.123155,0.124468,0.126546,0.129061,0.132343,0.13464,0.138905,0.142514,0.146452,0.151921,0.156077,0.161546,0.167671,0.174342,0.181452,0.189546,0.198186,0.207811,0.21842,0.229467,0.242483,0.256373,0.271795,0.289076,0.307889,0.32867,0.350982,0.375592,0.40217,0.432794,0.465169,0.501154,0.540747,0.584169,0.630981,0.682496,0.73784,0.798652,0.864714,0.935589,1.012807,1.095495,1.183651,1.2764,1.375275,1.47743,1.585055,1.696617,1.812554,1.932866,2.054928,2.176552,2.299927,2.421989,2.541863,2.658238,2.771987,2.880487,2.982861,3.080861,3.17186,3.254985,3.32936,3.397609,3.458859,3.517484,3.568234,3.619858,3.672358,3.723983,3.775608,3.829857,3.889357,3.947982,4.008357,4.066981,4.123856,4.178106,4.220106,4.24723,4.254231,4.243731,4.208731,4.149231,4.066982,3.963732,3.844732,3.708233,3.559484,3.400234,3.232235,3.065986,2.896236,2.731738,2.572488,2.427239,2.288989,2.15949,2.03874,1.928491,1.826991,1.735991,1.653742,1.578492,1.513743,1.454243,1.401743,1.356244,1.314243,1.275744,1.244244,1.214494,1.188244,1.165494,1.146245,1.128745,1.112994,1.098995,1.084995,1.072745,1.060495,1.049995,1.042995,1.037745,1.032495,1.027245,1.021995,1.020245,1.018495,1.018495,1.020245,1.023745,1.027245,1.030745,1.039495,1.046495,1.055245,1.065745,1.076245,1.088495,1.102494,1.118245,1.135745,1.154994,1.172494,1.193494,1.212744,1.233744,1.259994,1.284494,1.308993,1.336993,1.363243,1.392993,1.420993,1.448993,1.476993,1.506743,1.534743,1.562743,1.592492,1.616992,1.643242,1.667742,1.688742,1.704492,1.723742,1.735992,1.748242,1.755242,1.760491,1.762242,1.758742,1.751742,1.742992,1.730742,1.714992,1.699242,1.681742,1.662492,1.643242,1.622242,1.601243,1.578492,1.557493,1.536492,1.520743,1.503243,1.485743,1.469993,1.455993,1.443743,1.433243,1.420993,1.415743,1.408743,1.406994,1.408743,1.412243,1.419243,1.427993,1.441993,1.461243,1.482243,1.510243,1.543493,1.583742,1.627492,1.679992,1.739492,1.804241,1.879491,1.956491,2.04749,2.14549,2.25049,2.367739,2.491988,2.621488,2.759737,2.904987,3.053736,3.209485,3.365234,3.520983,3.671484,3.818483,3.960232,4.086231,4.20173,4.30673,4.39248,4.464229,4.52198,4.562229,4.58848,4.597229,4.593729,4.577979,4.555229,4.523729,4.49048,4.46073,4.429229,4.39598,4.366229,4.34348,4.32773,4.315481,4.315481,4.32598,4.34698,4.37848,4.41873,4.469479,4.532479,4.604229,4.693479,4.796728,4.906979,5.029477,5.169477,5.316475,5.477475,5.645475,5.834474,6.030474,6.236972,6.460971,6.691969,6.943968,7.206466,7.472466,7.762964,8.056964,8.364962,8.686961,9.019459,9.372957,9.722956,10.104454,10.475453,10.867452,11.255949,11.658449,12.067945,12.484443,12.907942,13.348939,13.768937,14.209938,14.636935,,10,20,0,0
0.379748,0.370998,0.355248,0.336873,0.323748,0.314123,0.297936,0.289623,0.283936,0.270811,0.263155,0.252655,0.247405,0.245217,0.234498,0.230998,0.226186,0.22553,0.221155,0.216561,0.216889,0.214811,0.209014,0.211967,0.210436,0.212405,0.210108,0.208905,0.212842,0.217217,0.215577,0.215795,0.22203,0.224327,0.229905,0.23428,0.238764,0.242592,0.247842,0.253201,0.262498,0.271358,0.27967,0.287217,0.299029,0.309748,0.322654,0.337639,0.351529,0.369467,0.38631,0.408623,0.430826,0.457185,0.484638,0.516138,0.548731,0.584716,0.624747,0.67145,0.721434,0.77448,0.829496,0.892714,0.960527,1.034682,1.110807,1.195025,1.287119,1.382056,1.480274,1.58243,1.691804,1.803366,1.912741,2.023428,2.13849,2.25399,2.360739,2.462676,2.56505,2.659113,2.740487,2.813112,2.881361,2.942612,2.992486,3.030111,3.067736,3.100111,3.12286,3.140361,3.163111,3.19111,3.21736,3.25061,3.29436,3.35036,3.412484,3.476359,3.548109,3.625108,3.701233,3.762483,3.815858,3.860482,3.884982,3.874482,3.837733,3.782608,3.702108,3.591858,3.458859,3.316235,3.167485,3.008236,2.844612,2.684487,2.522613,2.369489,2.223365,2.081615,1.957366,1.841866,1.737742,1.644117,1.558368,1.478743,1.410493,1.349243,1.297619,1.245994,1.206619,1.170744,1.140119,1.11562,1.090244,1.06837,1.04912,1.03512,1.020245,1.00887,1.00012,0.99312,0.986995,0.979995,0.974745,0.97562,0.972995,0.969495,0.97212,0.97387,0.98262,0.981745,0.986995,0.99662,1.007995,1.018495,1.023745,1.039495,1.055245,1.070995,1.091995,1.11912,1.126995,1.148869,1.168119,1.195244,1.222369,1.248619,1.274869,1.305494,1.332619,1.363243,1.385118,1.420993,1.455993,1.480493,1.516368,1.545243,1.576742,1.603867,1.624868,1.650242,1.663367,1.676492,1.687867,1.688742,1.69202325,1.697492,1.693992,1.684367,1.686992,1.660742,1.634492,1.617867,1.599492,1.588993,1.577617,1.549617,1.529493,1.500618,1.491868,1.470868,1.458618,1.444618,1.422743,1.413994,1.409618,1.398243,1.395619,1.383369,1.371118,1.386868,1.359743,1.392118,1.425368,1.429743,1.458618,1.491868,1.509368,1.545243,1.586368,1.648492,1.696617,1.763117,1.847117,1.936366,2.02299,2.12449,2.26099,2.399239,2.504238,2.708988,2.864737,3.022236,3.221735,3.417734,3.659233,3.863982,4.054731,4.254231,4.44148,4.593729,4.759978,4.892978,5.017228,5.083727,5.158976,5.188726,5.204476,5.242977,5.193977,5.137977,5.059227,5.010227,4.929728,4.870228,4.780979,4.756479,4.674229,4.686478,4.65454125,4.626979,4.630479,4.635729,4.660228,4.726728,4.772229,4.894728,5.001477,5.102976,5.267475,5.442475,5.484475,5.704975,5.998973,6.177472,6.422471,6.712969,6.891469,7.167968,7.475966,7.850465,8.172463,8.595962,8.693961,8.79196,9.561957,9.498957,10.247953,10.84995,11.178951,11.553448,12.193945,12.795943,13.334939,13.845938,14.251936,14.720934,14.895933,15.707932,16.288926,16.701924,17.10092,17.576922,17.814918,18.507918,19.340914,19.984912,20.32791,20.964906,21.412902,21.881902,22.3019,22.686894,23.141896,23.617894,23.778892,24.814886,,10,20,0,0
0.286123,0.272123,0.260748,0.248498,0.236686,0.227498,0.217436,0.210874,0.203217,0.195014,0.188452,0.182108,0.176749,0.170624,0.170405,0.165046,0.161546,0.158046,0.156733,0.152905,0.153014,0.15028,0.149186,0.149077,0.149296,0.149514,0.148858,0.150389,0.15203,0.152468,0.154764,0.156186,0.157936,0.161327,0.165046,0.167671,0.171389,0.175436,0.180139,0.184952,0.190639,0.196874,0.203764,0.211202,0.219842,0.228264,0.237233,0.247842,0.259545,0.272342,0.287108,0.302858,0.319592,0.338842,0.359404,0.381826,0.406435,0.433779,0.463529,0.496888,0.532763,0.572247,0.615778,0.66259,0.71334,0.768684,0.829058,0.894683,0.964683,1.039932,1.12087,1.206838,1.2974,1.391681,1.49143,1.595555,1.701867,1.813429,1.926741,2.041803,2.157303,2.27149,2.383051,2.494176,2.601363,2.703737,2.800862,2.895362,2.982861,3.063361,3.13686,3.20336,3.265485,3.32236,3.373985,3.427359,3.478984,3.531484,3.583984,3.636483,3.693358,3.752858,3.809732,3.868357,3.924357,3.978606,4.022357,4.052981,4.067856,4.066981,4.044232,3.996981,3.932232,3.848232,3.748482,3.634733,3.503484,3.365234,3.218235,3.062486,2.913736,2.763237,2.612738,2.476238,2.343239,2.21899,2.10174,1.991491,1.893491,1.798992,1.714992,1.639742,1.571493,1.511993,1.457743,1.410493,1.366743,1.326493,1.293244,1.261744,1.233744,1.212744,1.191744,1.174244,1.156744,1.142744,1.126995,1.114745,1.104245,1.093745,1.086745,1.079745,1.072744,1.069245,1.065745,1.062245,1.060495,1.058745,1.058745,1.062245,1.065745,1.072745,1.077995,1.084995,1.091995,1.102495,1.112994,1.123495,1.135745,1.149744,1.165494,1.182994,1.200494,1.219744,1.237244,1.258244,1.280994,1.303744,1.328244,1.356244,1.380743,1.408743,1.434993,1.461243,1.489243,1.518993,1.545243,1.574992,1.602992,1.630992,1.655492,1.678242,1.699242,1.720242,1.735992,1.749992,1.760491,1.770992,1.776242,1.779742,1.776242,1.772741,1.763992,1.753491,1.739492,1.725492,1.711492,1.695742,1.676492,1.658992,1.637992,1.618742,1.601242,1.580242,1.564493,1.548743,1.534743,1.520743,1.506743,1.496243,1.485743,1.478743,1.473493,1.469993,1.468243,1.471743,1.476993,1.483993,1.494493,1.510243,1.529493,1.553992,1.583742,1.618742,1.662492,1.707992,1.765742,1.825241,1.891741,1.970491,2.05449,2.150741,2.25399,2.365989,2.488488,2.619737,2.756237,2.901487,3.053736,3.207735,3.370484,3.531484,3.695983,3.855232,4.005732,4.150981,4.285731,4.40998,4.520229,4.611229,4.693479,4.756479,4.803728,4.835228,4.850977,4.854478,4.843978,4.828228,4.803728,4.777478,4.754728,4.724979,4.696979,4.672478,4.651479,4.635728,4.62873,4.62873,4.644479,4.663729,4.695229,4.733728,4.784479,4.845728,4.917478,5.001477,5.095976,5.204476,5.323475,5.456474,5.603474,5.753975,5.921974,6.100472,6.296472,6.499471,6.71647,6.940469,7.185467,7.437467,7.706966,7.979963,8.263463,8.567962,8.87596,9.19796,9.530457,9.873455,10.223454,10.576953,10.94795,11.325951,11.703947,12.092445,12.480943,12.886943,13.271942,13.67794,14.083935,14.496934,,10,20,0,0
0.248936,0.242373,0.227936,0.215249,0.206061,0.197092,0.189217,0.180796,0.175108,0.168655,0.161546,0.156624,0.151483,0.146999,0.143171,0.140546,0.137702,0.135843,0.133108,0.131686,0.128624,0.127421,0.127311,0.126327,0.12589,0.126218,0.126655,0.12764,0.128624,0.129061,0.130593,0.132015,0.134311,0.136061,0.139233,0.142843,0.145796,0.149952,0.153233,0.157827,0.162639,0.168436,0.174342,0.181671,0.188452,0.196874,0.204967,0.21492,0.225639,0.237233,0.250139,0.264686,0.280654,0.297826,0.316967,0.337967,0.360607,0.385873,0.413545,0.444935,0.478185,0.514825,0.555622,0.5997,0.647059,0.699231,0.756215,0.817246,0.883746,0.955714,1.03162,1.112994,1.198744,1.28865,1.383806,1.48093,1.582867,1.688742,1.797679,1.908803,2.018616,2.129302,2.240427,2.349364,2.456114,2.559801,2.659988,2.758862,2.849862,2.937362,3.019611,3.095735,3.166611,3.23311,3.29786,3.361734,3.423859,3.486859,3.548983,3.611983,3.677608,3.744108,3.813232,3.878857,3.943607,4.007482,4.064356,4.108982,4.136981,4.150106,4.143981,4.114231,4.065232,3.998732,3.912982,3.809733,3.688983,3.557734,3.412484,3.260235,3.104486,2.948737,2.794737,2.645988,2.505988,2.372989,2.243489,2.12099,2.010741,1.905741,1.811242,1.723742,1.648492,1.578492,1.515493,1.459493,1.408743,1.363243,1.321244,1.286244,1.254744,1.226744,1.203994,1.184744,1.163744,1.146244,1.130494,1.114745,1.102494,1.090245,1.081495,1.070995,1.065745,1.058745,1.051745,1.048245,1.042995,1.042995,1.041245,1.039495,1.044745,1.046494,1.051745,1.055245,1.060495,1.067495,1.076245,1.084995,1.097245,1.107745,1.121744,1.133994,1.149744,1.167244,1.182994,1.202244,1.219744,1.242494,1.263494,1.284494,1.308994,1.333493,1.357993,1.380743,1.406993,1.431493,1.455993,1.480493,1.506743,1.531242,1.552243,1.574993,1.594242,1.613492,1.632742,1.644992,1.658992,1.667742,1.676492,1.679992,1.681742,1.681742,1.676492,1.669492,1.660742,1.650242,1.637992,1.622242,1.609992,1.592492,1.574993,1.557493,1.539993,1.524242,1.506743,1.490993,1.476993,1.464743,1.450743,1.440243,1.426243,1.419243,1.410493,1.403493,1.401743,1.401744,1.401743,1.406993,1.415743,1.424493,1.436743,1.457743,1.480493,1.510243,1.543493,1.580242,1.623992,1.674742,1.728992,1.791991,1.861991,1.942491,2.02824,2.12099,2.22424,2.334489,2.453489,2.575988,2.707238,2.845487,2.983737,3.130736,3.274235,3.419484,3.559484,3.692483,3.821983,3.939232,4.045982,4.138731,4.22448,4.297981,4.35223,4.39423,4.43098,4.44848,4.45723,4.45723,4.44848,4.44323,4.42573,4.41348,4.399481,4.38548,4.37148,4.35923,4.35573,4.35748,4.36623,4.38198,4.40823,4.444979,4.48523,4.534229,4.598979,4.674229,4.756478,4.849227,4.959477,5.081976,5.207977,5.347976,5.498475,5.666475,5.841473,6.026973,6.233472,6.450472,6.667471,6.905469,7.153967,7.423466,7.692965,7.976464,8.280962,8.595962,8.91796,9.260959,9.600457,9.964455,10.328453,10.692453,11.077451,11.476448,11.868448,12.263945,12.673441,13.082939,13.502939,13.908937,,10,20,0,0
0.355248,0.339498,0.325498,0.309748,0.299248,0.287873,0.277373,0.267748,0.256373,0.250686,0.242811,0.235811,0.231436,0.224873,0.220061,0.214811,0.213936,0.209561,0.206499,0.20278,0.202342,0.199499,0.198624,0.198405,0.197092,0.197749,0.198842,0.19917,0.199717,0.201467,0.202452,0.204967,0.207702,0.210327,0.214155,0.217764,0.222139,0.225858,0.231217,0.236686,0.242811,0.249811,0.25692,0.265233,0.274639,0.284045,0.295092,0.306576,0.319811,0.335014,0.351639,0.370123,0.389701,0.411904,0.436623,0.463201,0.492622,0.525435,0.561638,0.602106,0.645965,0.694309,0.747465,0.805762,0.867777,0.935808,1.010839,1.091995,1.179932,1.273556,1.373306,1.479618,1.589867,1.706679,1.828304,1.953866,2.083365,2.216365,2.348052,2.481489,2.613613,2.740487,2.862112,2.980236,3.092236,3.19461,3.289985,3.37661,3.455359,3.522734,3.578733,3.628608,3.674108,3.713483,3.748483,3.786983,3.828982,3.874482,3.923482,3.975982,4.033731,4.097606,4.162356,4.223606,4.28048,4.32948,4.364481,4.37323,4.35923,4.32248,4.254231,4.159731,4.035482,3.897232,3.743233,3.573483,3.396735,3.214735,3.029236,2.848987,2.673987,2.507738,2.351989,2.21024,2.08074,1.961741,1.854992,1.755242,1.665992,1.588993,1.518993,1.455993,1.401743,1.356243,1.314244,1.277494,1.244244,1.216244,1.186494,1.165495,1.146244,1.130495,1.114745,1.104245,1.091995,1.079745,1.070994,1.063995,1.058745,1.053495,1.049995,1.048245,1.048245,1.048245,1.049995,1.053495,1.056995,1.065745,1.070994,1.081495,1.093745,1.105995,1.119994,1.135745,1.151494,1.170744,1.189994,1.209244,1.233744,1.258244,1.284494,1.310744,1.338744,1.366743,1.396493,1.427993,1.457743,1.492743,1.525993,1.559243,1.592492,1.623992,1.655492,1.685242,1.711492,1.737742,1.758742,1.777992,1.793742,1.807741,1.812992,1.816492,1.814741,1.807741,1.798992,1.786741,1.770992,1.753492,1.734242,1.711492,1.686992,1.660742,1.634492,1.609992,1.583742,1.560992,1.538243,1.517243,1.497993,1.475243,1.459493,1.443743,1.429743,1.417493,1.406994,1.403493,1.398243,1.399993,1.399993,1.406993,1.417493,1.431493,1.448993,1.475243,1.506743,1.545243,1.588993,1.637992,1.697492,1.765741,1.842741,1.930241,2.02649,2.13849,2.25749,2.385238,2.526988,2.677488,2.840237,3.008236,3.184985,3.370485,3.557734,3.743233,3.926982,4.108981,4.280481,4.43623,4.576229,4.703978,4.808978,4.894728,4.955978,4.994476,5.011977,5.003228,4.978728,4.936727,4.877228,4.814228,4.745979,4.674229,4.600729,4.53248,4.464229,4.40473,4.35573,4.31723,4.289231,4.278731,4.280481,4.29623,4.32248,4.35923,4.41348,4.48348,4.563979,4.656728,4.768728,4.894727,5.034727,5.190476,5.351475,5.533475,5.725974,5.942974,6.163473,6.40847,6.670971,6.943968,7.227468,7.517966,7.829465,8.158463,8.497962,8.84096,9.21196,9.596956,9.981955,10.384454,10.790451,11.21395,11.647946,12.078445,12.554443,13.023442,13.492439,13.964938,14.433934,14.902933,15.378931,15.854928,16.330926,16.792924,17.275922,17.75192,18.220916,18.668916,19.130914,19.578912,,10,20,0,0
0.280873,0.264248,0.247623,0.235811,0.220499,0.207811,0.196874,0.186155,0.178499,0.169858,0.160889,0.156077,0.150499,0.143171,0.139999,0.134749,0.131468,0.128733,0.126436,0.123374,0.123155,0.120093,0.118999,0.118233,0.118233,0.117468,0.118015,0.118671,0.120093,0.119874,0.121733,0.123046,0.125124,0.128186,0.130265,0.133655,0.137374,0.140655,0.144811,0.148421,0.154327,0.159905,0.166249,0.173577,0.181124,0.189217,0.198405,0.208795,0.219842,0.231983,0.245983,0.261295,0.277811,0.295858,0.315217,0.336873,0.360607,0.385763,0.413763,0.444935,0.478076,0.513732,0.551794,0.593356,0.638309,0.684575,0.733903,0.787059,0.843714,0.90212,0.962058,1.025276,1.08937,1.154994,1.220182,1.286681,1.354056,1.421868,1.487493,1.55443,1.620055,1.686117,1.749554,1.813429,1.881241,1.949491,2.022115,2.09999,2.186177,2.282427,2.387427,2.505988,2.640738,2.796487,2.968861,3.163985,3.379234,3.616358,3.864857,4.122981,4.388105,4.654979,4.907853,5.143227,5.355851,5.542225,5.683974,5.783724,5.832723,5.836224,5.792473,5.694474,5.559725,5.389975,5.197477,4.978728,4.744228,4.50098,4.24898,3.998732,3.750233,3.513984,3.286485,3.076486,2.876987,2.691488,2.519989,2.358989,2.21199,2.07899,1.956491,1.842741,1.748242,1.657242,1.576743,1.503243,1.438493,1.378993,1.322994,1.275744,1.231994,1.193494,1.158494,1.126994,1.095494,1.070995,1.044745,1.020245,1.000995,0.979995,0.964245,0.946745,0.932745,0.920495,0.908245,0.899496,0.888995,0.883745,0.876745,0.873246,0.871496,0.8710585,0.869746,0.869746,0.871495,0.873246,0.878495,0.880246,0.887246,0.892496,0.901245,0.908245,0.916996,0.923995,0.932745,0.943245,0.950245,0.958995,0.971245,0.979995,0.992245,1.000995,1.011495,1.021995,1.028995,1.037745,1.042995,1.051745,1.060495,1.063995,1.069245,1.069245,1.070995,1.070995,1.069245,1.063995,1.062245,1.058745,1.051745,1.044745,1.037745,1.028995,1.018495,1.009745,0.999245,0.990495,0.983495,0.974745,0.964245,0.957245,0.948495,0.939745,0.934496,0.930995,0.927495,0.925745,0.922245,0.922246,0.923996,0.925745,0.930995,0.936246,0.943245,0.953745,0.965995,0.979995,0.997495,1.016745,1.039495,1.065745,1.095494,1.128745,1.167244,1.210994,1.261744,1.312494,1.371993,1.438493,1.511993,1.588993,1.674742,1.767492,1.867241,1.973991,2.08424,2.203239,2.325739,2.449988,2.572488,2.694988,2.817487,2.936487,3.048486,3.146486,3.237485,3.316235,3.380984,3.433484,3.470234,3.498234,3.515734,3.522734,3.522734,3.517484,3.510484,3.498234,3.489484,3.482484,3.480734,3.485984,3.503484,3.526234,3.559484,3.599733,3.650483,3.713483,3.790483,3.876232,3.974232,4.084482,4.21048,4.34348,4.49048,4.651479,4.824728,5.010228,5.209727,5.423225,5.652474,5.892222,6.142471,6.408471,6.68847,6.978969,7.279966,7.598466,7.934463,8.273963,8.630962,8.994961,9.376458,9.771956,10.163955,10.573453,11.00045,11.434449,11.875446,12.326944,12.778442,13.243942,13.705936,14.153937,14.629935,15.112931,15.58893,16.078929,16.554924,17.044924,17.506922,17.982918,,20,10,0,0
0.308873,0.294873,0.277373,0.263373,0.247623,0.233186,0.222467,0.211092,0.203436,0.193483,0.185827,0.180796,0.172921,0.165593,0.161874,0.157499,0.153999,0.150827,0.147546,0.144374,0.142186,0.140764,0.138905,0.139015,0.138249,0.137265,0.137811,0.137374,0.137155,0.138468,0.138249,0.13989,0.140983,0.143499,0.146452,0.147655,0.151155,0.154436,0.157827,0.161874,0.165702,0.170952,0.176202,0.182764,0.189217,0.196217,0.204202,0.212514,0.222358,0.23253,0.243905,0.25703,0.270811,0.286123,0.302311,0.320139,0.339607,0.360935,0.383576,0.40917,0.436513,0.466044,0.497435,0.53145,0.568091,0.607028,0.649028,0.692668,0.739371,0.789027,0.840871,0.895121,0.951776,1.009526,1.069026,1.129182,1.191744,1.256056,1.320806,1.386431,1.451618,1.516805,1.583305,1.650242,1.719367,1.789804,1.863741,1.942928,2.02649,2.118803,2.218115,2.329239,2.451739,2.590425,2.744862,2.918987,3.109736,3.32061,3.546359,3.783483,4.025856,4.270856,4.511479,4.738104,4.948102,5.130102,5.278851,5.389976,5.452975,5.473975,5.445976,5.379476,5.265726,5.120477,4.950728,4.759978,4.548229,4.327731,4.096732,3.865732,3.636484,3.414235,3.202485,3.004736,2.819237,2.644237,2.481488,2.329239,2.19099,2.06324,1.945991,1.839241,1.746492,1.660742,1.581993,1.513743,1.448993,1.391243,1.340494,1.291494,1.251244,1.210994,1.179494,1.147994,1.118245,1.090245,1.065745,1.042995,1.021995,1.000995,0.985245,0.969495,0.955495,0.941495,0.930995,0.922245,0.911745,0.904746,0.897746,0.892496,0.888995,0.887246,0.887246,0.887246,0.887246,0.888995,0.890745,0.894246,0.901245,0.904745,0.911746,0.918745,0.923995,0.934495,0.939745,0.946745,0.955495,0.964245,0.974745,0.983495,0.992245,0.999245,1.007995,1.018495,1.023745,1.032495,1.039495,1.044745,1.049995,1.055245,1.058745,1.062245,1.062245,1.062245,1.060495,1.056995,1.055245,1.051745,1.046494,1.041245,1.034245,1.025495,1.018495,1.009745,1.000995,0.993995,0.983495,0.976495,0.967745,0.960745,0.951995,0.946745,0.941496,0.937995,0.932745,0.932745,0.932745,0.932745,0.932745,0.932745,0.936245,0.943245,0.950245,0.958995,0.972995,0.986995,1.002745,1.021995,1.046495,1.072745,1.100744,1.132244,1.172495,1.214494,1.265244,1.315994,1.375493,1.440243,1.513743,1.592492,1.676492,1.770992,1.870741,1.979241,2.09299,2.21374,2.341489,2.470988,2.602238,2.733487,2.869987,3.001237,3.127235,3.246235,3.359985,3.457984,3.547234,3.624233,3.688983,3.741483,3.785233,3.820232,3.846482,3.867483,3.879732,3.891982,3.902482,3.919982,3.935732,3.963732,3.995232,4.038981,4.087981,4.143981,4.212231,4.28923,4.378479,4.476479,4.59023,4.712729,4.849227,4.990978,5.146727,5.311226,5.487976,5.678725,5.879973,6.088223,6.31397,6.548471,6.79347,7.038468,7.307967,7.573967,7.864465,8.154963,8.455962,8.774461,9.099959,9.432457,9.771956,10.125454,10.485953,10.853451,11.227949,11.623447,12.018945,12.424946,12.841443,13.250941,13.68144,14.111938,14.531935,14.965932,15.406931,15.861931,16.323929,16.771924,17.226924,17.68192,,20,10,0,0
0.243248,0.231873,0.216999,0.206499,0.193811,0.183749,0.174999,0.167561,0.158811,0.153233,0.144921,0.140655,0.135843,0.13103,0.127968,0.125452,0.123265,0.120311,0.11878,0.117358,0.115718,0.113968,0.11353,0.113312,0.113968,0.113749,0.114515,0.115171,0.116374,0.117686,0.120093,0.121733,0.12414,0.126327,0.12939,0.13289,0.136827,0.140655,0.145905,0.150718,0.155968,0.162421,0.16953,0.177842,0.185608,0.195671,0.205186,0.216233,0.228702,0.242264,0.257795,0.274639,0.292904,0.31292,0.334576,0.35842,0.384123,0.411904,0.442748,0.476654,0.513185,0.551794,0.594122,0.639075,0.687528,0.737621,0.792746,0.849621,0.910214,0.973214,1.038182,1.105338,1.173588,1.242275,1.311619,1.380306,1.449431,1.51943,1.588555,1.657242,1.725492,1.793304,1.858929,1.928491,1.999803,2.074178,2.155115,2.243927,2.343239,2.453051,2.57555,2.715112,2.872611,3.051111,3.247985,3.466734,3.705608,3.956732,4.219231,4.486104,4.751229,5.006727,5.242102,5.451225,5.629724,5.776724,5.876473,5.927223,5.930723,5.886974,5.790724,5.652474,5.480976,5.279726,5.059227,4.821228,4.576229,4.32248,4.070482,3.818483,3.575234,3.344235,3.125486,2.925986,2.736988,2.561988,2.400988,2.250489,2.11399,1.989741,1.875991,1.772741,1.679992,1.597742,1.522493,1.454243,1.392994,1.338743,1.287993,1.244244,1.200494,1.167244,1.133994,1.104245,1.076245,1.051745,1.027245,1.004495,0.983495,0.965995,0.951995,0.936245,0.923996,0.911746,0.902995,0.892496,0.885495,0.878495,0.874996,0.869746,0.869746,0.869746,0.869746,0.869746,0.873246,0.876746,0.881996,0.885496,0.890745,0.897745,0.904745,0.913495,0.920495,0.929246,0.937995,0.946745,0.957245,0.965995,0.976495,0.986995,0.997495,1.004495,1.013245,1.021995,1.030745,1.037745,1.042995,1.049995,1.053495,1.056995,1.060495,1.060495,1.058745,1.056995,1.053495,1.049995,1.044745,1.037745,1.032495,1.023745,1.014995,1.006245,0.995745,0.985245,0.976495,0.965995,0.957245,0.950245,0.943245,0.932745,0.927495,0.920495,0.916996,0.909996,0.906496,0.904746,0.904746,0.904745,0.906496,0.909995,0.915245,0.922245,0.929246,0.939745,0.951995,0.965995,0.983495,1.002745,1.027245,1.053495,1.081495,1.114744,1.153245,1.195244,1.242494,1.294993,1.352744,1.415743,1.483993,1.559243,1.641492,1.728992,1.823491,1.924991,2.03174,2.14024,2.253989,2.367739,2.483238,2.596988,2.710738,2.815737,2.915487,3.008237,3.088736,3.153486,3.212985,3.256735,3.288235,3.310985,3.324985,3.335485,3.337234,3.335484,3.330235,3.330235,3.328485,3.331985,3.338984,3.358235,3.382735,3.415984,3.459734,3.512233,3.571734,3.643483,3.725732,3.814983,3.926982,4.042482,4.17198,4.31198,4.46248,4.62873,4.801978,4.992728,5.199226,5.410975,5.641975,5.885223,6.138973,6.40847,6.68147,6.975468,7.279967,7.594965,7.927465,8.263462,8.620461,8.984459,9.358958,9.743957,10.142955,10.559452,10.975952,11.413448,11.857946,12.316445,12.774943,13.24394,13.709439,14.202935,14.678933,15.147931,15.637932,16.113927,16.596925,17.065926,17.54192,18.02492,,20,10,0,0
0.266873,0.255498,0.240623,0.229248,0.215686,0.203436,0.194249,0.184842,0.177405,0.172264,0.163296,0.157718,0.151811,0.147874,0.142733,0.139233,0.13628,0.133327,0.129936,0.128515,0.126327,0.124686,0.122608,0.122718,0.121624,0.121077,0.120311,0.119983,0.121405,0.120968,0.121733,0.123483,0.125124,0.126546,0.128405,0.13114,0.13289,0.135186,0.139671,0.142077,0.145796,0.150171,0.154983,0.160671,0.166468,0.172155,0.178717,0.186592,0.194577,0.203655,0.214045,0.225092,0.237452,0.251123,0.265451,0.281311,0.298811,0.317951,0.338514,0.361592,0.38642,0.413545,0.443294,0.475232,0.509794,0.546981,0.587341,0.630653,0.677684,0.728215,0.780934,0.836496,0.896214,0.957683,1.022651,1.089151,1.159588,1.232869,1.306806,1.384025,1.460368,1.539993,1.619617,1.700117,1.783241,1.867241,1.954303,2.044865,2.138053,2.23649,2.340176,2.449551,2.569863,2.701113,2.848112,3.009111,3.186735,3.384485,3.597984,3.824607,4.066982,4.31898,4.574479,4.825603,5.069727,5.300726,5.505475,5.676974,5.809974,5.900973,5.946473,5.941223,5.892223,5.799474,5.673474,5.510725,5.318226,5.101227,4.864978,4.619979,4.36798,4.119481,3.872732,3.639983,3.417734,3.209485,3.009986,2.820987,2.647738,2.488488,2.343239,2.20674,2.08774,1.979241,1.879491,1.790242,1.707992,1.634492,1.566242,1.508493,1.450743,1.403493,1.361493,1.321243,1.284494,1.251244,1.219744,1.191744,1.165495,1.139245,1.118245,1.095495,1.077994,1.060495,1.044745,1.028995,1.014995,1.002745,0.992245,0.981745,0.976495,0.971245,0.965995,0.964245,0.960745,0.960745,0.960745,0.960745,0.962495,0.969495,0.971245,0.976495,0.981745,0.988745,0.995745,1.002745,1.009745,1.018495,1.028995,1.037745,1.048245,1.056995,1.065745,1.076245,1.084995,1.091995,1.102494,1.109495,1.118245,1.125245,1.132244,1.137494,1.139244,1.142744,1.144494,1.146244,1.146244,1.144494,1.142744,1.139245,1.133994,1.128745,1.119994,1.112994,1.100745,1.090244,1.081495,1.070995,1.062245,1.051745,1.041245,1.032495,1.021995,1.013245,1.004495,0.997495,0.995745,0.988745,0.983495,0.983495,0.981745,0.9830575,0.983495,0.983495,0.988745,0.995745,1.004495,1.013245,1.027245,1.041245,1.058745,1.081495,1.104245,1.132244,1.161994,1.198744,1.238994,1.280994,1.329994,1.382493,1.441993,1.504993,1.576743,1.650242,1.734242,1.821741,1.916241,2.012491,2.11574,2.22249,2.33099,2.441239,2.551488,2.659988,2.764987,2.864737,2.955736,3.039736,3.113236,3.174486,3.233985,3.281235,3.317985,3.345985,3.372234,3.386235,3.394985,3.405485,3.414235,3.426485,3.442234,3.459734,3.484234,3.512233,3.543734,3.583984,3.634733,3.692483,3.758983,3.839482,3.926982,4.026731,4.133482,4.250731,4.38023,4.520229,4.672478,4.838728,5.017228,5.202726,5.402226,5.608725,5.834474,6.061973,6.306971,6.56247,6.82847,7.111968,7.398966,7.699965,8.011463,8.336963,8.669461,9.01246,9.369458,9.736957,10.118454,10.496453,10.905951,11.308449,11.717946,12.127446,12.550943,12.981442,13.418941,13.859937,14.300935,14.741936,15.182933,15.623931,,20,10,0,0
0.398998,0.388498,0.374498,0.358748,0.348248,0.335998,0.325498,0.316748,0.306248,0.297498,0.290498,0.283498,0.277373,0.272998,0.267748,0.263373,0.260748,0.257248,0.253748,0.251998,0.249373,0.246748,0.245873,0.244123,0.243248,0.242373,0.241498,0.241498,0.2419355,0.242373,0.242373,0.242373,0.244123,0.245436,0.247623,0.248936,0.250686,0.252436,0.255498,0.258123,0.261623,0.265998,0.270373,0.275623,0.281529,0.286779,0.293561,0.30067,0.307889,0.316748,0.326482,0.337967,0.349889,0.362904,0.377232,0.393091,0.410154,0.428748,0.449529,0.472716,0.497654,0.524341,0.553763,0.585809,0.619715,0.656356,0.695184,0.737512,0.783012,0.830808,0.879589,0.932964,0.98787,1.044307,1.101838,1.161119,1.221275,1.282525,1.344212,1.406337,1.467806,1.529055,1.58943,1.651555,1.715429,1.779742,1.846241,1.917553,1.995428,2.078553,2.16649,2.267114,2.382614,2.510801,2.653425,2.816612,2.997736,3.197236,3.408984,3.628608,3.857857,4.086231,4.302356,4.499229,4.679479,4.829978,4.936727,4.998852,5.017228,4.989227,4.917477,4.801978,4.653229,4.47648,4.28223,4.068731,3.848232,3.624233,3.396734,3.176235,2.967986,2.770237,2.582988,2.413239,2.257489,2.11574,1.986241,1.865491,1.758742,1.664242,1.574993,1.497993,1.431493,1.373743,1.317744,1.268744,1.224994,1.186494,1.151494,1.118245,1.088494,1.063995,1.041245,1.021995,1.000995,0.981745,0.965996,0.950245,0.937995,0.925745,0.915246,0.908245,0.897746,0.894246,0.888995,0.883745,0.880246,0.880245,0.880246,0.881558,0.881996,0.883745,0.887246,0.892495,0.895995,0.902995,0.908245,0.915245,0.925745,0.934495,0.941495,0.951995,0.960745,0.971245,0.981745,0.990495,1.000995,1.007995,1.018495,1.028995,1.037745,1.044745,1.051745,1.058745,1.062245,1.065745,1.067495,1.069245,1.069245,1.067495,1.062245,1.060495,1.053495,1.046494,1.037745,1.028995,1.023745,1.013245,1.004495,0.995745,0.986995,0.979995,0.971245,0.960745,0.955495,0.948495,0.944995,0.939745,0.936245,0.934495,0.930995,0.929245,0.932745,0.934495,0.937995,0.944995,0.953745,0.962495,0.974745,0.986995,1.002745,1.023745,1.044745,1.070995,1.098995,1.130495,1.170745,1.209244,1.254744,1.305494,1.361493,1.424493,1.490993,1.566242,1.648492,1.734242,1.825241,1.916241,2.01774,2.12099,2.22424,2.325739,2.430739,2.533988,2.630238,2.719487,2.801737,2.876987,2.941736,2.997736,3.044986,3.085236,3.116736,3.141236,3.158735,3.170986,3.181485,3.190235,3.198985,3.209485,3.225235,3.247985,3.274235,3.309235,3.347734,3.393234,3.449234,3.519234,3.594483,3.683733,3.783482,3.893732,4.014482,4.140481,4.28223,4.436231,4.598979,4.770479,4.959478,5.160727,5.374226,5.592974,5.823974,6.068972,6.326221,6.590471,6.870469,7.160968,7.468967,7.783965,8.102463,8.431463,8.777961,9.127959,9.481457,9.845455,10.223455,10.618952,11.00395,11.399449,11.801946,12.211444,12.624443,13.044442,13.47844,13.912437,14.349936,14.783933,15.231933,15.66593,16.099928,16.533926,16.960922,17.40192,17.828918,18.25592,18.668916,19.095912,19.515912,19.91491,,20,10,0,0
0.377998,0.367498,0.353498,0.339498,0.328998,0.313248,0.302748,0.293998,0.283498,0.278248,0.269498,0.264248,0.257248,0.253748,0.250248,0.246748,0.241498,0.237123,0.234498,0.231873,0.229248,0.227499,0.226623,0.225748,0.224873,0.224874,0.224873,0.22487375,0.224874,0.224874,0.225748,0.226623,0.229248,0.230123,0.232748,0.234061,0.236686,0.239748,0.242373,0.245873,0.250248,0.255061,0.26053,0.265561,0.271467,0.278467,0.286233,0.293998,0.302967,0.313029,0.324732,0.337311,0.35131,0.366404,0.382154,0.40042,0.420654,0.44231,0.466482,0.493279,0.522482,0.554419,0.588981,0.625731,0.666528,0.710278,0.758074,0.809261,0.864714,0.923777,0.986558,1.051526,1.118901,1.189776,1.263056,1.336775,1.410493,1.488587,1.565805,1.644117,1.720242,1.795491,1.872054,1.948616,2.024303,2.099553,2.180927,2.26624,2.355489,2.449989,2.554551,2.673112,2.807862,2.956611,3.123736,3.321485,3.537609,3.771233,4.020606,4.284855,4.557854,4.823853,5.074977,5.307726,5.514225,5.680474,5.792474,5.855473,5.862473,5.813474,5.706724,5.547475,5.353226,5.125727,4.877228,4.609479,4.33648,4.063482,3.788733,3.524484,3.275985,3.041486,2.824487,2.626738,2.449988,2.285489,2.13849,2.00374,1.884741,1.777992,1.679992,1.592492,1.520743,1.455993,1.396493,1.343994,1.296744,1.252994,1.214495,1.181244,1.149744,1.123495,1.097245,1.076245,1.053495,1.035995,1.018495,1.002745,0.988745,0.976495,0.964245,0.955495,0.950245,0.943245,0.939745,0.936245,0.934496,0.932745,0.932745,0.934495,0.939745,0.944995,0.948495,0.955495,0.960745,0.969495,0.976495,0.985245,0.995745,1.004495,1.016745,1.027245,1.037745,1.048245,1.058745,1.067495,1.076245,1.088494,1.098995,1.107744,1.116495,1.125244,1.130495,1.135745,1.137494,1.139244,1.140995,1.140995,1.137494,1.133994,1.128745,1.121744,1.112994,1.102494,1.093745,1.081495,1.074495,1.062245,1.051745,1.042995,1.030745,1.021995,1.011495,1.004495,0.997495,0.988745,0.986995,0.981745,0.978245,0.978245,0.976495,0.976495,0.979995,0.983495,0.990495,0.999245,1.009745,1.023745,1.037745,1.055245,1.076245,1.100744,1.126994,1.156744,1.195244,1.235494,1.280994,1.329994,1.384243,1.448993,1.513743,1.588992,1.669492,1.758742,1.856741,1.956491,2.05974,2.16824,2.283739,2.400988,2.512989,2.628487,2.742237,2.848987,2.950486,3.041486,3.123736,3.195485,3.256735,3.303985,3.344234,3.379234,3.405484,3.421234,3.433484,3.442234,3.456234,3.466734,3.475484,3.496484,3.527984,3.561234,3.603233,3.655733,3.720483,3.792233,3.877983,3.974232,4.086231,4.213981,4.352231,4.50798,4.667229,4.842228,5.031227,5.230726,5.447726,5.680475,5.930723,6.187971,6.460971,6.74797,7.048969,7.363966,7.689465,8.032463,8.396463,8.77446,9.14896,9.547956,9.960956,10.373953,10.804451,11.24195,11.689948,12.144946,12.624444,13.089943,13.572939,14.062938,14.559933,15.056934,15.546931,16.050926,16.568927,17.086926,17.583918,18.094918,18.619916,19.102914,19.585912,20.08291,20.57291,21.048904,21.510904,21.979902,22.441898,22.882898,23.302896,23.715894,,20,10,0,0